subject_iri,relation,object_iri,subject_label,object_label
http://healthcarekg.org/ontology/otosclerosis,hasSymptom,http://healthcarekg.org/ontology/hearing_loss,"otosclerosis","Hearing Loss"
http://healthcarekg.org/ontology/head_and_neck_cancer,hasSymptom,http://healthcarekg.org/ontology/horner_syndrome,"head and neck cancer","Horner Syndrome"
http://healthcarekg.org/ontology/creutzfeldt_jakob_disease,hasSymptom,http://healthcarekg.org/ontology/hemifacial_spasm,"Creutzfeldt-Jakob disease","Hemifacial Spasm"
http://healthcarekg.org/ontology/glaucoma,treatedBy,http://healthcarekg.org/ontology/brinzolamide,"glaucoma","Brinzolamide"
http://healthcarekg.org/ontology/polycystic_ovary_syndrome,hasSymptom,http://healthcarekg.org/ontology/dysmenorrhea,"polycystic ovary syndrome","Dysmenorrhea"
http://healthcarekg.org/ontology/rheumatoid_arthritis,hasSymptom,http://healthcarekg.org/ontology/fever,"rheumatoid arthritis","Fever"
http://healthcarekg.org/ontology/hypertension,treatedBy,http://healthcarekg.org/ontology/carvedilol,"hypertension","Carvedilol"
http://healthcarekg.org/ontology/type_1_diabetes_mellitus,hasSymptom,http://healthcarekg.org/ontology/blindness,"type 1 diabetes mellitus","Blindness"
http://healthcarekg.org/ontology/hypertension,treatedBy,http://healthcarekg.org/ontology/guanadrel,"hypertension","Guanadrel"
http://healthcarekg.org/ontology/hematologic_cancer,treatedBy,http://healthcarekg.org/ontology/cladribine,"hematologic cancer","Cladribine"
http://healthcarekg.org/ontology/atherosclerosis,hasSymptom,http://healthcarekg.org/ontology/mobility_limitation,"atherosclerosis","Mobility Limitation"
http://healthcarekg.org/ontology/atherosclerosis,hasSymptom,http://healthcarekg.org/ontology/amaurosis_fugax,"atherosclerosis","Amaurosis Fugax"
http://healthcarekg.org/ontology/panic_disorder,hasSymptom,http://healthcarekg.org/ontology/chest_pain,"panic disorder","Chest Pain"
http://healthcarekg.org/ontology/malignant_glioma,hasSymptom,http://healthcarekg.org/ontology/memory_disorders,"malignant glioma","Memory Disorders"
http://healthcarekg.org/ontology/rheumatoid_arthritis,hasSymptom,http://healthcarekg.org/ontology/prodromal_symptoms,"rheumatoid arthritis","Prodromal Symptoms"
http://healthcarekg.org/ontology/malignant_glioma,hasSymptom,http://healthcarekg.org/ontology/headache,"malignant glioma","Headache"
http://healthcarekg.org/ontology/prostate_cancer,treatedBy,http://healthcarekg.org/ontology/doxorubicin,"prostate cancer","Doxorubicin"
http://healthcarekg.org/ontology/melanoma,hasSymptom,http://healthcarekg.org/ontology/hyphema,"melanoma","Hyphema"
http://healthcarekg.org/ontology/vitiligo,hasSymptom,http://healthcarekg.org/ontology/deafness,"vitiligo","Deafness"
http://healthcarekg.org/ontology/barrett_s_esophagus,hasSymptom,http://healthcarekg.org/ontology/chest_pain,"Barrett's esophagus","Chest Pain"
http://healthcarekg.org/ontology/pharynx_cancer,hasSymptom,http://healthcarekg.org/ontology/cerebrospinal_fluid_otorrhea,"pharynx cancer","Cerebrospinal Fluid Otorrhea"
http://healthcarekg.org/ontology/type_1_diabetes_mellitus,hasSymptom,http://healthcarekg.org/ontology/dyspepsia,"type 1 diabetes mellitus","Dyspepsia"
http://healthcarekg.org/ontology/autistic_disorder,hasSymptom,http://healthcarekg.org/ontology/encopresis,"autistic disorder","Encopresis"
http://healthcarekg.org/ontology/epilepsy_syndrome,hasSymptom,http://healthcarekg.org/ontology/spasm,"epilepsy syndrome","Spasm"
http://healthcarekg.org/ontology/muscle_cancer,hasSymptom,http://healthcarekg.org/ontology/neuralgia,"muscle cancer","Neuralgia"
http://healthcarekg.org/ontology/meningioma,hasSymptom,http://healthcarekg.org/ontology/headache,"meningioma","Headache"
http://healthcarekg.org/ontology/hypothyroidism,hasSymptom,http://healthcarekg.org/ontology/hearing_disorders,"hypothyroidism","Hearing Disorders"
http://healthcarekg.org/ontology/epilepsy_syndrome,treatedBy,http://healthcarekg.org/ontology/carbamazepine,"epilepsy syndrome","Carbamazepine"
http://healthcarekg.org/ontology/melanoma,hasSymptom,http://healthcarekg.org/ontology/vomiting,"melanoma","Vomiting"
http://healthcarekg.org/ontology/multiple_sclerosis,hasSymptom,http://healthcarekg.org/ontology/sleep_disorders,"multiple sclerosis","Sleep Disorders"
http://healthcarekg.org/ontology/alcohol_dependence,hasSymptom,http://healthcarekg.org/ontology/learning_disorders,"alcohol dependence","Learning Disorders"
http://healthcarekg.org/ontology/epilepsy_syndrome,hasSymptom,http://healthcarekg.org/ontology/coma,"epilepsy syndrome","Coma"
http://healthcarekg.org/ontology/refractive_error,hasSymptom,http://healthcarekg.org/ontology/pseudophakia,"refractive error","Pseudophakia"
http://healthcarekg.org/ontology/breast_cancer,treatedBy,http://healthcarekg.org/ontology/doxorubicin,"breast cancer","Doxorubicin"
http://healthcarekg.org/ontology/metabolic_syndrome_x,hasSymptom,http://healthcarekg.org/ontology/albuminuria,"metabolic syndrome X","Albuminuria"
http://healthcarekg.org/ontology/malignant_glioma,hasSymptom,http://healthcarekg.org/ontology/low_back_pain,"malignant glioma","Low Back Pain"
http://healthcarekg.org/ontology/allergic_rhinitis,treatedBy,http://healthcarekg.org/ontology/triamcinolone,"allergic rhinitis","Triamcinolone"
http://healthcarekg.org/ontology/attention_deficit_hyperactivity_disorder,hasSymptom,http://healthcarekg.org/ontology/hyperkinesis,"attention deficit hyperactivity disorder","Hyperkinesis"
http://healthcarekg.org/ontology/parkinson_s_disease,hasSymptom,http://healthcarekg.org/ontology/sensation_disorders,"Parkinson's disease","Sensation Disorders"
http://healthcarekg.org/ontology/meningioma,hasSymptom,http://healthcarekg.org/ontology/low_back_pain,"meningioma","Low Back Pain"
http://healthcarekg.org/ontology/epilepsy_syndrome,treatedBy,http://healthcarekg.org/ontology/trimethadione,"epilepsy syndrome","Trimethadione"
http://healthcarekg.org/ontology/asthma,hasSymptom,http://healthcarekg.org/ontology/chest_pain,"asthma","Chest Pain"
http://healthcarekg.org/ontology/larynx_cancer,hasSymptom,http://healthcarekg.org/ontology/earache,"larynx cancer","Earache"
http://healthcarekg.org/ontology/endogenous_depression,hasSymptom,http://healthcarekg.org/ontology/psychophysiologic_disorders,"endogenous depression","Psychophysiologic Disorders"
http://healthcarekg.org/ontology/hypertension,hasSymptom,http://healthcarekg.org/ontology/albuminuria,"hypertension","Albuminuria"
http://healthcarekg.org/ontology/nephrolithiasis,hasSymptom,http://healthcarekg.org/ontology/quadriplegia,"nephrolithiasis","Quadriplegia"
http://healthcarekg.org/ontology/ileum_cancer,hasSymptom,http://healthcarekg.org/ontology/abdomen_acute,"ileum cancer","Abdomen, Acute"
http://healthcarekg.org/ontology/rheumatoid_arthritis,treatedBy,http://healthcarekg.org/ontology/penicillamine,"rheumatoid arthritis","Penicillamine"
http://healthcarekg.org/ontology/glaucoma,hasSymptom,http://healthcarekg.org/ontology/blindness,"glaucoma","Blindness"
http://healthcarekg.org/ontology/autistic_disorder,hasSymptom,http://healthcarekg.org/ontology/learning_disorders,"autistic disorder","Learning Disorders"
http://healthcarekg.org/ontology/epilepsy_syndrome,hasSymptom,http://healthcarekg.org/ontology/consciousness_disorders,"epilepsy syndrome","Consciousness Disorders"
http://healthcarekg.org/ontology/peripheral_nervous_system_neoplasm,hasSymptom,http://healthcarekg.org/ontology/ageusia,"peripheral nervous system neoplasm","Ageusia"
http://healthcarekg.org/ontology/gilles_de_la_tourette_syndrome,hasSymptom,http://healthcarekg.org/ontology/echolalia,"Gilles de la Tourette syndrome","Echolalia"
http://healthcarekg.org/ontology/colon_cancer,hasSymptom,http://healthcarekg.org/ontology/nausea,"colon cancer","Nausea"
http://healthcarekg.org/ontology/esophageal_cancer,treatedBy,http://healthcarekg.org/ontology/cisplatin,"esophageal cancer","Cisplatin"
http://healthcarekg.org/ontology/testicular_cancer,hasSymptom,http://healthcarekg.org/ontology/hearing_loss,"testicular cancer","Hearing Loss"
http://healthcarekg.org/ontology/ovarian_cancer,hasSymptom,http://healthcarekg.org/ontology/constipation,"ovarian cancer","Constipation"
http://healthcarekg.org/ontology/malignant_glioma,hasSymptom,http://healthcarekg.org/ontology/dysarthria,"malignant glioma","Dysarthria"
http://healthcarekg.org/ontology/ulcerative_colitis,treatedBy,http://healthcarekg.org/ontology/triamcinolone,"ulcerative colitis","Triamcinolone"
http://healthcarekg.org/ontology/acquired_immunodeficiency_syndrome,hasSymptom,http://healthcarekg.org/ontology/purpura_thrombocytopenic,"acquired immunodeficiency syndrome","Purpura, Thrombocytopenic"
http://healthcarekg.org/ontology/prostate_cancer,treatedBy,http://healthcarekg.org/ontology/ethinyl_estradiol,"prostate cancer","Ethinyl Estradiol"
http://healthcarekg.org/ontology/epilepsy_syndrome,hasSymptom,http://healthcarekg.org/ontology/amnesia_retrograde,"epilepsy syndrome","Amnesia, Retrograde"
http://healthcarekg.org/ontology/vulva_cancer,hasSymptom,http://healthcarekg.org/ontology/skin_manifestations,"vulva cancer","Skin Manifestations"
http://healthcarekg.org/ontology/skin_cancer,treatedBy,http://healthcarekg.org/ontology/dactinomycin,"skin cancer","Dactinomycin"
http://healthcarekg.org/ontology/atherosclerosis,hasSymptom,http://healthcarekg.org/ontology/angina_pectoris,"atherosclerosis","Angina Pectoris"
http://healthcarekg.org/ontology/muscle_cancer,hasSymptom,http://healthcarekg.org/ontology/urinary_incontinence,"muscle cancer","Urinary Incontinence"
http://healthcarekg.org/ontology/malignant_mesothelioma,hasSymptom,http://healthcarekg.org/ontology/anorexia,"malignant mesothelioma","Anorexia"
http://healthcarekg.org/ontology/hypertension,treatedBy,http://healthcarekg.org/ontology/esmolol,"hypertension","Esmolol"
http://healthcarekg.org/ontology/ovarian_cancer,hasSymptom,http://healthcarekg.org/ontology/anorexia,"ovarian cancer","Anorexia"
http://healthcarekg.org/ontology/hematologic_cancer,hasSymptom,http://healthcarekg.org/ontology/fever,"hematologic cancer","Fever"
http://healthcarekg.org/ontology/melanoma,hasSymptom,http://healthcarekg.org/ontology/pruritus,"melanoma","Pruritus"
http://healthcarekg.org/ontology/melanoma,treatedBy,http://healthcarekg.org/ontology/dacarbazine,"melanoma","Dacarbazine"
http://healthcarekg.org/ontology/gout,hasSymptom,http://healthcarekg.org/ontology/arthralgia,"gout","Arthralgia"
http://healthcarekg.org/ontology/osteoporosis,hasSymptom,http://healthcarekg.org/ontology/paraplegia,"osteoporosis","Paraplegia"
http://healthcarekg.org/ontology/nephrolithiasis,hasSymptom,http://healthcarekg.org/ontology/pain,"nephrolithiasis","Pain"
http://healthcarekg.org/ontology/psoriasis,hasSymptom,http://healthcarekg.org/ontology/facial_pain,"psoriasis","Facial Pain"
http://healthcarekg.org/ontology/uterine_cancer,treatedBy,http://healthcarekg.org/ontology/dactinomycin,"uterine cancer","Dactinomycin"
http://healthcarekg.org/ontology/schizophrenia,hasSymptom,http://healthcarekg.org/ontology/anhedonia,"schizophrenia","Anhedonia"
http://healthcarekg.org/ontology/epilepsy_syndrome,hasSymptom,http://healthcarekg.org/ontology/sleep_apnea_central,"epilepsy syndrome","Sleep Apnea, Central"
http://healthcarekg.org/ontology/multiple_sclerosis,hasSymptom,http://healthcarekg.org/ontology/memory_disorders,"multiple sclerosis","Memory Disorders"
http://healthcarekg.org/ontology/hypertension,hasSymptom,http://healthcarekg.org/ontology/post_exercise_hypotension,"hypertension","Post-Exercise Hypotension"
http://healthcarekg.org/ontology/esophageal_cancer,hasSymptom,http://healthcarekg.org/ontology/pain,"esophageal cancer","Pain"
http://healthcarekg.org/ontology/salivary_gland_cancer,hasSymptom,http://healthcarekg.org/ontology/facial_paralysis,"salivary gland cancer","Facial Paralysis"
http://healthcarekg.org/ontology/cleft_lip,hasSymptom,http://healthcarekg.org/ontology/gingival_hemorrhage,"cleft lip","Gingival Hemorrhage"
http://healthcarekg.org/ontology/asthma,hasSymptom,http://healthcarekg.org/ontology/apnea,"asthma","Apnea"
http://healthcarekg.org/ontology/endogenous_depression,hasSymptom,http://healthcarekg.org/ontology/sleep_disorders_circadian_rhythm,"endogenous depression","Sleep Disorders, Circadian Rhythm"
http://healthcarekg.org/ontology/lung_cancer,treatedBy,http://healthcarekg.org/ontology/vinorelbine,"lung cancer","Vinorelbine"
http://healthcarekg.org/ontology/germ_cell_cancer,hasSymptom,http://healthcarekg.org/ontology/ophthalmoplegia,"germ cell cancer","Ophthalmoplegia"
http://healthcarekg.org/ontology/cervical_cancer,hasSymptom,http://healthcarekg.org/ontology/abdominal_pain,"cervical cancer","Abdominal Pain"
http://healthcarekg.org/ontology/ankylosing_spondylitis,treatedBy,http://healthcarekg.org/ontology/methylprednisolone,"ankylosing spondylitis","Methylprednisolone"
http://healthcarekg.org/ontology/autistic_disorder,hasSymptom,http://healthcarekg.org/ontology/constipation,"autistic disorder","Constipation"
http://healthcarekg.org/ontology/stomach_cancer,hasSymptom,http://healthcarekg.org/ontology/fever,"stomach cancer","Fever"
http://healthcarekg.org/ontology/liver_cancer,hasSymptom,http://healthcarekg.org/ontology/anoxia,"liver cancer","Anoxia"
http://healthcarekg.org/ontology/peripheral_nervous_system_neoplasm,hasSymptom,http://healthcarekg.org/ontology/blindness,"peripheral nervous system neoplasm","Blindness"
http://healthcarekg.org/ontology/hematologic_cancer,hasSymptom,http://healthcarekg.org/ontology/purpura_thrombocytopenic_idiopathic,"hematologic cancer","Purpura, Thrombocytopenic, Idiopathic"
http://healthcarekg.org/ontology/germ_cell_cancer,hasSymptom,http://healthcarekg.org/ontology/cerebrospinal_fluid_rhinorrhea,"germ cell cancer","Cerebrospinal Fluid Rhinorrhea"
http://healthcarekg.org/ontology/psoriasis,hasSymptom,http://healthcarekg.org/ontology/tetany,"psoriasis","Tetany"
http://healthcarekg.org/ontology/rheumatoid_arthritis,hasSymptom,http://healthcarekg.org/ontology/hearing_loss_sensorineural,"rheumatoid arthritis","Hearing Loss, Sensorineural"
http://healthcarekg.org/ontology/systemic_scleroderma,hasSymptom,http://healthcarekg.org/ontology/oral_manifestations,"systemic scleroderma","Oral Manifestations"
http://healthcarekg.org/ontology/endogenous_depression,hasSymptom,http://healthcarekg.org/ontology/weight_gain,"endogenous depression","Weight Gain"
http://healthcarekg.org/ontology/osteoporosis,hasSymptom,http://healthcarekg.org/ontology/body_weight,"osteoporosis","Body Weight"
http://healthcarekg.org/ontology/head_and_neck_cancer,hasSymptom,http://healthcarekg.org/ontology/anorexia,"head and neck cancer","Anorexia"
http://healthcarekg.org/ontology/ankylosing_spondylitis,hasSymptom,http://healthcarekg.org/ontology/torticollis,"ankylosing spondylitis","Torticollis"
http://healthcarekg.org/ontology/skin_cancer,hasSymptom,http://healthcarekg.org/ontology/oral_manifestations,"skin cancer","Oral Manifestations"
http://healthcarekg.org/ontology/autistic_disorder,hasSymptom,http://healthcarekg.org/ontology/lesch_nyhan_syndrome,"autistic disorder","Lesch-Nyhan Syndrome"
http://healthcarekg.org/ontology/germ_cell_cancer,treatedBy,http://healthcarekg.org/ontology/cisplatin,"germ cell cancer","Cisplatin"
http://healthcarekg.org/ontology/meningioma,hasSymptom,http://healthcarekg.org/ontology/unconsciousness,"meningioma","Unconsciousness"
http://healthcarekg.org/ontology/germ_cell_cancer,hasSymptom,http://healthcarekg.org/ontology/quadriplegia,"germ cell cancer","Quadriplegia"
http://healthcarekg.org/ontology/dilated_cardiomyopathy,hasSymptom,http://healthcarekg.org/ontology/dyspnea,"dilated cardiomyopathy","Dyspnea"
http://healthcarekg.org/ontology/germ_cell_cancer,hasSymptom,http://healthcarekg.org/ontology/meningism,"germ cell cancer","Meningism"
http://healthcarekg.org/ontology/alcohol_dependence,hasSymptom,http://healthcarekg.org/ontology/color_vision_defects,"alcohol dependence","Color Vision Defects"
http://healthcarekg.org/ontology/celiac_disease,hasSymptom,http://healthcarekg.org/ontology/vomiting,"celiac disease","Vomiting"
http://healthcarekg.org/ontology/germ_cell_cancer,treatedBy,http://healthcarekg.org/ontology/vinblastine,"germ cell cancer","Vinblastine"
http://healthcarekg.org/ontology/narcolepsy,hasSymptom,http://healthcarekg.org/ontology/disorders_of_excessive_somnolence,"Narcolepsy","Disorders of Excessive Somnolence"
http://healthcarekg.org/ontology/multiple_sclerosis,hasSymptom,http://healthcarekg.org/ontology/hearing_loss_sensorineural,"multiple sclerosis","Hearing Loss, Sensorineural"
http://healthcarekg.org/ontology/intracranial_aneurysm,hasSymptom,http://healthcarekg.org/ontology/hemiplegia,"intracranial aneurysm","Hemiplegia"
http://healthcarekg.org/ontology/type_1_diabetes_mellitus,hasSymptom,http://healthcarekg.org/ontology/body_weight,"type 1 diabetes mellitus","Body Weight"
http://healthcarekg.org/ontology/muscle_cancer,hasSymptom,http://healthcarekg.org/ontology/pelvic_pain,"muscle cancer","Pelvic Pain"
http://healthcarekg.org/ontology/pancreatic_cancer,hasSymptom,http://healthcarekg.org/ontology/anorexia,"pancreatic cancer","Anorexia"
http://healthcarekg.org/ontology/gout,hasSymptom,http://healthcarekg.org/ontology/edema,"gout","Edema"
http://healthcarekg.org/ontology/multiple_sclerosis,hasSymptom,http://healthcarekg.org/ontology/dysarthria,"multiple sclerosis","Dysarthria"
http://healthcarekg.org/ontology/dental_caries,hasSymptom,http://healthcarekg.org/ontology/trismus,"dental caries","Trismus"
http://healthcarekg.org/ontology/meningioma,hasSymptom,http://healthcarekg.org/ontology/gait_disorders_neurologic,"meningioma","Gait Disorders, Neurologic"
http://healthcarekg.org/ontology/skin_cancer,treatedBy,http://healthcarekg.org/ontology/temozolomide,"skin cancer","Temozolomide"
http://healthcarekg.org/ontology/epilepsy_syndrome,hasSymptom,http://healthcarekg.org/ontology/aphasia,"epilepsy syndrome","Aphasia"
http://healthcarekg.org/ontology/penile_cancer,hasSymptom,http://healthcarekg.org/ontology/pain_intractable,"penile cancer","Pain, Intractable"
http://healthcarekg.org/ontology/coronary_artery_disease,hasSymptom,http://healthcarekg.org/ontology/heart_murmurs,"coronary artery disease","Heart Murmurs"
http://healthcarekg.org/ontology/breast_cancer,hasSymptom,http://healthcarekg.org/ontology/postoperative_nausea_and_vomiting,"breast cancer","Postoperative Nausea and Vomiting"
http://healthcarekg.org/ontology/autistic_disorder,hasSymptom,http://healthcarekg.org/ontology/optical_illusions,"autistic disorder","Optical Illusions"
http://healthcarekg.org/ontology/spinal_cancer,hasSymptom,http://healthcarekg.org/ontology/urinary_incontinence,"spinal cancer","Urinary Incontinence"
http://healthcarekg.org/ontology/systemic_lupus_erythematosus,hasSymptom,http://healthcarekg.org/ontology/eye_manifestations,"systemic lupus erythematosus","Eye Manifestations"
http://healthcarekg.org/ontology/brain_cancer,hasSymptom,http://healthcarekg.org/ontology/hypesthesia,"brain cancer","Hypesthesia"
http://healthcarekg.org/ontology/vitiligo,hasSymptom,http://healthcarekg.org/ontology/hearing_disorders,"vitiligo","Hearing Disorders"
http://healthcarekg.org/ontology/intracranial_aneurysm,hasSymptom,http://healthcarekg.org/ontology/hiccup,"intracranial aneurysm","Hiccup"
http://healthcarekg.org/ontology/rheumatoid_arthritis,hasSymptom,http://healthcarekg.org/ontology/heartburn,"rheumatoid arthritis","Heartburn"
http://healthcarekg.org/ontology/uterine_cancer,hasSymptom,http://healthcarekg.org/ontology/hydrops_fetalis,"uterine cancer","Hydrops Fetalis"
http://healthcarekg.org/ontology/esophageal_cancer,hasSymptom,http://healthcarekg.org/ontology/vomiting_anticipatory,"esophageal cancer","Vomiting, Anticipatory"
http://healthcarekg.org/ontology/narcolepsy,hasSymptom,http://healthcarekg.org/ontology/paralysis,"Narcolepsy","Paralysis"
http://healthcarekg.org/ontology/age_related_macular_degeneration,hasSymptom,http://healthcarekg.org/ontology/photophobia,"age related macular degeneration","Photophobia"
http://healthcarekg.org/ontology/malaria,hasSymptom,http://healthcarekg.org/ontology/fetal_hypoxia,"malaria","Fetal Hypoxia"
http://healthcarekg.org/ontology/fuchs_endothelial_dystrophy,hasSymptom,http://healthcarekg.org/ontology/vision_low,"Fuchs' endothelial dystrophy","Vision, Low"
http://healthcarekg.org/ontology/brain_cancer,hasSymptom,http://healthcarekg.org/ontology/vomiting,"brain cancer","Vomiting"
http://healthcarekg.org/ontology/alcohol_dependence,hasSymptom,http://healthcarekg.org/ontology/hyperesthesia,"alcohol dependence","Hyperesthesia"
http://healthcarekg.org/ontology/hypertension,treatedBy,http://healthcarekg.org/ontology/chlorothiazide,"hypertension","Chlorothiazide"
http://healthcarekg.org/ontology/endogenous_depression,hasSymptom,http://healthcarekg.org/ontology/dizziness,"endogenous depression","Dizziness"
http://healthcarekg.org/ontology/type_2_diabetes_mellitus,treatedBy,http://healthcarekg.org/ontology/tolbutamide,"type 2 diabetes mellitus","Tolbutamide"
http://healthcarekg.org/ontology/iga_glomerulonephritis,hasSymptom,http://healthcarekg.org/ontology/hypergammaglobulinemia,"IgA glomerulonephritis","Hypergammaglobulinemia"
http://healthcarekg.org/ontology/retroperitoneal_cancer,hasSymptom,http://healthcarekg.org/ontology/neurologic_manifestations,"retroperitoneal cancer","Neurologic Manifestations"
http://healthcarekg.org/ontology/schizophrenia,hasSymptom,http://healthcarekg.org/ontology/catalepsy,"schizophrenia","Catalepsy"
http://healthcarekg.org/ontology/skin_cancer,treatedBy,http://healthcarekg.org/ontology/vismodegib,"skin cancer","Vismodegib"
http://healthcarekg.org/ontology/vascular_cancer,hasSymptom,http://healthcarekg.org/ontology/intermittent_claudication,"vascular cancer","Intermittent Claudication"
http://healthcarekg.org/ontology/larynx_cancer,hasSymptom,http://healthcarekg.org/ontology/vocal_cord_paralysis,"larynx cancer","Vocal Cord Paralysis"
http://healthcarekg.org/ontology/urinary_bladder_cancer,treatedBy,http://healthcarekg.org/ontology/epirubicin,"urinary bladder cancer","Epirubicin"
http://healthcarekg.org/ontology/malignant_glioma,hasSymptom,http://healthcarekg.org/ontology/hemianopsia,"malignant glioma","Hemianopsia"
http://healthcarekg.org/ontology/pharynx_cancer,hasSymptom,http://healthcarekg.org/ontology/neuralgia,"pharynx cancer","Neuralgia"
http://healthcarekg.org/ontology/bone_cancer,hasSymptom,http://healthcarekg.org/ontology/neck_pain,"bone cancer","Neck Pain"
http://healthcarekg.org/ontology/muscle_cancer,hasSymptom,http://healthcarekg.org/ontology/paresis,"muscle cancer","Paresis"
http://healthcarekg.org/ontology/brain_cancer,hasSymptom,http://healthcarekg.org/ontology/hearing_loss_high_frequency,"brain cancer","Hearing Loss, High-Frequency"
http://healthcarekg.org/ontology/hematologic_cancer,treatedBy,http://healthcarekg.org/ontology/gemcitabine,"hematologic cancer","Gemcitabine"
http://healthcarekg.org/ontology/bipolar_disorder,hasSymptom,http://healthcarekg.org/ontology/dyskinesia_drug_induced,"bipolar disorder","Dyskinesia, Drug-Induced"
http://healthcarekg.org/ontology/meningioma,hasSymptom,http://healthcarekg.org/ontology/hemianopsia,"meningioma","Hemianopsia"
http://healthcarekg.org/ontology/multiple_sclerosis,hasSymptom,http://healthcarekg.org/ontology/muscle_spasticity,"multiple sclerosis","Muscle Spasticity"
http://healthcarekg.org/ontology/coronary_artery_disease,treatedBy,http://healthcarekg.org/ontology/trandolapril,"coronary artery disease","Trandolapril"
http://healthcarekg.org/ontology/malignant_glioma,hasSymptom,http://healthcarekg.org/ontology/perceptual_disorders,"malignant glioma","Perceptual Disorders"
http://healthcarekg.org/ontology/asthma,treatedBy,http://healthcarekg.org/ontology/theophylline,"asthma","Theophylline"
http://healthcarekg.org/ontology/brain_cancer,treatedBy,http://healthcarekg.org/ontology/carmustine,"brain cancer","Carmustine"
http://healthcarekg.org/ontology/kawasaki_disease,hasSymptom,http://healthcarekg.org/ontology/edema,"Kawasaki disease","Edema"
http://healthcarekg.org/ontology/autistic_disorder,hasSymptom,http://healthcarekg.org/ontology/sensation_disorders,"autistic disorder","Sensation Disorders"
http://healthcarekg.org/ontology/leprosy,hasSymptom,http://healthcarekg.org/ontology/ageusia,"leprosy","Ageusia"
http://healthcarekg.org/ontology/multiple_sclerosis,hasSymptom,http://healthcarekg.org/ontology/gait_disorders_neurologic,"multiple sclerosis","Gait Disorders, Neurologic"
http://healthcarekg.org/ontology/cervical_cancer,hasSymptom,http://healthcarekg.org/ontology/urinary_bladder_neurogenic,"cervical cancer","Urinary Bladder, Neurogenic"
http://healthcarekg.org/ontology/hypertension,treatedBy,http://healthcarekg.org/ontology/felodipine,"hypertension","Felodipine"
http://healthcarekg.org/ontology/esophageal_cancer,treatedBy,http://healthcarekg.org/ontology/methotrexate,"esophageal cancer","Methotrexate"
http://healthcarekg.org/ontology/meningioma,hasSymptom,http://healthcarekg.org/ontology/vertigo,"meningioma","Vertigo"
http://healthcarekg.org/ontology/germ_cell_cancer,hasSymptom,http://healthcarekg.org/ontology/skin_manifestations,"germ cell cancer","Skin Manifestations"
http://healthcarekg.org/ontology/systemic_lupus_erythematosus,hasSymptom,http://healthcarekg.org/ontology/fever,"systemic lupus erythematosus","Fever"
http://healthcarekg.org/ontology/sarcoma,hasSymptom,http://healthcarekg.org/ontology/neck_pain,"sarcoma","Neck Pain"
http://healthcarekg.org/ontology/asthma,treatedBy,http://healthcarekg.org/ontology/montelukast,"asthma","Montelukast"
http://healthcarekg.org/ontology/paget_s_disease_of_bone,hasSymptom,http://healthcarekg.org/ontology/dizziness,"Paget's disease of bone","Dizziness"
http://healthcarekg.org/ontology/malignant_glioma,treatedBy,http://healthcarekg.org/ontology/temozolomide,"malignant glioma","Temozolomide"
http://healthcarekg.org/ontology/multiple_sclerosis,hasSymptom,http://healthcarekg.org/ontology/chorea,"multiple sclerosis","Chorea"
http://healthcarekg.org/ontology/germ_cell_cancer,hasSymptom,http://healthcarekg.org/ontology/hypoventilation,"germ cell cancer","Hypoventilation"
http://healthcarekg.org/ontology/lung_cancer,hasSymptom,http://healthcarekg.org/ontology/chest_pain,"lung cancer","Chest Pain"
http://healthcarekg.org/ontology/cervical_cancer,hasSymptom,http://healthcarekg.org/ontology/constipation,"cervical cancer","Constipation"
http://healthcarekg.org/ontology/metabolic_syndrome_x,hasSymptom,http://healthcarekg.org/ontology/overweight,"metabolic syndrome X","Overweight"
http://healthcarekg.org/ontology/uterine_cancer,treatedBy,http://healthcarekg.org/ontology/medroxyprogesterone_acetate,"uterine cancer","Medroxyprogesterone Acetate"
http://healthcarekg.org/ontology/brain_cancer,hasSymptom,http://healthcarekg.org/ontology/hearing_loss_central,"brain cancer","Hearing Loss, Central"
http://healthcarekg.org/ontology/sarcoma,hasSymptom,http://healthcarekg.org/ontology/abdomen_acute,"sarcoma","Abdomen, Acute"
http://healthcarekg.org/ontology/hypothyroidism,hasSymptom,http://healthcarekg.org/ontology/constipation,"hypothyroidism","Constipation"
http://healthcarekg.org/ontology/anemia,hasSymptom,http://healthcarekg.org/ontology/hydrops_fetalis,"anemia","Hydrops Fetalis"
http://healthcarekg.org/ontology/hypertension,hasSymptom,http://healthcarekg.org/ontology/overweight,"hypertension","Overweight"
http://healthcarekg.org/ontology/allergic_rhinitis,treatedBy,http://healthcarekg.org/ontology/prednisolone,"allergic rhinitis","Prednisolone"
http://healthcarekg.org/ontology/skin_cancer,hasSymptom,http://healthcarekg.org/ontology/pruritus_ani,"skin cancer","Pruritus Ani"
http://healthcarekg.org/ontology/celiac_disease,hasSymptom,http://healthcarekg.org/ontology/cerebellar_ataxia,"celiac disease","Cerebellar Ataxia"
http://healthcarekg.org/ontology/peritoneum_cancer,hasSymptom,http://healthcarekg.org/ontology/pelvic_pain,"peritoneum cancer","Pelvic Pain"
http://healthcarekg.org/ontology/hypertension,hasSymptom,http://healthcarekg.org/ontology/heart_murmurs,"hypertension","Heart Murmurs"
http://healthcarekg.org/ontology/stomach_cancer,treatedBy,http://healthcarekg.org/ontology/irinotecan,"stomach cancer","Irinotecan"
http://healthcarekg.org/ontology/rheumatoid_arthritis,hasSymptom,http://healthcarekg.org/ontology/taste_disorders,"rheumatoid arthritis","Taste Disorders"
http://healthcarekg.org/ontology/systemic_lupus_erythematosus,hasSymptom,http://healthcarekg.org/ontology/vocal_cord_paralysis,"systemic lupus erythematosus","Vocal Cord Paralysis"
http://healthcarekg.org/ontology/vascular_cancer,hasSymptom,http://healthcarekg.org/ontology/abdominal_pain,"vascular cancer","Abdominal Pain"
http://healthcarekg.org/ontology/peripheral_nervous_system_neoplasm,hasSymptom,http://healthcarekg.org/ontology/cerebrospinal_fluid_otorrhea,"peripheral nervous system neoplasm","Cerebrospinal Fluid Otorrhea"
http://healthcarekg.org/ontology/metabolic_syndrome_x,hasSymptom,http://healthcarekg.org/ontology/weight_gain,"metabolic syndrome X","Weight Gain"
http://healthcarekg.org/ontology/hematologic_cancer,treatedBy,http://healthcarekg.org/ontology/bexarotene,"hematologic cancer","Bexarotene"
http://healthcarekg.org/ontology/glaucoma,hasSymptom,http://healthcarekg.org/ontology/edema,"glaucoma","Edema"
http://healthcarekg.org/ontology/ulcerative_colitis,treatedBy,http://healthcarekg.org/ontology/prednisolone,"ulcerative colitis","Prednisolone"
http://healthcarekg.org/ontology/paget_s_disease_of_bone,hasSymptom,http://healthcarekg.org/ontology/tetany,"Paget's disease of bone","Tetany"
http://healthcarekg.org/ontology/stomach_cancer,hasSymptom,http://healthcarekg.org/ontology/heartburn,"stomach cancer","Heartburn"
http://healthcarekg.org/ontology/gallbladder_cancer,hasSymptom,http://healthcarekg.org/ontology/vomiting,"gallbladder cancer","Vomiting"
http://healthcarekg.org/ontology/rheumatoid_arthritis,hasSymptom,http://healthcarekg.org/ontology/oral_manifestations,"rheumatoid arthritis","Oral Manifestations"
http://healthcarekg.org/ontology/leprosy,hasSymptom,http://healthcarekg.org/ontology/blindness,"leprosy","Blindness"
http://healthcarekg.org/ontology/thoracic_aortic_aneurysm,hasSymptom,http://healthcarekg.org/ontology/muscle_weakness,"thoracic aortic aneurysm","Muscle Weakness"
http://healthcarekg.org/ontology/tracheal_cancer,hasSymptom,http://healthcarekg.org/ontology/hemoptysis,"tracheal cancer","Hemoptysis"
http://healthcarekg.org/ontology/systemic_lupus_erythematosus,hasSymptom,http://healthcarekg.org/ontology/amaurosis_fugax,"systemic lupus erythematosus","Amaurosis Fugax"
http://healthcarekg.org/ontology/spinal_cancer,hasSymptom,http://healthcarekg.org/ontology/paresis,"spinal cancer","Paresis"
http://healthcarekg.org/ontology/prostate_cancer,treatedBy,http://healthcarekg.org/ontology/estrone,"prostate cancer","Estrone"
http://healthcarekg.org/ontology/multiple_sclerosis,hasSymptom,http://healthcarekg.org/ontology/hemianopsia,"multiple sclerosis","Hemianopsia"
http://healthcarekg.org/ontology/systemic_scleroderma,hasSymptom,http://healthcarekg.org/ontology/constipation,"systemic scleroderma","Constipation"
http://healthcarekg.org/ontology/uterine_cancer,hasSymptom,http://healthcarekg.org/ontology/urinary_bladder_neurogenic,"uterine cancer","Urinary Bladder, Neurogenic"
http://healthcarekg.org/ontology/epilepsy_syndrome,hasSymptom,http://healthcarekg.org/ontology/muscle_hypotonia,"epilepsy syndrome","Muscle Hypotonia"
http://healthcarekg.org/ontology/urinary_bladder_cancer,hasSymptom,http://healthcarekg.org/ontology/proteinuria,"urinary bladder cancer","Proteinuria"
http://healthcarekg.org/ontology/pharynx_cancer,hasSymptom,http://healthcarekg.org/ontology/trismus,"pharynx cancer","Trismus"
http://healthcarekg.org/ontology/germ_cell_cancer,treatedBy,http://healthcarekg.org/ontology/methotrexate,"germ cell cancer","Methotrexate"
http://healthcarekg.org/ontology/prostate_cancer,hasSymptom,http://healthcarekg.org/ontology/feminization,"prostate cancer","Feminization"
http://healthcarekg.org/ontology/multiple_sclerosis,hasSymptom,http://healthcarekg.org/ontology/disorders_of_excessive_somnolence,"multiple sclerosis","Disorders of Excessive Somnolence"
http://healthcarekg.org/ontology/bone_cancer,hasSymptom,http://healthcarekg.org/ontology/blindness,"bone cancer","Blindness"
http://healthcarekg.org/ontology/multiple_sclerosis,hasSymptom,http://healthcarekg.org/ontology/vertigo,"multiple sclerosis","Vertigo"
http://healthcarekg.org/ontology/polycystic_ovary_syndrome,hasSymptom,http://healthcarekg.org/ontology/hirsutism,"polycystic ovary syndrome","Hirsutism"
http://healthcarekg.org/ontology/endogenous_depression,hasSymptom,http://healthcarekg.org/ontology/akathisia_drug_induced,"endogenous depression","Akathisia, Drug-Induced"
http://healthcarekg.org/ontology/ankylosing_spondylitis,hasSymptom,http://healthcarekg.org/ontology/muscular_atrophy,"ankylosing spondylitis","Muscular Atrophy"
http://healthcarekg.org/ontology/adrenal_gland_cancer,hasSymptom,http://healthcarekg.org/ontology/flushing,"adrenal gland cancer","Flushing"
http://healthcarekg.org/ontology/uterine_cancer,hasSymptom,http://healthcarekg.org/ontology/constipation,"uterine cancer","Constipation"
http://healthcarekg.org/ontology/anemia,hasSymptom,http://healthcarekg.org/ontology/cyanosis,"anemia","Cyanosis"
http://healthcarekg.org/ontology/brain_cancer,hasSymptom,http://healthcarekg.org/ontology/hemiplegia,"brain cancer","Hemiplegia"
http://healthcarekg.org/ontology/lung_cancer,treatedBy,http://healthcarekg.org/ontology/gefitinib,"lung cancer","Gefitinib"
http://healthcarekg.org/ontology/psoriasis,treatedBy,http://healthcarekg.org/ontology/tazarotene,"psoriasis","Tazarotene"
http://healthcarekg.org/ontology/systemic_lupus_erythematosus,hasSymptom,http://healthcarekg.org/ontology/headache,"systemic lupus erythematosus","Headache"
http://healthcarekg.org/ontology/germ_cell_cancer,hasSymptom,http://healthcarekg.org/ontology/down_syndrome,"germ cell cancer","Down Syndrome"
http://healthcarekg.org/ontology/colon_cancer,treatedBy,http://healthcarekg.org/ontology/vincristine,"colon cancer","Vincristine"
http://healthcarekg.org/ontology/hematologic_cancer,treatedBy,http://healthcarekg.org/ontology/busulfan,"hematologic cancer","Busulfan"
http://healthcarekg.org/ontology/rheumatoid_arthritis,hasSymptom,http://healthcarekg.org/ontology/paralysis,"rheumatoid arthritis","Paralysis"
http://healthcarekg.org/ontology/parkinson_s_disease,hasSymptom,http://healthcarekg.org/ontology/torticollis,"Parkinson's disease","Torticollis"
http://healthcarekg.org/ontology/primary_biliary_cirrhosis,treatedBy,http://healthcarekg.org/ontology/chenodeoxycholic_acid,"primary biliary cirrhosis","Chenodeoxycholic acid"
http://healthcarekg.org/ontology/ulcerative_colitis,hasSymptom,http://healthcarekg.org/ontology/dyspepsia,"ulcerative colitis","Dyspepsia"
http://healthcarekg.org/ontology/esophageal_cancer,hasSymptom,http://healthcarekg.org/ontology/vomiting,"esophageal cancer","Vomiting"
http://healthcarekg.org/ontology/spinal_cancer,hasSymptom,http://healthcarekg.org/ontology/paresthesia,"spinal cancer","Paresthesia"
http://healthcarekg.org/ontology/hypertension,treatedBy,http://healthcarekg.org/ontology/trandolapril,"hypertension","Trandolapril"
http://healthcarekg.org/ontology/thoracic_aortic_aneurysm,hasSymptom,http://healthcarekg.org/ontology/vocal_cord_paralysis,"thoracic aortic aneurysm","Vocal Cord Paralysis"
http://healthcarekg.org/ontology/attention_deficit_hyperactivity_disorder,hasSymptom,http://healthcarekg.org/ontology/stuttering,"attention deficit hyperactivity disorder","Stuttering"
http://healthcarekg.org/ontology/multiple_sclerosis,hasSymptom,http://healthcarekg.org/ontology/muscle_hypertonia,"multiple sclerosis","Muscle Hypertonia"
http://healthcarekg.org/ontology/coronary_artery_disease,treatedBy,http://healthcarekg.org/ontology/tirofiban,"coronary artery disease","Tirofiban"
http://healthcarekg.org/ontology/parkinson_s_disease,hasSymptom,http://healthcarekg.org/ontology/articulation_disorders,"Parkinson's disease","Articulation Disorders"
http://healthcarekg.org/ontology/anemia,hasSymptom,http://healthcarekg.org/ontology/livedo_reticularis,"anemia","Livedo Reticularis"
http://healthcarekg.org/ontology/retroperitoneal_cancer,hasSymptom,http://healthcarekg.org/ontology/edema,"retroperitoneal cancer","Edema"
http://healthcarekg.org/ontology/malignant_glioma,hasSymptom,http://healthcarekg.org/ontology/agnosia,"malignant glioma","Agnosia"
http://healthcarekg.org/ontology/brain_cancer,hasSymptom,http://healthcarekg.org/ontology/hiccup,"brain cancer","Hiccup"
http://healthcarekg.org/ontology/asthma,treatedBy,http://healthcarekg.org/ontology/isoprenaline,"asthma","Isoprenaline"
http://healthcarekg.org/ontology/allergic_rhinitis,hasSymptom,http://healthcarekg.org/ontology/snoring,"allergic rhinitis","Snoring"
http://healthcarekg.org/ontology/systemic_scleroderma,hasSymptom,http://healthcarekg.org/ontology/diarrhea,"systemic scleroderma","Diarrhea"
http://healthcarekg.org/ontology/epilepsy_syndrome,treatedBy,http://healthcarekg.org/ontology/vigabatrin,"epilepsy syndrome","Vigabatrin"
http://healthcarekg.org/ontology/asthma,hasSymptom,http://healthcarekg.org/ontology/cough,"asthma","Cough"
http://healthcarekg.org/ontology/leprosy,hasSymptom,http://healthcarekg.org/ontology/neurologic_manifestations,"leprosy","Neurologic Manifestations"
http://healthcarekg.org/ontology/behcet_s_disease,hasSymptom,http://healthcarekg.org/ontology/blindness,"Behcet's disease","Blindness"
http://healthcarekg.org/ontology/brain_cancer,hasSymptom,http://healthcarekg.org/ontology/agraphia,"brain cancer","Agraphia"
http://healthcarekg.org/ontology/systemic_lupus_erythematosus,hasSymptom,http://healthcarekg.org/ontology/hearing_loss_sensorineural,"systemic lupus erythematosus","Hearing Loss, Sensorineural"
http://healthcarekg.org/ontology/kawasaki_disease,hasSymptom,http://healthcarekg.org/ontology/mevalonate_kinase_deficiency,"Kawasaki disease","Mevalonate Kinase Deficiency"
http://healthcarekg.org/ontology/type_1_diabetes_mellitus,treatedBy,http://healthcarekg.org/ontology/ramipril,"type 1 diabetes mellitus","Ramipril"
http://healthcarekg.org/ontology/pancreatitis,hasSymptom,http://healthcarekg.org/ontology/dyspepsia,"pancreatitis","Dyspepsia"
http://healthcarekg.org/ontology/kidney_cancer,hasSymptom,http://healthcarekg.org/ontology/paraplegia,"kidney cancer","Paraplegia"
http://healthcarekg.org/ontology/multiple_sclerosis,hasSymptom,http://healthcarekg.org/ontology/fatigue,"multiple sclerosis","Fatigue"
http://healthcarekg.org/ontology/brain_cancer,hasSymptom,http://healthcarekg.org/ontology/hyperventilation,"brain cancer","Hyperventilation"
http://healthcarekg.org/ontology/dilated_cardiomyopathy,hasSymptom,http://healthcarekg.org/ontology/chest_pain,"dilated cardiomyopathy","Chest Pain"
http://healthcarekg.org/ontology/uterine_cancer,hasSymptom,http://healthcarekg.org/ontology/diarrhea,"uterine cancer","Diarrhea"
http://healthcarekg.org/ontology/peripheral_nervous_system_neoplasm,treatedBy,http://healthcarekg.org/ontology/doxorubicin,"peripheral nervous system neoplasm","Doxorubicin"
http://healthcarekg.org/ontology/cervical_cancer,hasSymptom,http://healthcarekg.org/ontology/psychophysiologic_disorders,"cervical cancer","Psychophysiologic Disorders"
http://healthcarekg.org/ontology/allergic_rhinitis,treatedBy,http://healthcarekg.org/ontology/olopatadine,"allergic rhinitis","Olopatadine"
http://healthcarekg.org/ontology/bipolar_disorder,hasSymptom,http://healthcarekg.org/ontology/hyperkinesis,"bipolar disorder","Hyperkinesis"
http://healthcarekg.org/ontology/bone_cancer,hasSymptom,http://healthcarekg.org/ontology/neurologic_manifestations,"bone cancer","Neurologic Manifestations"
http://healthcarekg.org/ontology/meningioma,hasSymptom,http://healthcarekg.org/ontology/vision_low,"meningioma","Vision, Low"
http://healthcarekg.org/ontology/atherosclerosis,hasSymptom,http://healthcarekg.org/ontology/albuminuria,"atherosclerosis","Albuminuria"
http://healthcarekg.org/ontology/paget_s_disease_of_bone,hasSymptom,http://healthcarekg.org/ontology/pelvic_pain,"Paget's disease of bone","Pelvic Pain"
http://healthcarekg.org/ontology/idiopathic_pulmonary_fibrosis,hasSymptom,http://healthcarekg.org/ontology/respiratory_sounds,"idiopathic pulmonary fibrosis","Respiratory Sounds"
http://healthcarekg.org/ontology/cleft_lip,hasSymptom,http://healthcarekg.org/ontology/stuttering,"cleft lip","Stuttering"
http://healthcarekg.org/ontology/head_and_neck_cancer,hasSymptom,http://healthcarekg.org/ontology/neuralgia,"head and neck cancer","Neuralgia"
http://healthcarekg.org/ontology/lymphatic_system_cancer,treatedBy,http://healthcarekg.org/ontology/methotrexate,"lymphatic system cancer","Methotrexate"
http://healthcarekg.org/ontology/acquired_immunodeficiency_syndrome,hasSymptom,http://healthcarekg.org/ontology/weight_loss,"acquired immunodeficiency syndrome","Weight Loss"
http://healthcarekg.org/ontology/germ_cell_cancer,hasSymptom,http://healthcarekg.org/ontology/hypesthesia,"germ cell cancer","Hypesthesia"
http://healthcarekg.org/ontology/germ_cell_cancer,hasSymptom,http://healthcarekg.org/ontology/hyphema,"germ cell cancer","Hyphema"
http://healthcarekg.org/ontology/graves_disease,hasSymptom,http://healthcarekg.org/ontology/ophthalmoplegia_chronic_progressive_external,"Graves' disease","Ophthalmoplegia, Chronic Progressive External"
http://healthcarekg.org/ontology/atopic_dermatitis,hasSymptom,http://healthcarekg.org/ontology/tinea_pedis,"atopic dermatitis","Tinea Pedis"
http://healthcarekg.org/ontology/parkinson_s_disease,hasSymptom,http://healthcarekg.org/ontology/ataxia,"Parkinson's disease","Ataxia"
http://healthcarekg.org/ontology/allergic_rhinitis,hasSymptom,http://healthcarekg.org/ontology/neurogenic_inflammation,"allergic rhinitis","Neurogenic Inflammation"
http://healthcarekg.org/ontology/dilated_cardiomyopathy,hasSymptom,http://healthcarekg.org/ontology/brain_death,"dilated cardiomyopathy","Brain Death"
http://healthcarekg.org/ontology/glaucoma,hasSymptom,http://healthcarekg.org/ontology/mydriasis,"glaucoma","Mydriasis"
http://healthcarekg.org/ontology/sarcoma,hasSymptom,http://healthcarekg.org/ontology/neurologic_manifestations,"sarcoma","Neurologic Manifestations"
http://healthcarekg.org/ontology/germ_cell_cancer,hasSymptom,http://healthcarekg.org/ontology/vomiting,"germ cell cancer","Vomiting"
http://healthcarekg.org/ontology/bile_duct_cancer,hasSymptom,http://healthcarekg.org/ontology/jaundice_obstructive,"bile duct cancer","Jaundice, Obstructive"
http://healthcarekg.org/ontology/spinal_cancer,hasSymptom,http://healthcarekg.org/ontology/muscular_atrophy,"spinal cancer","Muscular Atrophy"
http://healthcarekg.org/ontology/creutzfeldt_jakob_disease,hasSymptom,http://healthcarekg.org/ontology/alien_hand_syndrome,"Creutzfeldt-Jakob disease","Alien Hand Syndrome"
http://healthcarekg.org/ontology/peripheral_nervous_system_neoplasm,hasSymptom,http://healthcarekg.org/ontology/metatarsalgia,"peripheral nervous system neoplasm","Metatarsalgia"
http://healthcarekg.org/ontology/hypothyroidism,treatedBy,http://healthcarekg.org/ontology/liotrix,"hypothyroidism","Liotrix"
http://healthcarekg.org/ontology/duodenum_cancer,hasSymptom,http://healthcarekg.org/ontology/vomiting,"duodenum cancer","Vomiting"
http://healthcarekg.org/ontology/parkinson_s_disease,hasSymptom,http://healthcarekg.org/ontology/spinocerebellar_ataxias,"Parkinson's disease","Spinocerebellar Ataxias"
http://healthcarekg.org/ontology/rectum_cancer,hasSymptom,http://healthcarekg.org/ontology/fever,"rectum cancer","Fever"
http://healthcarekg.org/ontology/behcet_s_disease,hasSymptom,http://healthcarekg.org/ontology/neurologic_manifestations,"Behcet's disease","Neurologic Manifestations"
http://healthcarekg.org/ontology/intracranial_aneurysm,hasSymptom,http://healthcarekg.org/ontology/blindness,"intracranial aneurysm","Blindness"
http://healthcarekg.org/ontology/germ_cell_cancer,hasSymptom,http://healthcarekg.org/ontology/hearing_loss_sudden,"germ cell cancer","Hearing Loss, Sudden"
http://healthcarekg.org/ontology/ocular_cancer,hasSymptom,http://healthcarekg.org/ontology/blindness,"ocular cancer","Blindness"
http://healthcarekg.org/ontology/asthma,treatedBy,http://healthcarekg.org/ontology/ipratropium_bromide,"asthma","Ipratropium bromide"
http://healthcarekg.org/ontology/meningioma,hasSymptom,http://healthcarekg.org/ontology/scotoma,"meningioma","Scotoma"
http://healthcarekg.org/ontology/liver_cancer,hasSymptom,http://healthcarekg.org/ontology/feminization,"liver cancer","Feminization"
http://healthcarekg.org/ontology/bone_cancer,treatedBy,http://healthcarekg.org/ontology/carboplatin,"bone cancer","Carboplatin"
http://healthcarekg.org/ontology/pharynx_cancer,hasSymptom,http://healthcarekg.org/ontology/syncope_vasovagal,"pharynx cancer","Syncope, Vasovagal"
http://healthcarekg.org/ontology/ankylosing_spondylitis,hasSymptom,http://healthcarekg.org/ontology/chronic_pain,"ankylosing spondylitis","Chronic Pain"
http://healthcarekg.org/ontology/testicular_cancer,treatedBy,http://healthcarekg.org/ontology/bleomycin,"testicular cancer","Bleomycin"
http://healthcarekg.org/ontology/otosclerosis,hasSymptom,http://healthcarekg.org/ontology/hearing_loss_noise_induced,"otosclerosis","Hearing Loss, Noise-Induced"
http://healthcarekg.org/ontology/hematologic_cancer,hasSymptom,http://healthcarekg.org/ontology/fatigue,"hematologic cancer","Fatigue"
http://healthcarekg.org/ontology/ulcerative_colitis,hasSymptom,http://healthcarekg.org/ontology/purpura_hyperglobulinemic,"ulcerative colitis","Purpura, Hyperglobulinemic"
http://healthcarekg.org/ontology/thymus_cancer,hasSymptom,http://healthcarekg.org/ontology/muscle_weakness,"thymus cancer","Muscle Weakness"
http://healthcarekg.org/ontology/kidney_cancer,hasSymptom,http://healthcarekg.org/ontology/pain_postoperative,"kidney cancer","Pain, Postoperative"
http://healthcarekg.org/ontology/germ_cell_cancer,hasSymptom,http://healthcarekg.org/ontology/hearing_loss_high_frequency,"germ cell cancer","Hearing Loss, High-Frequency"
http://healthcarekg.org/ontology/sarcoma,hasSymptom,http://healthcarekg.org/ontology/purpura_thrombocytopenic,"sarcoma","Purpura, Thrombocytopenic"
http://healthcarekg.org/ontology/periodontitis,hasSymptom,http://healthcarekg.org/ontology/mouth_breathing,"periodontitis","Mouth Breathing"
http://healthcarekg.org/ontology/breast_cancer,hasSymptom,http://healthcarekg.org/ontology/nausea,"breast cancer","Nausea"
http://healthcarekg.org/ontology/intracranial_aneurysm,hasSymptom,http://healthcarekg.org/ontology/amnesia_anterograde,"intracranial aneurysm","Amnesia, Anterograde"
http://healthcarekg.org/ontology/multiple_sclerosis,hasSymptom,http://healthcarekg.org/ontology/vision_low,"multiple sclerosis","Vision, Low"
http://healthcarekg.org/ontology/multiple_sclerosis,hasSymptom,http://healthcarekg.org/ontology/urinary_bladder_neurogenic,"multiple sclerosis","Urinary Bladder, Neurogenic"
http://healthcarekg.org/ontology/ovarian_cancer,hasSymptom,http://healthcarekg.org/ontology/pelvic_pain,"ovarian cancer","Pelvic Pain"
http://healthcarekg.org/ontology/head_and_neck_cancer,hasSymptom,http://healthcarekg.org/ontology/aphonia,"head and neck cancer","Aphonia"
http://healthcarekg.org/ontology/melanoma,hasSymptom,http://healthcarekg.org/ontology/blindness,"melanoma","Blindness"
http://healthcarekg.org/ontology/pharynx_cancer,hasSymptom,http://healthcarekg.org/ontology/vocal_cord_paralysis,"pharynx cancer","Vocal Cord Paralysis"
http://healthcarekg.org/ontology/endogenous_depression,hasSymptom,http://healthcarekg.org/ontology/anhedonia,"endogenous depression","Anhedonia"
http://healthcarekg.org/ontology/restless_legs_syndrome,hasSymptom,http://healthcarekg.org/ontology/phantom_limb,"Restless Legs Syndrome","Phantom Limb"
http://healthcarekg.org/ontology/chronic_obstructive_pulmonary_disease,hasSymptom,http://healthcarekg.org/ontology/respiratory_sounds,"chronic obstructive pulmonary disease","Respiratory Sounds"
http://healthcarekg.org/ontology/autistic_disorder,hasSymptom,http://healthcarekg.org/ontology/mutism,"autistic disorder","Mutism"
http://healthcarekg.org/ontology/stomach_cancer,hasSymptom,http://healthcarekg.org/ontology/fatigue,"stomach cancer","Fatigue"
http://healthcarekg.org/ontology/esophageal_cancer,hasSymptom,http://healthcarekg.org/ontology/hematemesis,"esophageal cancer","Hematemesis"
http://healthcarekg.org/ontology/asthma,treatedBy,http://healthcarekg.org/ontology/mometasone,"asthma","Mometasone"
http://healthcarekg.org/ontology/osteoporosis,treatedBy,http://healthcarekg.org/ontology/cholecalciferol,"osteoporosis","Cholecalciferol"
http://healthcarekg.org/ontology/atopic_dermatitis,hasSymptom,http://healthcarekg.org/ontology/respiratory_sounds,"atopic dermatitis","Respiratory Sounds"
http://healthcarekg.org/ontology/allergic_rhinitis,treatedBy,http://healthcarekg.org/ontology/diphenhydramine,"allergic rhinitis","Diphenhydramine"
http://healthcarekg.org/ontology/metabolic_syndrome_x,hasSymptom,http://healthcarekg.org/ontology/lower_urinary_tract_symptoms,"metabolic syndrome X","Lower Urinary Tract Symptoms"
http://healthcarekg.org/ontology/retroperitoneal_cancer,hasSymptom,http://healthcarekg.org/ontology/colic,"retroperitoneal cancer","Colic"
http://healthcarekg.org/ontology/multiple_sclerosis,hasSymptom,http://healthcarekg.org/ontology/constipation,"multiple sclerosis","Constipation"
http://healthcarekg.org/ontology/head_and_neck_cancer,hasSymptom,http://healthcarekg.org/ontology/trismus,"head and neck cancer","Trismus"
http://healthcarekg.org/ontology/germ_cell_cancer,hasSymptom,http://healthcarekg.org/ontology/hearing_loss_central,"germ cell cancer","Hearing Loss, Central"
http://healthcarekg.org/ontology/bone_cancer,hasSymptom,http://healthcarekg.org/ontology/arthralgia,"bone cancer","Arthralgia"
http://healthcarekg.org/ontology/ulcerative_colitis,hasSymptom,http://healthcarekg.org/ontology/arthralgia,"ulcerative colitis","Arthralgia"
http://healthcarekg.org/ontology/celiac_disease,hasSymptom,http://healthcarekg.org/ontology/abdomen_acute,"celiac disease","Abdomen, Acute"
http://healthcarekg.org/ontology/osteoporosis,treatedBy,http://healthcarekg.org/ontology/estropipate,"osteoporosis","Estropipate"
http://healthcarekg.org/ontology/gout,hasSymptom,http://healthcarekg.org/ontology/fever,"gout","Fever"
http://healthcarekg.org/ontology/hypertension,treatedBy,http://healthcarekg.org/ontology/quinapril,"hypertension","Quinapril"
http://healthcarekg.org/ontology/glaucoma,hasSymptom,http://healthcarekg.org/ontology/photophobia,"glaucoma","Photophobia"
http://healthcarekg.org/ontology/epilepsy_syndrome,treatedBy,http://healthcarekg.org/ontology/clobazam,"epilepsy syndrome","Clobazam"
http://healthcarekg.org/ontology/uterine_cancer,treatedBy,http://healthcarekg.org/ontology/etoposide,"uterine cancer","Etoposide"
http://healthcarekg.org/ontology/intracranial_aneurysm,hasSymptom,http://healthcarekg.org/ontology/neurologic_manifestations,"intracranial aneurysm","Neurologic Manifestations"
http://healthcarekg.org/ontology/creutzfeldt_jakob_disease,hasSymptom,http://healthcarekg.org/ontology/apraxias,"Creutzfeldt-Jakob disease","Apraxias"
http://healthcarekg.org/ontology/liver_cancer,hasSymptom,http://healthcarekg.org/ontology/hydrops_fetalis,"liver cancer","Hydrops Fetalis"
http://healthcarekg.org/ontology/esophageal_cancer,hasSymptom,http://healthcarekg.org/ontology/hiccup,"esophageal cancer","Hiccup"
http://healthcarekg.org/ontology/obesity,hasSymptom,http://healthcarekg.org/ontology/weight_gain,"Obesity","Weight Gain"
http://healthcarekg.org/ontology/crohn_s_disease,hasSymptom,http://healthcarekg.org/ontology/arthralgia,"Crohn's disease","Arthralgia"
http://healthcarekg.org/ontology/epilepsy_syndrome,treatedBy,http://healthcarekg.org/ontology/primidone,"epilepsy syndrome","Primidone"
http://healthcarekg.org/ontology/breast_cancer,treatedBy,http://healthcarekg.org/ontology/irinotecan,"breast cancer","Irinotecan"
http://healthcarekg.org/ontology/asthma,treatedBy,http://healthcarekg.org/ontology/budesonide,"asthma","Budesonide"
http://healthcarekg.org/ontology/osteoporosis,treatedBy,http://healthcarekg.org/ontology/calcium_acetate,"osteoporosis","Calcium Acetate"
http://healthcarekg.org/ontology/ureter_cancer,hasSymptom,http://healthcarekg.org/ontology/colic,"ureter cancer","Colic"
http://healthcarekg.org/ontology/multiple_sclerosis,hasSymptom,http://healthcarekg.org/ontology/scotoma,"multiple sclerosis","Scotoma"
http://healthcarekg.org/ontology/meningioma,hasSymptom,http://healthcarekg.org/ontology/sensation_disorders,"meningioma","Sensation Disorders"
http://healthcarekg.org/ontology/head_and_neck_cancer,hasSymptom,http://healthcarekg.org/ontology/olfaction_disorders,"head and neck cancer","Olfaction Disorders"
http://healthcarekg.org/ontology/leprosy,hasSymptom,http://healthcarekg.org/ontology/edema,"leprosy","Edema"
http://healthcarekg.org/ontology/hepatitis_b,treatedBy,http://healthcarekg.org/ontology/entecavir,"hepatitis B","Entecavir"
http://healthcarekg.org/ontology/multiple_sclerosis,hasSymptom,http://healthcarekg.org/ontology/color_vision_defects,"multiple sclerosis","Color Vision Defects"
http://healthcarekg.org/ontology/allergic_rhinitis,hasSymptom,http://healthcarekg.org/ontology/edema,"allergic rhinitis","Edema"
http://healthcarekg.org/ontology/amyotrophic_lateral_sclerosis,hasSymptom,http://healthcarekg.org/ontology/articulation_disorders,"amyotrophic lateral sclerosis","Articulation Disorders"
http://healthcarekg.org/ontology/crohn_s_disease,hasSymptom,http://healthcarekg.org/ontology/pain_postoperative,"Crohn's disease","Pain, Postoperative"
http://healthcarekg.org/ontology/acquired_immunodeficiency_syndrome,hasSymptom,http://healthcarekg.org/ontology/fever,"acquired immunodeficiency syndrome","Fever"
http://healthcarekg.org/ontology/behcet_s_disease,hasSymptom,http://healthcarekg.org/ontology/arthralgia,"Behcet's disease","Arthralgia"
http://healthcarekg.org/ontology/muscle_cancer,hasSymptom,http://healthcarekg.org/ontology/pain_intractable,"muscle cancer","Pain, Intractable"
http://healthcarekg.org/ontology/coronary_artery_disease,treatedBy,http://healthcarekg.org/ontology/atorvastatin,"coronary artery disease","Atorvastatin"
http://healthcarekg.org/ontology/systemic_lupus_erythematosus,hasSymptom,http://healthcarekg.org/ontology/oral_manifestations,"systemic lupus erythematosus","Oral Manifestations"
http://healthcarekg.org/ontology/skin_cancer,hasSymptom,http://healthcarekg.org/ontology/ecchymosis,"skin cancer","Ecchymosis"
http://healthcarekg.org/ontology/gilles_de_la_tourette_syndrome,hasSymptom,http://healthcarekg.org/ontology/akathisia_drug_induced,"Gilles de la Tourette syndrome","Akathisia, Drug-Induced"
http://healthcarekg.org/ontology/pancreatitis,hasSymptom,http://healthcarekg.org/ontology/pain_postoperative,"pancreatitis","Pain, Postoperative"
http://healthcarekg.org/ontology/systemic_lupus_erythematosus,hasSymptom,http://healthcarekg.org/ontology/confusion,"systemic lupus erythematosus","Confusion"
http://healthcarekg.org/ontology/gilles_de_la_tourette_syndrome,hasSymptom,http://healthcarekg.org/ontology/torticollis,"Gilles de la Tourette syndrome","Torticollis"
http://healthcarekg.org/ontology/malignant_glioma,hasSymptom,http://healthcarekg.org/ontology/amnesia,"malignant glioma","Amnesia"
http://healthcarekg.org/ontology/germ_cell_cancer,hasSymptom,http://healthcarekg.org/ontology/cerebellar_ataxia,"germ cell cancer","Cerebellar Ataxia"
http://healthcarekg.org/ontology/bone_cancer,hasSymptom,http://healthcarekg.org/ontology/edema,"bone cancer","Edema"
http://healthcarekg.org/ontology/osteoporosis,hasSymptom,http://healthcarekg.org/ontology/muscle_weakness,"osteoporosis","Muscle Weakness"
http://healthcarekg.org/ontology/germ_cell_cancer,hasSymptom,http://healthcarekg.org/ontology/hematemesis,"germ cell cancer","Hematemesis"
http://healthcarekg.org/ontology/glaucoma,hasSymptom,http://healthcarekg.org/ontology/eye_manifestations,"glaucoma","Eye Manifestations"
http://healthcarekg.org/ontology/hypothyroidism,treatedBy,http://healthcarekg.org/ontology/levothyroxine,"hypothyroidism","Levothyroxine"
http://healthcarekg.org/ontology/germ_cell_cancer,hasSymptom,http://healthcarekg.org/ontology/hemiplegia,"germ cell cancer","Hemiplegia"
http://healthcarekg.org/ontology/systemic_lupus_erythematosus,hasSymptom,http://healthcarekg.org/ontology/catatonia,"systemic lupus erythematosus","Catatonia"
http://healthcarekg.org/ontology/pharynx_cancer,hasSymptom,http://healthcarekg.org/ontology/hearing_loss_sensorineural,"pharynx cancer","Hearing Loss, Sensorineural"
http://healthcarekg.org/ontology/cervical_cancer,treatedBy,http://healthcarekg.org/ontology/topotecan,"cervical cancer","Topotecan"
http://healthcarekg.org/ontology/lung_cancer,hasSymptom,http://healthcarekg.org/ontology/cough,"lung cancer","Cough"
http://healthcarekg.org/ontology/spinal_cancer,hasSymptom,http://healthcarekg.org/ontology/paraparesis_spastic,"spinal cancer","Paraparesis, Spastic"
http://healthcarekg.org/ontology/adrenal_gland_cancer,hasSymptom,http://healthcarekg.org/ontology/eye_manifestations,"adrenal gland cancer","Eye Manifestations"
http://healthcarekg.org/ontology/paget_s_disease_of_bone,hasSymptom,http://healthcarekg.org/ontology/deafness,"Paget's disease of bone","Deafness"
http://healthcarekg.org/ontology/hematologic_cancer,treatedBy,http://healthcarekg.org/ontology/daunorubicin,"hematologic cancer","Daunorubicin"
http://healthcarekg.org/ontology/kawasaki_disease,hasSymptom,http://healthcarekg.org/ontology/fever,"Kawasaki disease","Fever"
http://healthcarekg.org/ontology/hypertension,treatedBy,http://healthcarekg.org/ontology/fosinopril,"hypertension","Fosinopril"
http://healthcarekg.org/ontology/osteoporosis,treatedBy,http://healthcarekg.org/ontology/ethinyl_estradiol,"osteoporosis","Ethinyl Estradiol"
http://healthcarekg.org/ontology/sarcoma,hasSymptom,http://healthcarekg.org/ontology/edema,"sarcoma","Edema"
http://healthcarekg.org/ontology/crohn_s_disease,hasSymptom,http://healthcarekg.org/ontology/edema,"Crohn's disease","Edema"
http://healthcarekg.org/ontology/ovarian_cancer,hasSymptom,http://healthcarekg.org/ontology/paresthesia,"ovarian cancer","Paresthesia"
http://healthcarekg.org/ontology/brain_cancer,hasSymptom,http://healthcarekg.org/ontology/apnea,"brain cancer","Apnea"
http://healthcarekg.org/ontology/chronic_kidney_failure,hasSymptom,http://healthcarekg.org/ontology/oliguria,"chronic kidney failure","Oliguria"
http://healthcarekg.org/ontology/leprosy,hasSymptom,http://healthcarekg.org/ontology/facial_paralysis,"leprosy","Facial Paralysis"
http://healthcarekg.org/ontology/amyotrophic_lateral_sclerosis,hasSymptom,http://healthcarekg.org/ontology/ataxia,"amyotrophic lateral sclerosis","Ataxia"
http://healthcarekg.org/ontology/osteoarthritis,hasSymptom,http://healthcarekg.org/ontology/metatarsalgia,"osteoarthritis","Metatarsalgia"
http://healthcarekg.org/ontology/rheumatoid_arthritis,hasSymptom,http://healthcarekg.org/ontology/sensation_disorders,"rheumatoid arthritis","Sensation Disorders"
http://healthcarekg.org/ontology/osteoporosis,treatedBy,http://healthcarekg.org/ontology/pamidronate,"osteoporosis","Pamidronate"
http://healthcarekg.org/ontology/prostate_cancer,hasSymptom,http://healthcarekg.org/ontology/diarrhea,"prostate cancer","Diarrhea"
http://healthcarekg.org/ontology/stomach_cancer,hasSymptom,http://healthcarekg.org/ontology/constipation,"stomach cancer","Constipation"
http://healthcarekg.org/ontology/cervical_cancer,hasSymptom,http://healthcarekg.org/ontology/urinary_incontinence,"cervical cancer","Urinary Incontinence"
http://healthcarekg.org/ontology/thyroid_cancer,hasSymptom,http://healthcarekg.org/ontology/voice_disorders,"thyroid cancer","Voice Disorders"
http://healthcarekg.org/ontology/attention_deficit_hyperactivity_disorder,hasSymptom,http://healthcarekg.org/ontology/intellectual_disability,"attention deficit hyperactivity disorder","Intellectual Disability"
http://healthcarekg.org/ontology/anemia,hasSymptom,http://healthcarekg.org/ontology/heart_murmurs,"anemia","Heart Murmurs"
http://healthcarekg.org/ontology/chronic_obstructive_pulmonary_disease,treatedBy,http://healthcarekg.org/ontology/formoterol,"chronic obstructive pulmonary disease","Formoterol"
http://healthcarekg.org/ontology/atherosclerosis,hasSymptom,http://healthcarekg.org/ontology/overweight,"atherosclerosis","Overweight"
http://healthcarekg.org/ontology/rheumatoid_arthritis,hasSymptom,http://healthcarekg.org/ontology/psychophysiologic_disorders,"rheumatoid arthritis","Psychophysiologic Disorders"
http://healthcarekg.org/ontology/multiple_sclerosis,hasSymptom,http://healthcarekg.org/ontology/sensation_disorders,"multiple sclerosis","Sensation Disorders"
http://healthcarekg.org/ontology/coronary_artery_disease,hasSymptom,http://healthcarekg.org/ontology/microvascular_angina,"coronary artery disease","Microvascular Angina"
http://healthcarekg.org/ontology/alcohol_dependence,hasSymptom,http://healthcarekg.org/ontology/amblyopia,"alcohol dependence","Amblyopia"
http://healthcarekg.org/ontology/bone_cancer,hasSymptom,http://healthcarekg.org/ontology/facial_paralysis,"bone cancer","Facial Paralysis"
http://healthcarekg.org/ontology/epilepsy_syndrome,hasSymptom,http://healthcarekg.org/ontology/sleep_disorders_intrinsic,"epilepsy syndrome","Sleep Disorders, Intrinsic"
http://healthcarekg.org/ontology/gout,treatedBy,http://healthcarekg.org/ontology/indomethacin,"gout","Indomethacin"
http://healthcarekg.org/ontology/testicular_cancer,hasSymptom,http://healthcarekg.org/ontology/back_pain,"testicular cancer","Back Pain"
http://healthcarekg.org/ontology/hematologic_cancer,hasSymptom,http://healthcarekg.org/ontology/diarrhea,"hematologic cancer","Diarrhea"
http://healthcarekg.org/ontology/osteoporosis,hasSymptom,http://healthcarekg.org/ontology/mobility_limitation,"osteoporosis","Mobility Limitation"
http://healthcarekg.org/ontology/epilepsy_syndrome,hasSymptom,http://healthcarekg.org/ontology/kearns_sayre_syndrome,"epilepsy syndrome","Kearns-Sayre Syndrome"
http://healthcarekg.org/ontology/hypertension,hasSymptom,http://healthcarekg.org/ontology/fetal_distress,"hypertension","Fetal Distress"
http://healthcarekg.org/ontology/spinal_cancer,hasSymptom,http://healthcarekg.org/ontology/pain_intractable,"spinal cancer","Pain, Intractable"
http://healthcarekg.org/ontology/ankylosing_spondylitis,treatedBy,http://healthcarekg.org/ontology/triamcinolone,"ankylosing spondylitis","Triamcinolone"
http://healthcarekg.org/ontology/head_and_neck_cancer,hasSymptom,http://healthcarekg.org/ontology/syncope_vasovagal,"head and neck cancer","Syncope, Vasovagal"
http://healthcarekg.org/ontology/head_and_neck_cancer,hasSymptom,http://healthcarekg.org/ontology/amblyopia,"head and neck cancer","Amblyopia"
http://healthcarekg.org/ontology/psoriasis,hasSymptom,http://healthcarekg.org/ontology/skin_manifestations,"psoriasis","Skin Manifestations"
http://healthcarekg.org/ontology/dilated_cardiomyopathy,hasSymptom,http://healthcarekg.org/ontology/glycogen_storage_disease_type_iib,"dilated cardiomyopathy","Glycogen Storage Disease Type IIb"
http://healthcarekg.org/ontology/hypertension,treatedBy,http://healthcarekg.org/ontology/betaxolol,"hypertension","Betaxolol"
http://healthcarekg.org/ontology/urinary_bladder_cancer,hasSymptom,http://healthcarekg.org/ontology/sarcopenia,"urinary bladder cancer","Sarcopenia"
http://healthcarekg.org/ontology/osteoarthritis,hasSymptom,http://healthcarekg.org/ontology/back_pain,"osteoarthritis","Back Pain"
http://healthcarekg.org/ontology/esophageal_cancer,treatedBy,http://healthcarekg.org/ontology/carboplatin,"esophageal cancer","Carboplatin"
http://healthcarekg.org/ontology/polycystic_ovary_syndrome,hasSymptom,http://healthcarekg.org/ontology/bulimia,"polycystic ovary syndrome","Bulimia"
http://healthcarekg.org/ontology/brain_cancer,hasSymptom,http://healthcarekg.org/ontology/cafe_au_lait_spots,"brain cancer","Cafe-au-Lait Spots"
http://healthcarekg.org/ontology/sarcoma,hasSymptom,http://healthcarekg.org/ontology/facial_paralysis,"sarcoma","Facial Paralysis"
http://healthcarekg.org/ontology/kidney_cancer,hasSymptom,http://healthcarekg.org/ontology/colic,"kidney cancer","Colic"
http://healthcarekg.org/ontology/fuchs_endothelial_dystrophy,hasSymptom,http://healthcarekg.org/ontology/pupil_disorders,"Fuchs' endothelial dystrophy","Pupil Disorders"
http://healthcarekg.org/ontology/endogenous_depression,hasSymptom,http://healthcarekg.org/ontology/chronic_pain,"endogenous depression","Chronic Pain"
http://healthcarekg.org/ontology/acquired_immunodeficiency_syndrome,hasSymptom,http://healthcarekg.org/ontology/delirium,"acquired immunodeficiency syndrome","Delirium"
http://healthcarekg.org/ontology/thoracic_aortic_aneurysm,hasSymptom,http://healthcarekg.org/ontology/paralysis,"thoracic aortic aneurysm","Paralysis"
http://healthcarekg.org/ontology/lymphatic_system_cancer,treatedBy,http://healthcarekg.org/ontology/fludarabine,"lymphatic system cancer","Fludarabine"
http://healthcarekg.org/ontology/asthma,treatedBy,http://healthcarekg.org/ontology/cromoglicic_acid,"asthma","Cromoglicic acid"
http://healthcarekg.org/ontology/gallbladder_cancer,hasSymptom,http://healthcarekg.org/ontology/abdomen_acute,"gallbladder cancer","Abdomen, Acute"
http://healthcarekg.org/ontology/stomach_cancer,hasSymptom,http://healthcarekg.org/ontology/diarrhea,"stomach cancer","Diarrhea"
http://healthcarekg.org/ontology/cleft_lip,hasSymptom,http://healthcarekg.org/ontology/intellectual_disability,"cleft lip","Intellectual Disability"
http://healthcarekg.org/ontology/bipolar_disorder,hasSymptom,http://healthcarekg.org/ontology/hallucinations,"bipolar disorder","Hallucinations"
http://healthcarekg.org/ontology/adrenal_gland_cancer,hasSymptom,http://healthcarekg.org/ontology/fever,"adrenal gland cancer","Fever"
http://healthcarekg.org/ontology/rheumatoid_arthritis,hasSymptom,http://healthcarekg.org/ontology/pain_threshold,"rheumatoid arthritis","Pain Threshold"
http://healthcarekg.org/ontology/iga_glomerulonephritis,hasSymptom,http://healthcarekg.org/ontology/purpura_thrombocytopenic_idiopathic,"IgA glomerulonephritis","Purpura, Thrombocytopenic, Idiopathic"
http://healthcarekg.org/ontology/parkinson_s_disease,hasSymptom,http://healthcarekg.org/ontology/hypotension_orthostatic,"Parkinson's disease","Hypotension, Orthostatic"
http://healthcarekg.org/ontology/hypertension,treatedBy,http://healthcarekg.org/ontology/atorvastatin,"hypertension","Atorvastatin"
http://healthcarekg.org/ontology/peripheral_nervous_system_neoplasm,hasSymptom,http://healthcarekg.org/ontology/hearing_loss_bilateral,"peripheral nervous system neoplasm","Hearing Loss, Bilateral"
http://healthcarekg.org/ontology/peripheral_nervous_system_neoplasm,treatedBy,http://healthcarekg.org/ontology/dactinomycin,"peripheral nervous system neoplasm","Dactinomycin"
http://healthcarekg.org/ontology/ocular_cancer,hasSymptom,http://healthcarekg.org/ontology/edema,"ocular cancer","Edema"
http://healthcarekg.org/ontology/meningioma,hasSymptom,http://healthcarekg.org/ontology/dizziness,"meningioma","Dizziness"
http://healthcarekg.org/ontology/obesity,hasSymptom,http://healthcarekg.org/ontology/thinness,"Obesity","Thinness"
http://healthcarekg.org/ontology/conduct_disorder,hasSymptom,http://healthcarekg.org/ontology/communication_disorders,"conduct disorder","Communication Disorders"
http://healthcarekg.org/ontology/ovarian_cancer,hasSymptom,http://healthcarekg.org/ontology/dysmenorrhea,"ovarian cancer","Dysmenorrhea"
http://healthcarekg.org/ontology/dilated_cardiomyopathy,treatedBy,http://healthcarekg.org/ontology/lisinopril,"dilated cardiomyopathy","Lisinopril"
http://healthcarekg.org/ontology/hypertension,treatedBy,http://healthcarekg.org/ontology/acebutolol,"hypertension","Acebutolol"
http://healthcarekg.org/ontology/pharynx_cancer,hasSymptom,http://healthcarekg.org/ontology/hearing_disorders,"pharynx cancer","Hearing Disorders"
http://healthcarekg.org/ontology/breast_cancer,hasSymptom,http://healthcarekg.org/ontology/myalgia,"breast cancer","Myalgia"
http://healthcarekg.org/ontology/esophageal_cancer,hasSymptom,http://healthcarekg.org/ontology/chest_pain,"esophageal cancer","Chest Pain"
http://healthcarekg.org/ontology/meningioma,hasSymptom,http://healthcarekg.org/ontology/facial_pain,"meningioma","Facial Pain"
http://healthcarekg.org/ontology/lung_cancer,hasSymptom,http://healthcarekg.org/ontology/back_pain,"lung cancer","Back Pain"
http://healthcarekg.org/ontology/ulcerative_colitis,hasSymptom,http://healthcarekg.org/ontology/colic,"ulcerative colitis","Colic"
http://healthcarekg.org/ontology/nephrolithiasis,hasSymptom,http://healthcarekg.org/ontology/proteinuria,"nephrolithiasis","Proteinuria"
http://healthcarekg.org/ontology/brain_cancer,hasSymptom,http://healthcarekg.org/ontology/neurologic_manifestations,"brain cancer","Neurologic Manifestations"
http://healthcarekg.org/ontology/nicotine_dependence,hasSymptom,http://healthcarekg.org/ontology/amblyopia,"nicotine dependence","Amblyopia"
http://healthcarekg.org/ontology/hypertension,treatedBy,http://healthcarekg.org/ontology/amlodipine,"hypertension","Amlodipine"
http://healthcarekg.org/ontology/ankylosing_spondylitis,hasSymptom,http://healthcarekg.org/ontology/hypesthesia,"ankylosing spondylitis","Hypesthesia"
http://healthcarekg.org/ontology/atopic_dermatitis,hasSymptom,http://healthcarekg.org/ontology/pruritus,"atopic dermatitis","Pruritus"
http://healthcarekg.org/ontology/muscle_cancer,hasSymptom,http://healthcarekg.org/ontology/diplopia,"muscle cancer","Diplopia"
http://healthcarekg.org/ontology/peripheral_nervous_system_neoplasm,hasSymptom,http://healthcarekg.org/ontology/muscle_weakness,"peripheral nervous system neoplasm","Muscle Weakness"
http://healthcarekg.org/ontology/acquired_immunodeficiency_syndrome,treatedBy,http://healthcarekg.org/ontology/indinavir,"acquired immunodeficiency syndrome","Indinavir"
http://healthcarekg.org/ontology/psoriasis,treatedBy,http://healthcarekg.org/ontology/methotrexate,"psoriasis","Methotrexate"
http://healthcarekg.org/ontology/retroperitoneal_cancer,hasSymptom,http://healthcarekg.org/ontology/fever,"retroperitoneal cancer","Fever"
http://healthcarekg.org/ontology/hypertension,treatedBy,http://healthcarekg.org/ontology/irbesartan,"hypertension","Irbesartan"
http://healthcarekg.org/ontology/systemic_lupus_erythematosus,hasSymptom,http://healthcarekg.org/ontology/urinary_bladder_neurogenic,"systemic lupus erythematosus","Urinary Bladder, Neurogenic"
http://healthcarekg.org/ontology/breast_cancer,treatedBy,http://healthcarekg.org/ontology/fulvestrant,"breast cancer","Fulvestrant"
http://healthcarekg.org/ontology/asthma,hasSymptom,http://healthcarekg.org/ontology/voice_disorders,"asthma","Voice Disorders"
http://healthcarekg.org/ontology/head_and_neck_cancer,hasSymptom,http://healthcarekg.org/ontology/deafness,"head and neck cancer","Deafness"
http://healthcarekg.org/ontology/melanoma,hasSymptom,http://healthcarekg.org/ontology/edema,"melanoma","Edema"
http://healthcarekg.org/ontology/kawasaki_disease,hasSymptom,http://healthcarekg.org/ontology/hearing_loss_sensorineural,"Kawasaki disease","Hearing Loss, Sensorineural"
http://healthcarekg.org/ontology/type_1_diabetes_mellitus,hasSymptom,http://healthcarekg.org/ontology/hearing_loss_sensorineural,"type 1 diabetes mellitus","Hearing Loss, Sensorineural"
http://healthcarekg.org/ontology/autistic_disorder,hasSymptom,http://healthcarekg.org/ontology/deafness,"autistic disorder","Deafness"
http://healthcarekg.org/ontology/otosclerosis,hasSymptom,http://healthcarekg.org/ontology/reflex_abnormal,"otosclerosis","Reflex, Abnormal"
http://healthcarekg.org/ontology/psoriasis,treatedBy,http://healthcarekg.org/ontology/triamcinolone,"psoriasis","Triamcinolone"
http://healthcarekg.org/ontology/prostate_cancer,treatedBy,http://healthcarekg.org/ontology/etoposide,"prostate cancer","Etoposide"
http://healthcarekg.org/ontology/prostate_cancer,treatedBy,http://healthcarekg.org/ontology/nilutamide,"prostate cancer","Nilutamide"
http://healthcarekg.org/ontology/systemic_scleroderma,treatedBy,http://healthcarekg.org/ontology/mycophenolic_acid,"systemic scleroderma","Mycophenolic acid"
http://healthcarekg.org/ontology/pharynx_cancer,hasSymptom,http://healthcarekg.org/ontology/taste_disorders,"pharynx cancer","Taste Disorders"
http://healthcarekg.org/ontology/crohn_s_disease,hasSymptom,http://healthcarekg.org/ontology/colic,"Crohn's disease","Colic"
http://healthcarekg.org/ontology/coronary_artery_disease,treatedBy,http://healthcarekg.org/ontology/losartan,"coronary artery disease","Losartan"
http://healthcarekg.org/ontology/endogenous_depression,hasSymptom,http://healthcarekg.org/ontology/pain_intractable,"endogenous depression","Pain, Intractable"
http://healthcarekg.org/ontology/vascular_cancer,hasSymptom,http://healthcarekg.org/ontology/paraparesis,"vascular cancer","Paraparesis"
http://healthcarekg.org/ontology/liver_cancer,hasSymptom,http://healthcarekg.org/ontology/diarrhea,"liver cancer","Diarrhea"
http://healthcarekg.org/ontology/schizophrenia,hasSymptom,http://healthcarekg.org/ontology/sleep_initiation_and_maintenance_disorders,"schizophrenia","Sleep Initiation and Maintenance Disorders"
http://healthcarekg.org/ontology/hypertension,hasSymptom,http://healthcarekg.org/ontology/microvascular_angina,"hypertension","Microvascular Angina"
http://healthcarekg.org/ontology/abdominal_aortic_aneurysm,hasSymptom,http://healthcarekg.org/ontology/hypothermia,"abdominal aortic aneurysm","Hypothermia"
http://healthcarekg.org/ontology/intracranial_aneurysm,hasSymptom,http://healthcarekg.org/ontology/facial_paralysis,"intracranial aneurysm","Facial Paralysis"
http://healthcarekg.org/ontology/nicotine_dependence,hasSymptom,http://healthcarekg.org/ontology/anhedonia,"nicotine dependence","Anhedonia"
http://healthcarekg.org/ontology/metabolic_syndrome_x,hasSymptom,http://healthcarekg.org/ontology/pediatric_obesity,"metabolic syndrome X","Pediatric Obesity"
http://healthcarekg.org/ontology/hypothyroidism,hasSymptom,http://healthcarekg.org/ontology/ataxia,"hypothyroidism","Ataxia"
http://healthcarekg.org/ontology/breast_cancer,treatedBy,http://healthcarekg.org/ontology/letrozole,"breast cancer","Letrozole"
http://healthcarekg.org/ontology/appendix_cancer,hasSymptom,http://healthcarekg.org/ontology/abdominal_pain,"appendix cancer","Abdominal Pain"
http://healthcarekg.org/ontology/fuchs_endothelial_dystrophy,hasSymptom,http://healthcarekg.org/ontology/vision_disorders,"Fuchs' endothelial dystrophy","Vision Disorders"
http://healthcarekg.org/ontology/hematologic_cancer,treatedBy,http://healthcarekg.org/ontology/etoposide,"hematologic cancer","Etoposide"
http://healthcarekg.org/ontology/adrenal_gland_cancer,hasSymptom,http://healthcarekg.org/ontology/headache,"adrenal gland cancer","Headache"
http://healthcarekg.org/ontology/anemia,hasSymptom,http://healthcarekg.org/ontology/fever_of_unknown_origin,"anemia","Fever of Unknown Origin"
http://healthcarekg.org/ontology/thyroid_cancer,hasSymptom,http://healthcarekg.org/ontology/polydipsia,"thyroid cancer","Polydipsia"
http://healthcarekg.org/ontology/chronic_kidney_failure,hasSymptom,http://healthcarekg.org/ontology/dyspepsia,"chronic kidney failure","Dyspepsia"
http://healthcarekg.org/ontology/abdominal_aortic_aneurysm,hasSymptom,http://healthcarekg.org/ontology/pain_referred,"abdominal aortic aneurysm","Pain, Referred"
http://healthcarekg.org/ontology/metabolic_syndrome_x,treatedBy,http://healthcarekg.org/ontology/metformin,"metabolic syndrome X","Metformin"
http://healthcarekg.org/ontology/brain_cancer,treatedBy,http://healthcarekg.org/ontology/carboplatin,"brain cancer","Carboplatin"
http://healthcarekg.org/ontology/creutzfeldt_jakob_disease,hasSymptom,http://healthcarekg.org/ontology/supranuclear_palsy_progressive,"Creutzfeldt-Jakob disease","Supranuclear Palsy, Progressive"
http://healthcarekg.org/ontology/creutzfeldt_jakob_disease,hasSymptom,http://healthcarekg.org/ontology/hallucinations,"Creutzfeldt-Jakob disease","Hallucinations"
http://healthcarekg.org/ontology/meningioma,hasSymptom,http://healthcarekg.org/ontology/urinary_incontinence,"meningioma","Urinary Incontinence"
http://healthcarekg.org/ontology/larynx_cancer,hasSymptom,http://healthcarekg.org/ontology/hemoptysis,"larynx cancer","Hemoptysis"
http://healthcarekg.org/ontology/nicotine_dependence,treatedBy,http://healthcarekg.org/ontology/varenicline,"nicotine dependence","Varenicline"
http://healthcarekg.org/ontology/peritoneum_cancer,hasSymptom,http://healthcarekg.org/ontology/nausea,"peritoneum cancer","Nausea"
http://healthcarekg.org/ontology/rheumatoid_arthritis,hasSymptom,http://healthcarekg.org/ontology/facial_pain,"rheumatoid arthritis","Facial Pain"
http://healthcarekg.org/ontology/multiple_sclerosis,hasSymptom,http://healthcarekg.org/ontology/dizziness,"multiple sclerosis","Dizziness"
http://healthcarekg.org/ontology/pancreatic_cancer,treatedBy,http://healthcarekg.org/ontology/tamoxifen,"pancreatic cancer","Tamoxifen"
http://healthcarekg.org/ontology/germ_cell_cancer,hasSymptom,http://healthcarekg.org/ontology/chest_pain,"germ cell cancer","Chest Pain"
http://healthcarekg.org/ontology/chronic_kidney_failure,hasSymptom,http://healthcarekg.org/ontology/nocturnal_myoclonus_syndrome,"chronic kidney failure","Nocturnal Myoclonus Syndrome"
http://healthcarekg.org/ontology/breast_cancer,hasSymptom,http://healthcarekg.org/ontology/sleep_initiation_and_maintenance_disorders,"breast cancer","Sleep Initiation and Maintenance Disorders"
http://healthcarekg.org/ontology/malignant_glioma,hasSymptom,http://healthcarekg.org/ontology/mutism,"malignant glioma","Mutism"
http://healthcarekg.org/ontology/rectum_cancer,hasSymptom,http://healthcarekg.org/ontology/abdominal_pain,"rectum cancer","Abdominal Pain"
http://healthcarekg.org/ontology/age_related_macular_degeneration,hasSymptom,http://healthcarekg.org/ontology/vision_low,"age related macular degeneration","Vision, Low"
http://healthcarekg.org/ontology/germ_cell_cancer,hasSymptom,http://healthcarekg.org/ontology/abdomen_acute,"germ cell cancer","Abdomen, Acute"
http://healthcarekg.org/ontology/pharynx_cancer,hasSymptom,http://healthcarekg.org/ontology/paralysis,"pharynx cancer","Paralysis"
http://healthcarekg.org/ontology/kidney_cancer,hasSymptom,http://healthcarekg.org/ontology/anoxia,"kidney cancer","Anoxia"
http://healthcarekg.org/ontology/otosclerosis,hasSymptom,http://healthcarekg.org/ontology/hearing_loss_high_frequency,"otosclerosis","Hearing Loss, High-Frequency"
http://healthcarekg.org/ontology/lung_cancer,treatedBy,http://healthcarekg.org/ontology/teniposide,"lung cancer","Teniposide"
http://healthcarekg.org/ontology/hypertension,hasSymptom,http://healthcarekg.org/ontology/hearing_loss_noise_induced,"hypertension","Hearing Loss, Noise-Induced"
http://healthcarekg.org/ontology/bone_cancer,hasSymptom,http://healthcarekg.org/ontology/earache,"bone cancer","Earache"
http://healthcarekg.org/ontology/duodenum_cancer,hasSymptom,http://healthcarekg.org/ontology/abdomen_acute,"duodenum cancer","Abdomen, Acute"
http://healthcarekg.org/ontology/intracranial_aneurysm,hasSymptom,http://healthcarekg.org/ontology/mydriasis,"intracranial aneurysm","Mydriasis"
http://healthcarekg.org/ontology/rheumatoid_arthritis,treatedBy,http://healthcarekg.org/ontology/prednisone,"rheumatoid arthritis","Prednisone"
http://healthcarekg.org/ontology/peripheral_nervous_system_neoplasm,hasSymptom,http://healthcarekg.org/ontology/headache,"peripheral nervous system neoplasm","Headache"
http://healthcarekg.org/ontology/creutzfeldt_jakob_disease,hasSymptom,http://healthcarekg.org/ontology/aphasia_primary_progressive,"Creutzfeldt-Jakob disease","Aphasia, Primary Progressive"
http://healthcarekg.org/ontology/hypertension,treatedBy,http://healthcarekg.org/ontology/clonidine,"hypertension","Clonidine"
http://healthcarekg.org/ontology/alcohol_dependence,hasSymptom,http://healthcarekg.org/ontology/tremor,"alcohol dependence","Tremor"
http://healthcarekg.org/ontology/penile_cancer,hasSymptom,http://healthcarekg.org/ontology/cafe_au_lait_spots,"penile cancer","Cafe-au-Lait Spots"
http://healthcarekg.org/ontology/hypothyroidism,hasSymptom,http://healthcarekg.org/ontology/hoarseness,"hypothyroidism","Hoarseness"
http://healthcarekg.org/ontology/ovarian_cancer,hasSymptom,http://healthcarekg.org/ontology/flatulence,"ovarian cancer","Flatulence"
http://healthcarekg.org/ontology/leprosy,hasSymptom,http://healthcarekg.org/ontology/eye_manifestations,"leprosy","Eye Manifestations"
http://healthcarekg.org/ontology/rectum_cancer,hasSymptom,http://healthcarekg.org/ontology/fatigue,"rectum cancer","Fatigue"
http://healthcarekg.org/ontology/graves_disease,hasSymptom,http://healthcarekg.org/ontology/blindness,"Graves' disease","Blindness"
http://healthcarekg.org/ontology/creutzfeldt_jakob_disease,hasSymptom,http://healthcarekg.org/ontology/aphasia_wernicke,"Creutzfeldt-Jakob disease","Aphasia, Wernicke"
http://healthcarekg.org/ontology/lung_cancer,treatedBy,http://healthcarekg.org/ontology/pemetrexed,"lung cancer","Pemetrexed"
http://healthcarekg.org/ontology/creutzfeldt_jakob_disease,hasSymptom,http://healthcarekg.org/ontology/hypokinesia,"Creutzfeldt-Jakob disease","Hypokinesia"
http://healthcarekg.org/ontology/glaucoma,hasSymptom,http://healthcarekg.org/ontology/retinal_hemorrhage,"glaucoma","Retinal Hemorrhage"
http://healthcarekg.org/ontology/endogenous_depression,hasSymptom,http://healthcarekg.org/ontology/nausea,"endogenous depression","Nausea"
http://healthcarekg.org/ontology/hypertension,hasSymptom,http://healthcarekg.org/ontology/hypotension_orthostatic,"hypertension","Hypotension, Orthostatic"
http://healthcarekg.org/ontology/ovarian_cancer,treatedBy,http://healthcarekg.org/ontology/chlorambucil,"ovarian cancer","Chlorambucil"
http://healthcarekg.org/ontology/peripheral_nervous_system_neoplasm,treatedBy,http://healthcarekg.org/ontology/melphalan,"peripheral nervous system neoplasm","Melphalan"
http://healthcarekg.org/ontology/amyotrophic_lateral_sclerosis,hasSymptom,http://healthcarekg.org/ontology/quadriplegia,"amyotrophic lateral sclerosis","Quadriplegia"
http://healthcarekg.org/ontology/fallopian_tube_cancer,hasSymptom,http://healthcarekg.org/ontology/pain,"fallopian tube cancer","Pain"
http://healthcarekg.org/ontology/age_related_macular_degeneration,hasSymptom,http://healthcarekg.org/ontology/scotoma,"age related macular degeneration","Scotoma"
http://healthcarekg.org/ontology/breast_cancer,treatedBy,http://healthcarekg.org/ontology/epirubicin,"breast cancer","Epirubicin"
http://healthcarekg.org/ontology/bone_cancer,hasSymptom,http://healthcarekg.org/ontology/eye_manifestations,"bone cancer","Eye Manifestations"
http://healthcarekg.org/ontology/ulcerative_colitis,hasSymptom,http://healthcarekg.org/ontology/eye_manifestations,"ulcerative colitis","Eye Manifestations"
http://healthcarekg.org/ontology/atopic_dermatitis,treatedBy,http://healthcarekg.org/ontology/triamcinolone,"atopic dermatitis","Triamcinolone"
http://healthcarekg.org/ontology/chronic_kidney_failure,hasSymptom,http://healthcarekg.org/ontology/anorexia,"chronic kidney failure","Anorexia"
http://healthcarekg.org/ontology/systemic_scleroderma,hasSymptom,http://healthcarekg.org/ontology/paresthesia,"systemic scleroderma","Paresthesia"
http://healthcarekg.org/ontology/muscle_cancer,hasSymptom,http://healthcarekg.org/ontology/dyspnea,"muscle cancer","Dyspnea"
http://healthcarekg.org/ontology/schizophrenia,hasSymptom,http://healthcarekg.org/ontology/dystonia,"schizophrenia","Dystonia"
http://healthcarekg.org/ontology/systemic_lupus_erythematosus,hasSymptom,http://healthcarekg.org/ontology/hemoptysis,"systemic lupus erythematosus","Hemoptysis"
http://healthcarekg.org/ontology/meningioma,hasSymptom,http://healthcarekg.org/ontology/olfaction_disorders,"meningioma","Olfaction Disorders"
http://healthcarekg.org/ontology/attention_deficit_hyperactivity_disorder,hasSymptom,http://healthcarekg.org/ontology/sleep_disorders,"attention deficit hyperactivity disorder","Sleep Disorders"
http://healthcarekg.org/ontology/skin_cancer,hasSymptom,http://healthcarekg.org/ontology/paresthesia,"skin cancer","Paresthesia"
http://healthcarekg.org/ontology/multiple_sclerosis,hasSymptom,http://healthcarekg.org/ontology/urinary_incontinence,"multiple sclerosis","Urinary Incontinence"
http://healthcarekg.org/ontology/peripheral_nervous_system_neoplasm,hasSymptom,http://healthcarekg.org/ontology/hearing_loss_sensorineural,"peripheral nervous system neoplasm","Hearing Loss, Sensorineural"
http://healthcarekg.org/ontology/acquired_immunodeficiency_syndrome,treatedBy,http://healthcarekg.org/ontology/efavirenz,"acquired immunodeficiency syndrome","Efavirenz"
http://healthcarekg.org/ontology/uterine_cancer,hasSymptom,http://healthcarekg.org/ontology/hyperemesis_gravidarum,"uterine cancer","Hyperemesis Gravidarum"
http://healthcarekg.org/ontology/abdominal_aortic_aneurysm,hasSymptom,http://healthcarekg.org/ontology/abdomen_acute,"abdominal aortic aneurysm","Abdomen, Acute"
http://healthcarekg.org/ontology/prostate_cancer,treatedBy,http://healthcarekg.org/ontology/abiraterone,"prostate cancer","Abiraterone"
http://healthcarekg.org/ontology/autistic_disorder,hasSymptom,http://healthcarekg.org/ontology/de_lange_syndrome,"autistic disorder","De Lange Syndrome"
http://healthcarekg.org/ontology/melanoma,hasSymptom,http://healthcarekg.org/ontology/colic,"melanoma","Colic"
http://healthcarekg.org/ontology/attention_deficit_hyperactivity_disorder,hasSymptom,http://healthcarekg.org/ontology/dyslexia,"attention deficit hyperactivity disorder","Dyslexia"
http://healthcarekg.org/ontology/hypertension,hasSymptom,http://healthcarekg.org/ontology/hemifacial_spasm,"hypertension","Hemifacial Spasm"
http://healthcarekg.org/ontology/focal_segmental_glomerulosclerosis,hasSymptom,http://healthcarekg.org/ontology/albuminuria,"focal segmental glomerulosclerosis","Albuminuria"
http://healthcarekg.org/ontology/kidney_cancer,hasSymptom,http://healthcarekg.org/ontology/fever,"kidney cancer","Fever"
http://healthcarekg.org/ontology/ankylosing_spondylitis,treatedBy,http://healthcarekg.org/ontology/prednisolone,"ankylosing spondylitis","Prednisolone"
http://healthcarekg.org/ontology/brain_cancer,treatedBy,http://healthcarekg.org/ontology/lomustine,"brain cancer","Lomustine"
http://healthcarekg.org/ontology/head_and_neck_cancer,hasSymptom,http://healthcarekg.org/ontology/hearing_disorders,"head and neck cancer","Hearing Disorders"
http://healthcarekg.org/ontology/hypothyroidism,hasSymptom,http://healthcarekg.org/ontology/muscular_atrophy,"hypothyroidism","Muscular Atrophy"
http://healthcarekg.org/ontology/endogenous_depression,hasSymptom,http://healthcarekg.org/ontology/amnesia_retrograde,"endogenous depression","Amnesia, Retrograde"
http://healthcarekg.org/ontology/barrett_s_esophagus,hasSymptom,http://healthcarekg.org/ontology/heartburn,"Barrett's esophagus","Heartburn"
http://healthcarekg.org/ontology/cervical_cancer,hasSymptom,http://healthcarekg.org/ontology/dysmenorrhea,"cervical cancer","Dysmenorrhea"
http://healthcarekg.org/ontology/melanoma,hasSymptom,http://healthcarekg.org/ontology/night_blindness,"melanoma","Night Blindness"
http://healthcarekg.org/ontology/germ_cell_cancer,hasSymptom,http://healthcarekg.org/ontology/cafe_au_lait_spots,"germ cell cancer","Cafe-au-Lait Spots"
http://healthcarekg.org/ontology/paget_s_disease_of_bone,hasSymptom,http://healthcarekg.org/ontology/spasm,"Paget's disease of bone","Spasm"
http://healthcarekg.org/ontology/urinary_bladder_cancer,hasSymptom,http://healthcarekg.org/ontology/flank_pain,"urinary bladder cancer","Flank Pain"
http://healthcarekg.org/ontology/behcet_s_disease,hasSymptom,http://healthcarekg.org/ontology/eye_manifestations,"Behcet's disease","Eye Manifestations"
http://healthcarekg.org/ontology/testicular_cancer,treatedBy,http://healthcarekg.org/ontology/ifosfamide,"testicular cancer","Ifosfamide"
http://healthcarekg.org/ontology/rectum_cancer,hasSymptom,http://healthcarekg.org/ontology/pruritus_ani,"rectum cancer","Pruritus Ani"
http://healthcarekg.org/ontology/alzheimer_s_disease,hasSymptom,http://healthcarekg.org/ontology/apraxia_ideomotor,"Alzheimer's disease","Apraxia, Ideomotor"
http://healthcarekg.org/ontology/panic_disorder,hasSymptom,http://healthcarekg.org/ontology/sleep_deprivation,"panic disorder","Sleep Deprivation"
http://healthcarekg.org/ontology/chronic_kidney_failure,hasSymptom,http://healthcarekg.org/ontology/body_weight,"chronic kidney failure","Body Weight"
http://healthcarekg.org/ontology/multiple_sclerosis,treatedBy,http://healthcarekg.org/ontology/methylprednisolone,"multiple sclerosis","Methylprednisolone"
http://healthcarekg.org/ontology/leprosy,hasSymptom,http://healthcarekg.org/ontology/fever,"leprosy","Fever"
http://healthcarekg.org/ontology/head_and_neck_cancer,hasSymptom,http://healthcarekg.org/ontology/dysphonia,"head and neck cancer","Dysphonia"
http://healthcarekg.org/ontology/alopecia_areata,treatedBy,http://healthcarekg.org/ontology/triamcinolone,"alopecia areata","Triamcinolone"
http://healthcarekg.org/ontology/hematologic_cancer,treatedBy,http://healthcarekg.org/ontology/prednisone,"hematologic cancer","Prednisone"
http://healthcarekg.org/ontology/malignant_glioma,hasSymptom,http://healthcarekg.org/ontology/paresis,"malignant glioma","Paresis"
http://healthcarekg.org/ontology/alzheimer_s_disease,hasSymptom,http://healthcarekg.org/ontology/muscle_rigidity,"Alzheimer's disease","Muscle Rigidity"
http://healthcarekg.org/ontology/paget_s_disease_of_bone,hasSymptom,http://healthcarekg.org/ontology/coma,"Paget's disease of bone","Coma"
http://healthcarekg.org/ontology/pharynx_cancer,hasSymptom,http://healthcarekg.org/ontology/diplopia,"pharynx cancer","Diplopia"
http://healthcarekg.org/ontology/meningioma,hasSymptom,http://healthcarekg.org/ontology/paresis,"meningioma","Paresis"
http://healthcarekg.org/ontology/thoracic_aortic_aneurysm,hasSymptom,http://healthcarekg.org/ontology/hemoptysis,"thoracic aortic aneurysm","Hemoptysis"
http://healthcarekg.org/ontology/cleft_lip,hasSymptom,http://healthcarekg.org/ontology/dyslexia,"cleft lip","Dyslexia"
http://healthcarekg.org/ontology/rectum_cancer,hasSymptom,http://healthcarekg.org/ontology/urinary_bladder_neurogenic,"rectum cancer","Urinary Bladder, Neurogenic"
http://healthcarekg.org/ontology/vitiligo,hasSymptom,http://healthcarekg.org/ontology/jaundice,"vitiligo","Jaundice"
http://healthcarekg.org/ontology/attention_deficit_hyperactivity_disorder,hasSymptom,http://healthcarekg.org/ontology/memory_disorders,"attention deficit hyperactivity disorder","Memory Disorders"
http://healthcarekg.org/ontology/osteoarthritis,hasSymptom,http://healthcarekg.org/ontology/somatosensory_disorders,"osteoarthritis","Somatosensory Disorders"
http://healthcarekg.org/ontology/multiple_sclerosis,hasSymptom,http://healthcarekg.org/ontology/torticollis,"multiple sclerosis","Torticollis"
http://healthcarekg.org/ontology/liver_cancer,hasSymptom,http://healthcarekg.org/ontology/ecchymosis,"liver cancer","Ecchymosis"
http://healthcarekg.org/ontology/allergic_rhinitis,hasSymptom,http://healthcarekg.org/ontology/sleep_disorders,"allergic rhinitis","Sleep Disorders"
http://healthcarekg.org/ontology/nicotine_dependence,hasSymptom,http://healthcarekg.org/ontology/chronic_pain,"nicotine dependence","Chronic Pain"
http://healthcarekg.org/ontology/ulcerative_colitis,hasSymptom,http://healthcarekg.org/ontology/fever,"ulcerative colitis","Fever"
http://healthcarekg.org/ontology/osteoporosis,hasSymptom,http://healthcarekg.org/ontology/paralysis,"osteoporosis","Paralysis"
http://healthcarekg.org/ontology/acquired_immunodeficiency_syndrome,treatedBy,http://healthcarekg.org/ontology/delavirdine,"acquired immunodeficiency syndrome","Delavirdine"
http://healthcarekg.org/ontology/leprosy,hasSymptom,http://healthcarekg.org/ontology/somatosensory_disorders,"leprosy","Somatosensory Disorders"
http://healthcarekg.org/ontology/systemic_scleroderma,hasSymptom,http://healthcarekg.org/ontology/muscular_atrophy,"systemic scleroderma","Muscular Atrophy"
http://healthcarekg.org/ontology/alzheimer_s_disease,treatedBy,http://healthcarekg.org/ontology/memantine,"Alzheimer's disease","Memantine"
http://healthcarekg.org/ontology/anemia,hasSymptom,http://healthcarekg.org/ontology/jaundice,"anemia","Jaundice"
http://healthcarekg.org/ontology/epilepsy_syndrome,treatedBy,http://healthcarekg.org/ontology/lamotrigine,"epilepsy syndrome","Lamotrigine"
http://healthcarekg.org/ontology/rectum_cancer,hasSymptom,http://healthcarekg.org/ontology/constipation,"rectum cancer","Constipation"
http://healthcarekg.org/ontology/brain_cancer,hasSymptom,http://healthcarekg.org/ontology/facial_paralysis,"brain cancer","Facial Paralysis"
http://healthcarekg.org/ontology/behcet_s_disease,hasSymptom,http://healthcarekg.org/ontology/hearing_loss_bilateral,"Behcet's disease","Hearing Loss, Bilateral"
http://healthcarekg.org/ontology/primary_biliary_cirrhosis,hasSymptom,http://healthcarekg.org/ontology/mental_fatigue,"primary biliary cirrhosis","Mental Fatigue"
http://healthcarekg.org/ontology/age_related_macular_degeneration,hasSymptom,http://healthcarekg.org/ontology/vitreous_hemorrhage,"age related macular degeneration","Vitreous Hemorrhage"
http://healthcarekg.org/ontology/sarcoma,hasSymptom,http://healthcarekg.org/ontology/fever,"sarcoma","Fever"
http://healthcarekg.org/ontology/stomach_cancer,hasSymptom,http://healthcarekg.org/ontology/emaciation,"stomach cancer","Emaciation"
http://healthcarekg.org/ontology/crohn_s_disease,hasSymptom,http://healthcarekg.org/ontology/fever,"Crohn's disease","Fever"
http://healthcarekg.org/ontology/anemia,hasSymptom,http://healthcarekg.org/ontology/kearns_sayre_syndrome,"anemia","Kearns-Sayre Syndrome"
http://healthcarekg.org/ontology/brain_cancer,hasSymptom,http://healthcarekg.org/ontology/gait_ataxia,"brain cancer","Gait Ataxia"
http://healthcarekg.org/ontology/glaucoma,hasSymptom,http://healthcarekg.org/ontology/hemianopsia,"glaucoma","Hemianopsia"
http://healthcarekg.org/ontology/dental_caries,hasSymptom,http://healthcarekg.org/ontology/overweight,"dental caries","Overweight"
http://healthcarekg.org/ontology/meningioma,hasSymptom,http://healthcarekg.org/ontology/paresthesia,"meningioma","Paresthesia"
http://healthcarekg.org/ontology/jejunal_cancer,hasSymptom,http://healthcarekg.org/ontology/diarrhea,"jejunal cancer","Diarrhea"
http://healthcarekg.org/ontology/amyotrophic_lateral_sclerosis,hasSymptom,http://healthcarekg.org/ontology/hypoventilation,"amyotrophic lateral sclerosis","Hypoventilation"
http://healthcarekg.org/ontology/psoriasis,treatedBy,http://healthcarekg.org/ontology/prednisolone,"psoriasis","Prednisolone"
http://healthcarekg.org/ontology/intracranial_aneurysm,hasSymptom,http://healthcarekg.org/ontology/eye_manifestations,"intracranial aneurysm","Eye Manifestations"
http://healthcarekg.org/ontology/uterine_cancer,hasSymptom,http://healthcarekg.org/ontology/dysmenorrhea,"uterine cancer","Dysmenorrhea"
http://healthcarekg.org/ontology/behcet_s_disease,hasSymptom,http://healthcarekg.org/ontology/muscle_weakness,"Behcet's disease","Muscle Weakness"
http://healthcarekg.org/ontology/bipolar_disorder,hasSymptom,http://healthcarekg.org/ontology/intellectual_disability,"bipolar disorder","Intellectual Disability"
http://healthcarekg.org/ontology/ocular_cancer,hasSymptom,http://healthcarekg.org/ontology/eye_manifestations,"ocular cancer","Eye Manifestations"
http://healthcarekg.org/ontology/amyotrophic_lateral_sclerosis,hasSymptom,http://healthcarekg.org/ontology/communication_disorders,"amyotrophic lateral sclerosis","Communication Disorders"
http://healthcarekg.org/ontology/mediastinal_cancer,hasSymptom,http://healthcarekg.org/ontology/cerebellar_ataxia,"mediastinal cancer","Cerebellar Ataxia"
http://healthcarekg.org/ontology/migraine,hasSymptom,http://healthcarekg.org/ontology/ophthalmoplegic_migraine,"migraine","Ophthalmoplegic Migraine"
http://healthcarekg.org/ontology/rectum_cancer,hasSymptom,http://healthcarekg.org/ontology/dysuria,"rectum cancer","Dysuria"
http://healthcarekg.org/ontology/prostate_cancer,hasSymptom,http://healthcarekg.org/ontology/lower_urinary_tract_symptoms,"prostate cancer","Lower Urinary Tract Symptoms"
http://healthcarekg.org/ontology/behcet_s_disease,hasSymptom,http://healthcarekg.org/ontology/fever,"Behcet's disease","Fever"
http://healthcarekg.org/ontology/pancreatitis,hasSymptom,http://healthcarekg.org/ontology/purpura_schoenlein_henoch,"pancreatitis","Purpura, Schoenlein-Henoch"
http://healthcarekg.org/ontology/cleft_lip,hasSymptom,http://healthcarekg.org/ontology/halitosis,"cleft lip","Halitosis"
http://healthcarekg.org/ontology/ovarian_cancer,hasSymptom,http://healthcarekg.org/ontology/nausea,"ovarian cancer","Nausea"
http://healthcarekg.org/ontology/anemia,hasSymptom,http://healthcarekg.org/ontology/fetal_distress,"anemia","Fetal Distress"
http://healthcarekg.org/ontology/rheumatoid_arthritis,hasSymptom,http://healthcarekg.org/ontology/ataxia,"rheumatoid arthritis","Ataxia"
http://healthcarekg.org/ontology/mediastinal_cancer,hasSymptom,http://healthcarekg.org/ontology/hematemesis,"mediastinal cancer","Hematemesis"
http://healthcarekg.org/ontology/systemic_lupus_erythematosus,hasSymptom,http://healthcarekg.org/ontology/ecchymosis,"systemic lupus erythematosus","Ecchymosis"
http://healthcarekg.org/ontology/bile_duct_cancer,hasSymptom,http://healthcarekg.org/ontology/abdominal_pain,"bile duct cancer","Abdominal Pain"
http://healthcarekg.org/ontology/nephrolithiasis,hasSymptom,http://healthcarekg.org/ontology/pain_postoperative,"nephrolithiasis","Pain, Postoperative"
http://healthcarekg.org/ontology/adrenal_gland_cancer,hasSymptom,http://healthcarekg.org/ontology/myoclonus,"adrenal gland cancer","Myoclonus"
http://healthcarekg.org/ontology/hypothyroidism,treatedBy,http://healthcarekg.org/ontology/liothyronine,"hypothyroidism","Liothyronine"
http://healthcarekg.org/ontology/uterine_fibroid,hasSymptom,http://healthcarekg.org/ontology/asthenia,"uterine fibroid","Asthenia"
http://healthcarekg.org/ontology/anemia,hasSymptom,http://healthcarekg.org/ontology/diarrhea_infantile,"anemia","Diarrhea, Infantile"
http://healthcarekg.org/ontology/lung_cancer,hasSymptom,http://healthcarekg.org/ontology/purpura_thrombocytopenic_idiopathic,"lung cancer","Purpura, Thrombocytopenic, Idiopathic"
http://healthcarekg.org/ontology/uterine_fibroid,hasSymptom,http://healthcarekg.org/ontology/abdominal_pain,"uterine fibroid","Abdominal Pain"
http://healthcarekg.org/ontology/germ_cell_cancer,hasSymptom,http://healthcarekg.org/ontology/tinnitus,"germ cell cancer","Tinnitus"
http://healthcarekg.org/ontology/hepatitis_b,hasSymptom,http://healthcarekg.org/ontology/skin_manifestations,"hepatitis B","Skin Manifestations"
http://healthcarekg.org/ontology/allergic_rhinitis,hasSymptom,http://healthcarekg.org/ontology/headache,"allergic rhinitis","Headache"
http://healthcarekg.org/ontology/multiple_sclerosis,hasSymptom,http://healthcarekg.org/ontology/paresis,"multiple sclerosis","Paresis"
http://healthcarekg.org/ontology/ovarian_cancer,treatedBy,http://healthcarekg.org/ontology/vinorelbine,"ovarian cancer","Vinorelbine"
http://healthcarekg.org/ontology/thyroid_cancer,hasSymptom,http://healthcarekg.org/ontology/horner_syndrome,"thyroid cancer","Horner Syndrome"
http://healthcarekg.org/ontology/stomach_cancer,treatedBy,http://healthcarekg.org/ontology/docetaxel,"stomach cancer","Docetaxel"
http://healthcarekg.org/ontology/fuchs_endothelial_dystrophy,hasSymptom,http://healthcarekg.org/ontology/pseudophakia,"Fuchs' endothelial dystrophy","Pseudophakia"
http://healthcarekg.org/ontology/peripheral_nervous_system_neoplasm,hasSymptom,http://healthcarekg.org/ontology/taste_disorders,"peripheral nervous system neoplasm","Taste Disorders"
http://healthcarekg.org/ontology/osteoarthritis,hasSymptom,http://healthcarekg.org/ontology/low_back_pain,"osteoarthritis","Low Back Pain"
http://healthcarekg.org/ontology/alzheimer_s_disease,hasSymptom,http://healthcarekg.org/ontology/aging_premature,"Alzheimer's disease","Aging, Premature"
http://healthcarekg.org/ontology/adrenal_gland_cancer,hasSymptom,http://healthcarekg.org/ontology/abdominal_pain,"adrenal gland cancer","Abdominal Pain"
http://healthcarekg.org/ontology/kidney_cancer,treatedBy,http://healthcarekg.org/ontology/gemcitabine,"kidney cancer","Gemcitabine"
http://healthcarekg.org/ontology/thyroid_cancer,treatedBy,http://healthcarekg.org/ontology/sorafenib,"thyroid cancer","Sorafenib"
http://healthcarekg.org/ontology/ocular_cancer,treatedBy,http://healthcarekg.org/ontology/dactinomycin,"ocular cancer","Dactinomycin"
http://healthcarekg.org/ontology/bone_cancer,hasSymptom,http://healthcarekg.org/ontology/headache,"bone cancer","Headache"
http://healthcarekg.org/ontology/asthma,treatedBy,http://healthcarekg.org/ontology/beclomethasone,"asthma","Beclomethasone"
http://healthcarekg.org/ontology/gout,hasSymptom,http://healthcarekg.org/ontology/lesch_nyhan_syndrome,"gout","Lesch-Nyhan Syndrome"
http://healthcarekg.org/ontology/thymus_cancer,hasSymptom,http://healthcarekg.org/ontology/diarrhea,"thymus cancer","Diarrhea"
http://healthcarekg.org/ontology/rheumatoid_arthritis,hasSymptom,http://healthcarekg.org/ontology/paresthesia,"rheumatoid arthritis","Paresthesia"
http://healthcarekg.org/ontology/peripheral_nervous_system_neoplasm,hasSymptom,http://healthcarekg.org/ontology/hemianopsia,"peripheral nervous system neoplasm","Hemianopsia"
http://healthcarekg.org/ontology/head_and_neck_cancer,hasSymptom,http://healthcarekg.org/ontology/nausea,"head and neck cancer","Nausea"
http://healthcarekg.org/ontology/spinal_cancer,hasSymptom,http://healthcarekg.org/ontology/muscle_hypotonia,"spinal cancer","Muscle Hypotonia"
http://healthcarekg.org/ontology/alcohol_dependence,hasSymptom,http://healthcarekg.org/ontology/coma,"alcohol dependence","Coma"
http://healthcarekg.org/ontology/esophageal_cancer,hasSymptom,http://healthcarekg.org/ontology/cough,"esophageal cancer","Cough"
http://healthcarekg.org/ontology/meningioma,hasSymptom,http://healthcarekg.org/ontology/deafness,"meningioma","Deafness"
http://healthcarekg.org/ontology/panic_disorder,hasSymptom,http://healthcarekg.org/ontology/night_terrors,"panic disorder","Night Terrors"
http://healthcarekg.org/ontology/multiple_sclerosis,hasSymptom,http://healthcarekg.org/ontology/paresthesia,"multiple sclerosis","Paresthesia"
http://healthcarekg.org/ontology/nicotine_dependence,hasSymptom,http://healthcarekg.org/ontology/hyperalgesia,"nicotine dependence","Hyperalgesia"
http://healthcarekg.org/ontology/peripheral_nervous_system_neoplasm,hasSymptom,http://healthcarekg.org/ontology/vertigo,"peripheral nervous system neoplasm","Vertigo"
http://healthcarekg.org/ontology/parkinson_s_disease,hasSymptom,http://healthcarekg.org/ontology/dyskinesia_drug_induced,"Parkinson's disease","Dyskinesia, Drug-Induced"
http://healthcarekg.org/ontology/liver_cancer,hasSymptom,http://healthcarekg.org/ontology/cachexia,"liver cancer","Cachexia"
http://healthcarekg.org/ontology/thoracic_aortic_aneurysm,hasSymptom,http://healthcarekg.org/ontology/ecchymosis,"thoracic aortic aneurysm","Ecchymosis"
http://healthcarekg.org/ontology/pancreatic_cancer,hasSymptom,http://healthcarekg.org/ontology/nausea,"pancreatic cancer","Nausea"
http://healthcarekg.org/ontology/attention_deficit_hyperactivity_disorder,hasSymptom,http://healthcarekg.org/ontology/tics,"attention deficit hyperactivity disorder","Tics"
http://healthcarekg.org/ontology/bone_cancer,hasSymptom,http://healthcarekg.org/ontology/low_back_pain,"bone cancer","Low Back Pain"
http://healthcarekg.org/ontology/type_2_diabetes_mellitus,hasSymptom,http://healthcarekg.org/ontology/gastroparesis,"type 2 diabetes mellitus","Gastroparesis"
http://healthcarekg.org/ontology/asthma,hasSymptom,http://healthcarekg.org/ontology/birth_weight,"asthma","Birth Weight"
http://healthcarekg.org/ontology/alcohol_dependence,hasSymptom,http://healthcarekg.org/ontology/consciousness_disorders,"alcohol dependence","Consciousness Disorders"
http://healthcarekg.org/ontology/melanoma,treatedBy,http://healthcarekg.org/ontology/dactinomycin,"melanoma","Dactinomycin"
http://healthcarekg.org/ontology/anemia,hasSymptom,http://healthcarekg.org/ontology/failure_to_thrive,"anemia","Failure to Thrive"
http://healthcarekg.org/ontology/multiple_sclerosis,hasSymptom,http://healthcarekg.org/ontology/vision_disorders,"multiple sclerosis","Vision Disorders"
http://healthcarekg.org/ontology/germ_cell_cancer,treatedBy,http://healthcarekg.org/ontology/bleomycin,"germ cell cancer","Bleomycin"
http://healthcarekg.org/ontology/ulcerative_colitis,hasSymptom,http://healthcarekg.org/ontology/hearing_loss_sensorineural,"ulcerative colitis","Hearing Loss, Sensorineural"
http://healthcarekg.org/ontology/esophageal_cancer,hasSymptom,http://healthcarekg.org/ontology/flushing,"esophageal cancer","Flushing"
http://healthcarekg.org/ontology/type_1_diabetes_mellitus,hasSymptom,http://healthcarekg.org/ontology/urinary_bladder_neurogenic,"type 1 diabetes mellitus","Urinary Bladder, Neurogenic"
http://healthcarekg.org/ontology/behcet_s_disease,hasSymptom,http://healthcarekg.org/ontology/headache,"Behcet's disease","Headache"
http://healthcarekg.org/ontology/refractive_error,hasSymptom,http://healthcarekg.org/ontology/mydriasis,"refractive error","Mydriasis"
http://healthcarekg.org/ontology/schizophrenia,hasSymptom,http://healthcarekg.org/ontology/speech_disorders,"schizophrenia","Speech Disorders"
http://healthcarekg.org/ontology/sarcoma,hasSymptom,http://healthcarekg.org/ontology/low_back_pain,"sarcoma","Low Back Pain"
http://healthcarekg.org/ontology/stomach_cancer,treatedBy,http://healthcarekg.org/ontology/capecitabine,"stomach cancer","Capecitabine"
http://healthcarekg.org/ontology/hypertension,hasSymptom,http://healthcarekg.org/ontology/reflex_abnormal,"hypertension","Reflex, Abnormal"
http://healthcarekg.org/ontology/paget_s_disease_of_bone,hasSymptom,http://healthcarekg.org/ontology/hearing_loss_conductive,"Paget's disease of bone","Hearing Loss, Conductive"
http://healthcarekg.org/ontology/uterine_fibroid,hasSymptom,http://healthcarekg.org/ontology/dyspepsia,"uterine fibroid","Dyspepsia"
http://healthcarekg.org/ontology/atopic_dermatitis,treatedBy,http://healthcarekg.org/ontology/prednisolone,"atopic dermatitis","Prednisolone"
http://healthcarekg.org/ontology/melanoma,hasSymptom,http://healthcarekg.org/ontology/fever,"melanoma","Fever"
http://healthcarekg.org/ontology/cervical_cancer,hasSymptom,http://healthcarekg.org/ontology/pain_intractable,"cervical cancer","Pain, Intractable"
http://healthcarekg.org/ontology/ileum_cancer,hasSymptom,http://healthcarekg.org/ontology/abdominal_pain,"ileum cancer","Abdominal Pain"
http://healthcarekg.org/ontology/coronary_artery_disease,treatedBy,http://healthcarekg.org/ontology/fenofibrate,"coronary artery disease","Fenofibrate"
http://healthcarekg.org/ontology/restless_legs_syndrome,hasSymptom,http://healthcarekg.org/ontology/muscle_cramp,"Restless Legs Syndrome","Muscle Cramp"
http://healthcarekg.org/ontology/anemia,hasSymptom,http://healthcarekg.org/ontology/purpura,"anemia","Purpura"
http://healthcarekg.org/ontology/head_and_neck_cancer,hasSymptom,http://healthcarekg.org/ontology/diplopia,"head and neck cancer","Diplopia"
http://healthcarekg.org/ontology/pharynx_cancer,hasSymptom,http://healthcarekg.org/ontology/hearing_loss_functional,"pharynx cancer","Hearing Loss, Functional"
http://healthcarekg.org/ontology/migraine,hasSymptom,http://healthcarekg.org/ontology/benign_paroxysmal_positional_vertigo,"migraine","Benign Paroxysmal Positional Vertigo"
http://healthcarekg.org/ontology/acquired_immunodeficiency_syndrome,hasSymptom,http://healthcarekg.org/ontology/diarrhea,"acquired immunodeficiency syndrome","Diarrhea"
http://healthcarekg.org/ontology/uterine_cancer,hasSymptom,http://healthcarekg.org/ontology/pain,"uterine cancer","Pain"
http://healthcarekg.org/ontology/hypothyroidism,hasSymptom,http://healthcarekg.org/ontology/skin_manifestations,"hypothyroidism","Skin Manifestations"
http://healthcarekg.org/ontology/epilepsy_syndrome,treatedBy,http://healthcarekg.org/ontology/zonisamide,"epilepsy syndrome","Zonisamide"
http://healthcarekg.org/ontology/asthma,hasSymptom,http://healthcarekg.org/ontology/sleep_apnea_obstructive,"asthma","Sleep Apnea, Obstructive"
http://healthcarekg.org/ontology/rheumatoid_arthritis,hasSymptom,http://healthcarekg.org/ontology/muscular_atrophy,"rheumatoid arthritis","Muscular Atrophy"
http://healthcarekg.org/ontology/atopic_dermatitis,treatedBy,http://healthcarekg.org/ontology/desonide,"atopic dermatitis","Desonide"
http://healthcarekg.org/ontology/urinary_bladder_cancer,treatedBy,http://healthcarekg.org/ontology/mitomycin,"urinary bladder cancer","Mitomycin"
http://healthcarekg.org/ontology/psoriatic_arthritis,treatedBy,http://healthcarekg.org/ontology/prednisone,"psoriatic arthritis","Prednisone"
http://healthcarekg.org/ontology/behcet_s_disease,hasSymptom,http://healthcarekg.org/ontology/hearing_loss_sensorineural,"Behcet's disease","Hearing Loss, Sensorineural"
http://healthcarekg.org/ontology/refractive_error,hasSymptom,http://healthcarekg.org/ontology/night_blindness,"refractive error","Night Blindness"
http://healthcarekg.org/ontology/hypothyroidism,hasSymptom,http://healthcarekg.org/ontology/hypoventilation,"hypothyroidism","Hypoventilation"
http://healthcarekg.org/ontology/peripheral_nervous_system_neoplasm,treatedBy,http://healthcarekg.org/ontology/etoposide,"peripheral nervous system neoplasm","Etoposide"
http://healthcarekg.org/ontology/urinary_bladder_cancer,treatedBy,http://healthcarekg.org/ontology/valrubicin,"urinary bladder cancer","Valrubicin"
http://healthcarekg.org/ontology/parkinson_s_disease,hasSymptom,http://healthcarekg.org/ontology/hiccup,"Parkinson's disease","Hiccup"
http://healthcarekg.org/ontology/meningioma,hasSymptom,http://healthcarekg.org/ontology/ophthalmoplegia,"meningioma","Ophthalmoplegia"
http://healthcarekg.org/ontology/multiple_sclerosis,hasSymptom,http://healthcarekg.org/ontology/muscular_atrophy,"multiple sclerosis","Muscular Atrophy"
http://healthcarekg.org/ontology/conduct_disorder,hasSymptom,http://healthcarekg.org/ontology/hyperkinesis,"conduct disorder","Hyperkinesis"
http://healthcarekg.org/ontology/atopic_dermatitis,treatedBy,http://healthcarekg.org/ontology/pimecrolimus,"atopic dermatitis","Pimecrolimus"
http://healthcarekg.org/ontology/kidney_cancer,treatedBy,http://healthcarekg.org/ontology/dactinomycin,"kidney cancer","Dactinomycin"
http://healthcarekg.org/ontology/glaucoma,hasSymptom,http://healthcarekg.org/ontology/vision_low,"glaucoma","Vision, Low"
http://healthcarekg.org/ontology/leprosy,hasSymptom,http://healthcarekg.org/ontology/gait_disorders_neurologic,"leprosy","Gait Disorders, Neurologic"
http://healthcarekg.org/ontology/intracranial_aneurysm,hasSymptom,http://healthcarekg.org/ontology/memory_disorders,"intracranial aneurysm","Memory Disorders"
http://healthcarekg.org/ontology/endogenous_depression,hasSymptom,http://healthcarekg.org/ontology/sleep_initiation_and_maintenance_disorders,"endogenous depression","Sleep Initiation and Maintenance Disorders"
http://healthcarekg.org/ontology/pancreatic_cancer,hasSymptom,http://healthcarekg.org/ontology/gastroparesis,"pancreatic cancer","Gastroparesis"
http://healthcarekg.org/ontology/gallbladder_cancer,hasSymptom,http://healthcarekg.org/ontology/colic,"gallbladder cancer","Colic"
http://healthcarekg.org/ontology/hypertension,hasSymptom,http://healthcarekg.org/ontology/fetal_hypoxia,"hypertension","Fetal Hypoxia"
http://healthcarekg.org/ontology/intracranial_aneurysm,hasSymptom,http://healthcarekg.org/ontology/headache,"intracranial aneurysm","Headache"
http://healthcarekg.org/ontology/attention_deficit_hyperactivity_disorder,hasSymptom,http://healthcarekg.org/ontology/disorders_of_excessive_somnolence,"attention deficit hyperactivity disorder","Disorders of Excessive Somnolence"
http://healthcarekg.org/ontology/systemic_scleroderma,hasSymptom,http://healthcarekg.org/ontology/skin_manifestations,"systemic scleroderma","Skin Manifestations"
http://healthcarekg.org/ontology/thymus_cancer,hasSymptom,http://healthcarekg.org/ontology/heart_murmurs,"thymus cancer","Heart Murmurs"
http://healthcarekg.org/ontology/anemia,hasSymptom,http://healthcarekg.org/ontology/purpura_thrombotic_thrombocytopenic,"anemia","Purpura, Thrombotic Thrombocytopenic"
http://healthcarekg.org/ontology/glaucoma,hasSymptom,http://healthcarekg.org/ontology/miosis,"glaucoma","Miosis"
http://healthcarekg.org/ontology/type_2_diabetes_mellitus,treatedBy,http://healthcarekg.org/ontology/bromocriptine,"type 2 diabetes mellitus","Bromocriptine"
http://healthcarekg.org/ontology/coronary_artery_disease,treatedBy,http://healthcarekg.org/ontology/pitavastatin,"coronary artery disease","Pitavastatin"
http://healthcarekg.org/ontology/skin_cancer,hasSymptom,http://healthcarekg.org/ontology/skin_manifestations,"skin cancer","Skin Manifestations"
http://healthcarekg.org/ontology/breast_cancer,treatedBy,http://healthcarekg.org/ontology/thiotepa,"breast cancer","Thiotepa"
http://healthcarekg.org/ontology/epilepsy_syndrome,hasSymptom,http://healthcarekg.org/ontology/fetal_hypoxia,"epilepsy syndrome","Fetal Hypoxia"
http://healthcarekg.org/ontology/brain_cancer,hasSymptom,http://healthcarekg.org/ontology/eye_manifestations,"brain cancer","Eye Manifestations"
http://healthcarekg.org/ontology/anemia,hasSymptom,http://healthcarekg.org/ontology/cri_du_chat_syndrome,"anemia","Cri-du-Chat Syndrome"
http://healthcarekg.org/ontology/rheumatoid_arthritis,treatedBy,http://healthcarekg.org/ontology/methylprednisolone,"rheumatoid arthritis","Methylprednisolone"
http://healthcarekg.org/ontology/hypertension,treatedBy,http://healthcarekg.org/ontology/diltiazem,"hypertension","Diltiazem"
http://healthcarekg.org/ontology/epilepsy_syndrome,hasSymptom,http://healthcarekg.org/ontology/ophthalmoplegia_chronic_progressive_external,"epilepsy syndrome","Ophthalmoplegia, Chronic Progressive External"
http://healthcarekg.org/ontology/cervical_cancer,hasSymptom,http://healthcarekg.org/ontology/nausea,"cervical cancer","Nausea"
http://healthcarekg.org/ontology/autistic_disorder,hasSymptom,http://healthcarekg.org/ontology/aphasia,"autistic disorder","Aphasia"
http://healthcarekg.org/ontology/nephrolithiasis,hasSymptom,http://healthcarekg.org/ontology/colic,"nephrolithiasis","Colic"
http://healthcarekg.org/ontology/barrett_s_esophagus,treatedBy,http://healthcarekg.org/ontology/esomeprazole,"Barrett's esophagus","Esomeprazole"
http://healthcarekg.org/ontology/uterine_cancer,hasSymptom,http://healthcarekg.org/ontology/vomiting_anticipatory,"uterine cancer","Vomiting, Anticipatory"
http://healthcarekg.org/ontology/malaria,treatedBy,http://healthcarekg.org/ontology/sulfadiazine,"malaria","Sulfadiazine"
http://healthcarekg.org/ontology/germ_cell_cancer,hasSymptom,http://healthcarekg.org/ontology/facial_paralysis,"germ cell cancer","Facial Paralysis"
http://healthcarekg.org/ontology/glaucoma,hasSymptom,http://healthcarekg.org/ontology/scotoma,"glaucoma","Scotoma"
http://healthcarekg.org/ontology/malignant_glioma,hasSymptom,http://healthcarekg.org/ontology/hearing_disorders,"malignant glioma","Hearing Disorders"
http://healthcarekg.org/ontology/salivary_gland_cancer,hasSymptom,http://healthcarekg.org/ontology/facial_pain,"salivary gland cancer","Facial Pain"
http://healthcarekg.org/ontology/intracranial_aneurysm,hasSymptom,http://healthcarekg.org/ontology/dysarthria,"intracranial aneurysm","Dysarthria"
http://healthcarekg.org/ontology/glaucoma,hasSymptom,http://healthcarekg.org/ontology/color_vision_defects,"glaucoma","Color Vision Defects"
http://healthcarekg.org/ontology/mediastinal_cancer,hasSymptom,http://healthcarekg.org/ontology/chest_pain,"mediastinal cancer","Chest Pain"
http://healthcarekg.org/ontology/coronary_artery_disease,treatedBy,http://healthcarekg.org/ontology/olmesartan,"coronary artery disease","Olmesartan"
http://healthcarekg.org/ontology/retroperitoneal_cancer,hasSymptom,http://healthcarekg.org/ontology/urinary_bladder_neurogenic,"retroperitoneal cancer","Urinary Bladder, Neurogenic"
http://healthcarekg.org/ontology/peripheral_nervous_system_neoplasm,hasSymptom,http://healthcarekg.org/ontology/vision_low,"peripheral nervous system neoplasm","Vision, Low"
http://healthcarekg.org/ontology/liver_cancer,hasSymptom,http://healthcarekg.org/ontology/jaundice,"liver cancer","Jaundice"
http://healthcarekg.org/ontology/anemia,hasSymptom,http://healthcarekg.org/ontology/pain,"anemia","Pain"
http://healthcarekg.org/ontology/hypothyroidism,hasSymptom,http://healthcarekg.org/ontology/down_syndrome,"hypothyroidism","Down Syndrome"
http://healthcarekg.org/ontology/refractive_error,hasSymptom,http://healthcarekg.org/ontology/presbycusis,"refractive error","Presbycusis"
http://healthcarekg.org/ontology/peritoneum_cancer,hasSymptom,http://healthcarekg.org/ontology/fever_of_unknown_origin,"peritoneum cancer","Fever of Unknown Origin"
http://healthcarekg.org/ontology/multiple_sclerosis,hasSymptom,http://healthcarekg.org/ontology/ophthalmoplegia,"multiple sclerosis","Ophthalmoplegia"
http://healthcarekg.org/ontology/kidney_cancer,hasSymptom,http://healthcarekg.org/ontology/hydrops_fetalis,"kidney cancer","Hydrops Fetalis"
http://healthcarekg.org/ontology/asthma,treatedBy,http://healthcarekg.org/ontology/fluticasone_propionate,"asthma","Fluticasone Propionate"
http://healthcarekg.org/ontology/bipolar_disorder,hasSymptom,http://healthcarekg.org/ontology/sleep_disorders,"bipolar disorder","Sleep Disorders"
http://healthcarekg.org/ontology/fuchs_endothelial_dystrophy,hasSymptom,http://healthcarekg.org/ontology/hypesthesia,"Fuchs' endothelial dystrophy","Hypesthesia"
http://healthcarekg.org/ontology/endogenous_depression,hasSymptom,http://healthcarekg.org/ontology/bulimia,"endogenous depression","Bulimia"
http://healthcarekg.org/ontology/glaucoma,treatedBy,http://healthcarekg.org/ontology/brimonidine,"glaucoma","Brimonidine"
http://healthcarekg.org/ontology/asthma,treatedBy,http://healthcarekg.org/ontology/nedocromil,"asthma","Nedocromil"
http://healthcarekg.org/ontology/leprosy,hasSymptom,http://healthcarekg.org/ontology/oral_manifestations,"leprosy","Oral Manifestations"
http://healthcarekg.org/ontology/head_and_neck_cancer,hasSymptom,http://healthcarekg.org/ontology/hearing_loss_conductive,"head and neck cancer","Hearing Loss, Conductive"
http://healthcarekg.org/ontology/retroperitoneal_cancer,hasSymptom,http://healthcarekg.org/ontology/constipation,"retroperitoneal cancer","Constipation"
http://healthcarekg.org/ontology/alcohol_dependence,treatedBy,http://healthcarekg.org/ontology/disulfiram,"alcohol dependence","Disulfiram"
http://healthcarekg.org/ontology/hematologic_cancer,treatedBy,http://healthcarekg.org/ontology/imatinib,"hematologic cancer","Imatinib"
http://healthcarekg.org/ontology/intracranial_aneurysm,hasSymptom,http://healthcarekg.org/ontology/retinal_hemorrhage,"intracranial aneurysm","Retinal Hemorrhage"
http://healthcarekg.org/ontology/allergic_rhinitis,hasSymptom,http://healthcarekg.org/ontology/disorders_of_excessive_somnolence,"allergic rhinitis","Disorders of Excessive Somnolence"
http://healthcarekg.org/ontology/atopic_dermatitis,hasSymptom,http://healthcarekg.org/ontology/neurogenic_inflammation,"atopic dermatitis","Neurogenic Inflammation"
http://healthcarekg.org/ontology/attention_deficit_hyperactivity_disorder,hasSymptom,http://healthcarekg.org/ontology/encopresis,"attention deficit hyperactivity disorder","Encopresis"
http://healthcarekg.org/ontology/multiple_sclerosis,hasSymptom,http://healthcarekg.org/ontology/tremor,"multiple sclerosis","Tremor"
http://healthcarekg.org/ontology/peritoneum_cancer,hasSymptom,http://healthcarekg.org/ontology/cachexia,"peritoneum cancer","Cachexia"
http://healthcarekg.org/ontology/rheumatoid_arthritis,hasSymptom,http://healthcarekg.org/ontology/chronic_pain,"rheumatoid arthritis","Chronic Pain"
http://healthcarekg.org/ontology/celiac_disease,hasSymptom,http://healthcarekg.org/ontology/purpura_thrombocytopenic_idiopathic,"celiac disease","Purpura, Thrombocytopenic, Idiopathic"
http://healthcarekg.org/ontology/paget_s_disease_of_bone,hasSymptom,http://healthcarekg.org/ontology/hearing_loss,"Paget's disease of bone","Hearing Loss"
http://healthcarekg.org/ontology/bone_cancer,hasSymptom,http://healthcarekg.org/ontology/oral_manifestations,"bone cancer","Oral Manifestations"
http://healthcarekg.org/ontology/prostate_cancer,treatedBy,http://healthcarekg.org/ontology/docetaxel,"prostate cancer","Docetaxel"
http://healthcarekg.org/ontology/head_and_neck_cancer,hasSymptom,http://healthcarekg.org/ontology/dyspnea,"head and neck cancer","Dyspnea"
http://healthcarekg.org/ontology/germ_cell_cancer,hasSymptom,http://healthcarekg.org/ontology/back_pain,"germ cell cancer","Back Pain"
http://healthcarekg.org/ontology/migraine,hasSymptom,http://healthcarekg.org/ontology/amnesia,"migraine","Amnesia"
http://healthcarekg.org/ontology/vitiligo,treatedBy,http://healthcarekg.org/ontology/methoxsalen,"vitiligo","Methoxsalen"
http://healthcarekg.org/ontology/hematologic_cancer,treatedBy,http://healthcarekg.org/ontology/idarubicin,"hematologic cancer","Idarubicin"
http://healthcarekg.org/ontology/type_2_diabetes_mellitus,treatedBy,http://healthcarekg.org/ontology/linagliptin,"type 2 diabetes mellitus","Linagliptin"
http://healthcarekg.org/ontology/endogenous_depression,hasSymptom,http://healthcarekg.org/ontology/dystonia,"endogenous depression","Dystonia"
http://healthcarekg.org/ontology/idiopathic_pulmonary_fibrosis,hasSymptom,http://healthcarekg.org/ontology/cough,"idiopathic pulmonary fibrosis","Cough"
http://healthcarekg.org/ontology/alcohol_dependence,hasSymptom,http://healthcarekg.org/ontology/cerebellar_ataxia,"alcohol dependence","Cerebellar Ataxia"
http://healthcarekg.org/ontology/intracranial_aneurysm,hasSymptom,http://healthcarekg.org/ontology/unconsciousness,"intracranial aneurysm","Unconsciousness"
http://healthcarekg.org/ontology/gilles_de_la_tourette_syndrome,hasSymptom,http://healthcarekg.org/ontology/dyskinesia_drug_induced,"Gilles de la Tourette syndrome","Dyskinesia, Drug-Induced"
http://healthcarekg.org/ontology/melanoma,hasSymptom,http://healthcarekg.org/ontology/retinal_hemorrhage,"melanoma","Retinal Hemorrhage"
http://healthcarekg.org/ontology/esophageal_cancer,hasSymptom,http://healthcarekg.org/ontology/weight_loss,"esophageal cancer","Weight Loss"
http://healthcarekg.org/ontology/breast_cancer,treatedBy,http://healthcarekg.org/ontology/docetaxel,"breast cancer","Docetaxel"
http://healthcarekg.org/ontology/epilepsy_syndrome,hasSymptom,http://healthcarekg.org/ontology/alcohol_withdrawal_seizures,"epilepsy syndrome","Alcohol Withdrawal Seizures"
http://healthcarekg.org/ontology/crohn_s_disease,hasSymptom,http://healthcarekg.org/ontology/oral_manifestations,"Crohn's disease","Oral Manifestations"
http://healthcarekg.org/ontology/bone_cancer,hasSymptom,http://healthcarekg.org/ontology/toothache,"bone cancer","Toothache"
http://healthcarekg.org/ontology/asthma,treatedBy,http://healthcarekg.org/ontology/salbutamol,"asthma","Salbutamol"
http://healthcarekg.org/ontology/attention_deficit_hyperactivity_disorder,hasSymptom,http://healthcarekg.org/ontology/learning_disorders,"attention deficit hyperactivity disorder","Learning Disorders"
http://healthcarekg.org/ontology/allergic_rhinitis,hasSymptom,http://healthcarekg.org/ontology/sneezing,"allergic rhinitis","Sneezing"
http://healthcarekg.org/ontology/bipolar_disorder,hasSymptom,http://healthcarekg.org/ontology/memory_disorders,"bipolar disorder","Memory Disorders"
http://healthcarekg.org/ontology/multiple_sclerosis,hasSymptom,http://healthcarekg.org/ontology/paraparesis_spastic,"multiple sclerosis","Paraparesis, Spastic"
http://healthcarekg.org/ontology/coronary_artery_disease,treatedBy,http://healthcarekg.org/ontology/clopidogrel,"coronary artery disease","Clopidogrel"
http://healthcarekg.org/ontology/restless_legs_syndrome,hasSymptom,http://healthcarekg.org/ontology/somatosensory_disorders,"Restless Legs Syndrome","Somatosensory Disorders"
http://healthcarekg.org/ontology/creutzfeldt_jakob_disease,hasSymptom,http://healthcarekg.org/ontology/muscle_weakness,"Creutzfeldt-Jakob disease","Muscle Weakness"
http://healthcarekg.org/ontology/duodenum_cancer,hasSymptom,http://healthcarekg.org/ontology/colic,"duodenum cancer","Colic"
http://healthcarekg.org/ontology/asthma,treatedBy,http://healthcarekg.org/ontology/prednisone,"asthma","Prednisone"
http://healthcarekg.org/ontology/behcet_s_disease,hasSymptom,http://healthcarekg.org/ontology/oral_manifestations,"Behcet's disease","Oral Manifestations"
http://healthcarekg.org/ontology/anemia,hasSymptom,http://healthcarekg.org/ontology/hemoglobinuria,"anemia","Hemoglobinuria"
http://healthcarekg.org/ontology/coronary_artery_disease,treatedBy,http://healthcarekg.org/ontology/perindopril,"coronary artery disease","Perindopril"
http://healthcarekg.org/ontology/polycystic_ovary_syndrome,hasSymptom,http://healthcarekg.org/ontology/weight_loss,"polycystic ovary syndrome","Weight Loss"
http://healthcarekg.org/ontology/germ_cell_cancer,hasSymptom,http://healthcarekg.org/ontology/night_blindness,"germ cell cancer","Night Blindness"
http://healthcarekg.org/ontology/rectum_cancer,hasSymptom,http://healthcarekg.org/ontology/urinary_incontinence,"rectum cancer","Urinary Incontinence"
http://healthcarekg.org/ontology/lung_cancer,hasSymptom,http://healthcarekg.org/ontology/asthenia,"lung cancer","Asthenia"
http://healthcarekg.org/ontology/sarcoma,hasSymptom,http://healthcarekg.org/ontology/abdominal_pain,"sarcoma","Abdominal Pain"
http://healthcarekg.org/ontology/bipolar_disorder,hasSymptom,http://healthcarekg.org/ontology/delirium,"bipolar disorder","Delirium"
http://healthcarekg.org/ontology/bone_cancer,hasSymptom,http://healthcarekg.org/ontology/horner_syndrome,"bone cancer","Horner Syndrome"
http://healthcarekg.org/ontology/prostate_cancer,treatedBy,http://healthcarekg.org/ontology/capecitabine,"prostate cancer","Capecitabine"
http://healthcarekg.org/ontology/type_1_diabetes_mellitus,hasSymptom,http://healthcarekg.org/ontology/weight_gain,"type 1 diabetes mellitus","Weight Gain"
http://healthcarekg.org/ontology/atopic_dermatitis,treatedBy,http://healthcarekg.org/ontology/diphenhydramine,"atopic dermatitis","Diphenhydramine"
http://healthcarekg.org/ontology/gout,treatedBy,http://healthcarekg.org/ontology/colchicine,"gout","Colchicine"
http://healthcarekg.org/ontology/hypertension,treatedBy,http://healthcarekg.org/ontology/olmesartan,"hypertension","Olmesartan"
http://healthcarekg.org/ontology/systemic_scleroderma,hasSymptom,http://healthcarekg.org/ontology/hypesthesia,"systemic scleroderma","Hypesthesia"
http://healthcarekg.org/ontology/alcohol_dependence,hasSymptom,http://healthcarekg.org/ontology/sleep_initiation_and_maintenance_disorders,"alcohol dependence","Sleep Initiation and Maintenance Disorders"
http://healthcarekg.org/ontology/tracheal_cancer,hasSymptom,http://healthcarekg.org/ontology/dyspnea,"tracheal cancer","Dyspnea"
http://healthcarekg.org/ontology/cleft_lip,hasSymptom,http://healthcarekg.org/ontology/learning_disorders,"cleft lip","Learning Disorders"
http://healthcarekg.org/ontology/age_related_macular_degeneration,hasSymptom,http://healthcarekg.org/ontology/eye_hemorrhage,"age related macular degeneration","Eye Hemorrhage"
http://healthcarekg.org/ontology/prostate_cancer,hasSymptom,http://healthcarekg.org/ontology/pain,"prostate cancer","Pain"
http://healthcarekg.org/ontology/hematologic_cancer,treatedBy,http://healthcarekg.org/ontology/mechlorethamine,"hematologic cancer","Mechlorethamine"
http://healthcarekg.org/ontology/amyotrophic_lateral_sclerosis,hasSymptom,http://healthcarekg.org/ontology/agraphia,"amyotrophic lateral sclerosis","Agraphia"
http://healthcarekg.org/ontology/osteoporosis,treatedBy,http://healthcarekg.org/ontology/alendronate,"osteoporosis","Alendronate"
http://healthcarekg.org/ontology/rheumatoid_arthritis,hasSymptom,http://healthcarekg.org/ontology/skin_manifestations,"rheumatoid arthritis","Skin Manifestations"
http://healthcarekg.org/ontology/lung_cancer,hasSymptom,http://healthcarekg.org/ontology/horner_syndrome,"lung cancer","Horner Syndrome"
http://healthcarekg.org/ontology/malignant_glioma,hasSymptom,http://healthcarekg.org/ontology/nausea,"malignant glioma","Nausea"
http://healthcarekg.org/ontology/behcet_s_disease,hasSymptom,http://healthcarekg.org/ontology/paralysis,"Behcet's disease","Paralysis"
http://healthcarekg.org/ontology/brain_cancer,hasSymptom,http://healthcarekg.org/ontology/memory_disorders,"brain cancer","Memory Disorders"
http://healthcarekg.org/ontology/malignant_glioma,hasSymptom,http://healthcarekg.org/ontology/spasm,"malignant glioma","Spasm"
http://healthcarekg.org/ontology/muscle_cancer,hasSymptom,http://healthcarekg.org/ontology/sciatica,"muscle cancer","Sciatica"
http://healthcarekg.org/ontology/age_related_macular_degeneration,hasSymptom,http://healthcarekg.org/ontology/spinocerebellar_ataxias,"age related macular degeneration","Spinocerebellar Ataxias"
http://healthcarekg.org/ontology/lung_cancer,hasSymptom,http://healthcarekg.org/ontology/fatigue,"lung cancer","Fatigue"
http://healthcarekg.org/ontology/breast_cancer,hasSymptom,http://healthcarekg.org/ontology/shoulder_pain,"breast cancer","Shoulder Pain"
http://healthcarekg.org/ontology/brain_cancer,hasSymptom,http://healthcarekg.org/ontology/headache,"brain cancer","Headache"
http://healthcarekg.org/ontology/paget_s_disease_of_bone,treatedBy,http://healthcarekg.org/ontology/zoledronate,"Paget's disease of bone","Zoledronate"
http://healthcarekg.org/ontology/autistic_disorder,hasSymptom,http://healthcarekg.org/ontology/muscle_hypotonia,"autistic disorder","Muscle Hypotonia"
http://healthcarekg.org/ontology/abdominal_aortic_aneurysm,hasSymptom,http://healthcarekg.org/ontology/colic,"abdominal aortic aneurysm","Colic"
http://healthcarekg.org/ontology/epilepsy_syndrome,hasSymptom,http://healthcarekg.org/ontology/hyperventilation,"epilepsy syndrome","Hyperventilation"
http://healthcarekg.org/ontology/peripheral_nervous_system_neoplasm,hasSymptom,http://healthcarekg.org/ontology/sensation_disorders,"peripheral nervous system neoplasm","Sensation Disorders"
http://healthcarekg.org/ontology/skin_cancer,hasSymptom,http://healthcarekg.org/ontology/vomiting,"skin cancer","Vomiting"
http://healthcarekg.org/ontology/anemia,hasSymptom,http://healthcarekg.org/ontology/oral_hemorrhage,"anemia","Oral Hemorrhage"
http://healthcarekg.org/ontology/acquired_immunodeficiency_syndrome,treatedBy,http://healthcarekg.org/ontology/ritonavir,"acquired immunodeficiency syndrome","Ritonavir"
http://healthcarekg.org/ontology/ankylosing_spondylitis,hasSymptom,http://healthcarekg.org/ontology/hypergammaglobulinemia,"ankylosing spondylitis","Hypergammaglobulinemia"
http://healthcarekg.org/ontology/vitiligo,hasSymptom,http://healthcarekg.org/ontology/down_syndrome,"vitiligo","Down Syndrome"
http://healthcarekg.org/ontology/intracranial_aneurysm,hasSymptom,http://healthcarekg.org/ontology/hemianopsia,"intracranial aneurysm","Hemianopsia"
http://healthcarekg.org/ontology/urinary_bladder_cancer,hasSymptom,http://healthcarekg.org/ontology/abdominal_pain,"urinary bladder cancer","Abdominal Pain"
http://healthcarekg.org/ontology/chronic_kidney_failure,hasSymptom,http://healthcarekg.org/ontology/polyuria,"chronic kidney failure","Polyuria"
http://healthcarekg.org/ontology/uterine_cancer,hasSymptom,http://healthcarekg.org/ontology/vomiting,"uterine cancer","Vomiting"
http://healthcarekg.org/ontology/atopic_dermatitis,hasSymptom,http://healthcarekg.org/ontology/edema,"atopic dermatitis","Edema"
http://healthcarekg.org/ontology/psoriasis,treatedBy,http://healthcarekg.org/ontology/fluocinonide,"psoriasis","Fluocinonide"
http://healthcarekg.org/ontology/meningioma,hasSymptom,http://healthcarekg.org/ontology/coma,"meningioma","Coma"
http://healthcarekg.org/ontology/chronic_kidney_failure,hasSymptom,http://healthcarekg.org/ontology/purpura_schoenlein_henoch,"chronic kidney failure","Purpura, Schoenlein-Henoch"
http://healthcarekg.org/ontology/pharynx_cancer,hasSymptom,http://healthcarekg.org/ontology/torticollis,"pharynx cancer","Torticollis"
http://healthcarekg.org/ontology/intracranial_aneurysm,hasSymptom,http://healthcarekg.org/ontology/vertigo,"intracranial aneurysm","Vertigo"
http://healthcarekg.org/ontology/brain_cancer,hasSymptom,http://healthcarekg.org/ontology/hearing_loss_unilateral,"brain cancer","Hearing Loss, Unilateral"
http://healthcarekg.org/ontology/head_and_neck_cancer,hasSymptom,http://healthcarekg.org/ontology/hearing_loss,"head and neck cancer","Hearing Loss"
http://healthcarekg.org/ontology/age_related_macular_degeneration,hasSymptom,http://healthcarekg.org/ontology/vision_disorders,"age related macular degeneration","Vision Disorders"
http://healthcarekg.org/ontology/germ_cell_cancer,hasSymptom,http://healthcarekg.org/ontology/flank_pain,"germ cell cancer","Flank Pain"
http://healthcarekg.org/ontology/stomach_cancer,hasSymptom,http://healthcarekg.org/ontology/flatulence,"stomach cancer","Flatulence"
http://healthcarekg.org/ontology/pharynx_cancer,hasSymptom,http://healthcarekg.org/ontology/articulation_disorders,"pharynx cancer","Articulation Disorders"
http://healthcarekg.org/ontology/nephrolithiasis,hasSymptom,http://healthcarekg.org/ontology/renal_colic,"nephrolithiasis","Renal Colic"
http://healthcarekg.org/ontology/epilepsy_syndrome,hasSymptom,http://healthcarekg.org/ontology/sleep_deprivation,"epilepsy syndrome","Sleep Deprivation"
http://healthcarekg.org/ontology/meningioma,hasSymptom,http://healthcarekg.org/ontology/consciousness_disorders,"meningioma","Consciousness Disorders"
http://healthcarekg.org/ontology/vitiligo,hasSymptom,http://healthcarekg.org/ontology/ataxia_telangiectasia,"vitiligo","Ataxia Telangiectasia"
http://healthcarekg.org/ontology/migraine,hasSymptom,http://healthcarekg.org/ontology/neuralgia,"migraine","Neuralgia"
http://healthcarekg.org/ontology/brain_cancer,hasSymptom,http://healthcarekg.org/ontology/dysarthria,"brain cancer","Dysarthria"
http://healthcarekg.org/ontology/otosclerosis,hasSymptom,http://healthcarekg.org/ontology/cerebrospinal_fluid_otorrhea,"otosclerosis","Cerebrospinal Fluid Otorrhea"
http://healthcarekg.org/ontology/coronary_artery_disease,treatedBy,http://healthcarekg.org/ontology/lovastatin,"coronary artery disease","Lovastatin"
http://healthcarekg.org/ontology/sarcoma,treatedBy,http://healthcarekg.org/ontology/mitoxantrone,"sarcoma","Mitoxantrone"
http://healthcarekg.org/ontology/acquired_immunodeficiency_syndrome,hasSymptom,http://healthcarekg.org/ontology/emaciation,"acquired immunodeficiency syndrome","Emaciation"
http://healthcarekg.org/ontology/obesity,treatedBy,http://healthcarekg.org/ontology/sibutramine,"Obesity","Sibutramine"
http://healthcarekg.org/ontology/nephrolithiasis,hasSymptom,http://healthcarekg.org/ontology/fever,"nephrolithiasis","Fever"
http://healthcarekg.org/ontology/epilepsy_syndrome,hasSymptom,http://healthcarekg.org/ontology/hyperkinesis,"epilepsy syndrome","Hyperkinesis"
http://healthcarekg.org/ontology/anemia,hasSymptom,http://healthcarekg.org/ontology/ataxia_telangiectasia,"anemia","Ataxia Telangiectasia"
http://healthcarekg.org/ontology/bone_cancer,hasSymptom,http://healthcarekg.org/ontology/vision_low,"bone cancer","Vision, Low"
http://healthcarekg.org/ontology/malignant_glioma,hasSymptom,http://healthcarekg.org/ontology/diplopia,"malignant glioma","Diplopia"
http://healthcarekg.org/ontology/germ_cell_cancer,hasSymptom,http://healthcarekg.org/ontology/eye_manifestations,"germ cell cancer","Eye Manifestations"
http://healthcarekg.org/ontology/kawasaki_disease,treatedBy,http://healthcarekg.org/ontology/acetylsalicylic_acid,"Kawasaki disease","Acetylsalicylic acid"
http://healthcarekg.org/ontology/bone_cancer,hasSymptom,http://healthcarekg.org/ontology/urinary_bladder_neurogenic,"bone cancer","Urinary Bladder, Neurogenic"
http://healthcarekg.org/ontology/nicotine_dependence,hasSymptom,http://healthcarekg.org/ontology/sleep_initiation_and_maintenance_disorders,"nicotine dependence","Sleep Initiation and Maintenance Disorders"
http://healthcarekg.org/ontology/dental_caries,hasSymptom,http://healthcarekg.org/ontology/failure_to_thrive,"dental caries","Failure to Thrive"
http://healthcarekg.org/ontology/gout,treatedBy,http://healthcarekg.org/ontology/methylprednisolone,"gout","Methylprednisolone"
http://healthcarekg.org/ontology/ankylosing_spondylitis,treatedBy,http://healthcarekg.org/ontology/sulfasalazine,"ankylosing spondylitis","Sulfasalazine"
http://healthcarekg.org/ontology/testicular_cancer,hasSymptom,http://healthcarekg.org/ontology/paraplegia,"testicular cancer","Paraplegia"
http://healthcarekg.org/ontology/malignant_mesothelioma,hasSymptom,http://healthcarekg.org/ontology/fever_of_unknown_origin,"malignant mesothelioma","Fever of Unknown Origin"
http://healthcarekg.org/ontology/crohn_s_disease,hasSymptom,http://healthcarekg.org/ontology/pruritus_ani,"Crohn's disease","Pruritus Ani"
http://healthcarekg.org/ontology/restless_legs_syndrome,hasSymptom,http://healthcarekg.org/ontology/machado_joseph_disease,"Restless Legs Syndrome","Machado-Joseph Disease"
http://healthcarekg.org/ontology/hypertension,treatedBy,http://healthcarekg.org/ontology/perindopril,"hypertension","Perindopril"
http://healthcarekg.org/ontology/migraine,hasSymptom,http://healthcarekg.org/ontology/hyperacusis,"migraine","Hyperacusis"
http://healthcarekg.org/ontology/chronic_obstructive_pulmonary_disease,hasSymptom,http://healthcarekg.org/ontology/obesity_hypoventilation_syndrome,"chronic obstructive pulmonary disease","Obesity Hypoventilation Syndrome"
http://healthcarekg.org/ontology/thoracic_aortic_aneurysm,hasSymptom,http://healthcarekg.org/ontology/syncope,"thoracic aortic aneurysm","Syncope"
http://healthcarekg.org/ontology/graves_disease,hasSymptom,http://healthcarekg.org/ontology/muscle_weakness,"Graves' disease","Muscle Weakness"
http://healthcarekg.org/ontology/intracranial_aneurysm,hasSymptom,http://healthcarekg.org/ontology/horner_syndrome,"intracranial aneurysm","Horner Syndrome"
http://healthcarekg.org/ontology/multiple_sclerosis,hasSymptom,http://healthcarekg.org/ontology/spasm,"multiple sclerosis","Spasm"
http://healthcarekg.org/ontology/ulcerative_colitis,hasSymptom,http://healthcarekg.org/ontology/constipation,"ulcerative colitis","Constipation"
http://healthcarekg.org/ontology/hypertension,treatedBy,http://healthcarekg.org/ontology/bepridil,"hypertension","Bepridil"
http://healthcarekg.org/ontology/systemic_lupus_erythematosus,treatedBy,http://healthcarekg.org/ontology/methylprednisolone,"systemic lupus erythematosus","Methylprednisolone"
http://healthcarekg.org/ontology/hypertension,treatedBy,http://healthcarekg.org/ontology/guanabenz,"hypertension","Guanabenz"
http://healthcarekg.org/ontology/kidney_cancer,hasSymptom,http://healthcarekg.org/ontology/diarrhea,"kidney cancer","Diarrhea"
http://healthcarekg.org/ontology/parkinson_s_disease,hasSymptom,http://healthcarekg.org/ontology/apraxia_ideomotor,"Parkinson's disease","Apraxia, Ideomotor"
http://healthcarekg.org/ontology/melanoma,hasSymptom,http://healthcarekg.org/ontology/abdominal_pain,"melanoma","Abdominal Pain"
http://healthcarekg.org/ontology/salivary_gland_cancer,hasSymptom,http://healthcarekg.org/ontology/paresthesia,"salivary gland cancer","Paresthesia"
http://healthcarekg.org/ontology/malignant_glioma,hasSymptom,http://healthcarekg.org/ontology/anomia,"malignant glioma","Anomia"
http://healthcarekg.org/ontology/vulva_cancer,hasSymptom,http://healthcarekg.org/ontology/urinary_incontinence_stress,"vulva cancer","Urinary Incontinence, Stress"
http://healthcarekg.org/ontology/bipolar_disorder,hasSymptom,http://healthcarekg.org/ontology/chorea,"bipolar disorder","Chorea"
http://healthcarekg.org/ontology/anemia,hasSymptom,http://healthcarekg.org/ontology/hyphema,"anemia","Hyphema"
http://healthcarekg.org/ontology/psoriasis,hasSymptom,http://healthcarekg.org/ontology/hypergammaglobulinemia,"psoriasis","Hypergammaglobulinemia"
http://healthcarekg.org/ontology/focal_segmental_glomerulosclerosis,hasSymptom,http://healthcarekg.org/ontology/kearns_sayre_syndrome,"focal segmental glomerulosclerosis","Kearns-Sayre Syndrome"
http://healthcarekg.org/ontology/parkinson_s_disease,hasSymptom,http://healthcarekg.org/ontology/muscle_rigidity,"Parkinson's disease","Muscle Rigidity"
http://healthcarekg.org/ontology/psoriasis,treatedBy,http://healthcarekg.org/ontology/hydroxyurea,"psoriasis","Hydroxyurea"
http://healthcarekg.org/ontology/epilepsy_syndrome,treatedBy,http://healthcarekg.org/ontology/acetazolamide,"epilepsy syndrome","Acetazolamide"
http://healthcarekg.org/ontology/behcet_s_disease,hasSymptom,http://healthcarekg.org/ontology/vision_low,"Behcet's disease","Vision, Low"
http://healthcarekg.org/ontology/brain_cancer,hasSymptom,http://healthcarekg.org/ontology/unconsciousness,"brain cancer","Unconsciousness"
http://healthcarekg.org/ontology/crohn_s_disease,hasSymptom,http://healthcarekg.org/ontology/constipation,"Crohn's disease","Constipation"
http://healthcarekg.org/ontology/attention_deficit_hyperactivity_disorder,hasSymptom,http://healthcarekg.org/ontology/sensation_disorders,"attention deficit hyperactivity disorder","Sensation Disorders"
http://healthcarekg.org/ontology/behcet_s_disease,hasSymptom,http://healthcarekg.org/ontology/urinary_bladder_neurogenic,"Behcet's disease","Urinary Bladder, Neurogenic"
http://healthcarekg.org/ontology/germ_cell_cancer,treatedBy,http://healthcarekg.org/ontology/dactinomycin,"germ cell cancer","Dactinomycin"
http://healthcarekg.org/ontology/urinary_bladder_cancer,treatedBy,http://healthcarekg.org/ontology/fluorouracil,"urinary bladder cancer","Fluorouracil"
http://healthcarekg.org/ontology/fallopian_tube_cancer,hasSymptom,http://healthcarekg.org/ontology/abdomen_acute,"fallopian tube cancer","Abdomen, Acute"
http://healthcarekg.org/ontology/melanoma,hasSymptom,http://healthcarekg.org/ontology/fatigue,"melanoma","Fatigue"
http://healthcarekg.org/ontology/meningioma,hasSymptom,http://healthcarekg.org/ontology/hearing_loss_sudden,"meningioma","Hearing Loss, Sudden"
http://healthcarekg.org/ontology/graves_disease,hasSymptom,http://healthcarekg.org/ontology/vocal_cord_paralysis,"Graves' disease","Vocal Cord Paralysis"
http://healthcarekg.org/ontology/rheumatoid_arthritis,hasSymptom,http://healthcarekg.org/ontology/adie_syndrome,"rheumatoid arthritis","Adie Syndrome"
http://healthcarekg.org/ontology/sarcoma,hasSymptom,http://healthcarekg.org/ontology/anorexia,"sarcoma","Anorexia"
http://healthcarekg.org/ontology/lung_cancer,hasSymptom,http://healthcarekg.org/ontology/anorexia,"lung cancer","Anorexia"
http://healthcarekg.org/ontology/systemic_lupus_erythematosus,hasSymptom,http://healthcarekg.org/ontology/quadriplegia,"systemic lupus erythematosus","Quadriplegia"
http://healthcarekg.org/ontology/vitiligo,hasSymptom,http://healthcarekg.org/ontology/hearing_loss_high_frequency,"vitiligo","Hearing Loss, High-Frequency"
http://healthcarekg.org/ontology/malignant_glioma,hasSymptom,http://healthcarekg.org/ontology/aphasia,"malignant glioma","Aphasia"
http://healthcarekg.org/ontology/atopic_dermatitis,treatedBy,http://healthcarekg.org/ontology/fluocinonide,"atopic dermatitis","Fluocinonide"
http://healthcarekg.org/ontology/anemia,hasSymptom,http://healthcarekg.org/ontology/fetal_hypoxia,"anemia","Fetal Hypoxia"
http://healthcarekg.org/ontology/refractive_error,hasSymptom,http://healthcarekg.org/ontology/retinal_hemorrhage,"refractive error","Retinal Hemorrhage"
http://healthcarekg.org/ontology/hypertension,hasSymptom,http://healthcarekg.org/ontology/proteinuria,"hypertension","Proteinuria"
http://healthcarekg.org/ontology/ulcerative_colitis,hasSymptom,http://healthcarekg.org/ontology/diarrhea,"ulcerative colitis","Diarrhea"
http://healthcarekg.org/ontology/sarcoma,hasSymptom,http://healthcarekg.org/ontology/dysuria,"sarcoma","Dysuria"
http://healthcarekg.org/ontology/meningioma,hasSymptom,http://healthcarekg.org/ontology/aphasia,"meningioma","Aphasia"
http://healthcarekg.org/ontology/chronic_kidney_failure,hasSymptom,http://healthcarekg.org/ontology/angina_pectoris,"chronic kidney failure","Angina Pectoris"
http://healthcarekg.org/ontology/head_and_neck_cancer,hasSymptom,http://healthcarekg.org/ontology/cachexia,"head and neck cancer","Cachexia"
http://healthcarekg.org/ontology/parkinson_s_disease,hasSymptom,http://healthcarekg.org/ontology/supranuclear_palsy_progressive,"Parkinson's disease","Supranuclear Palsy, Progressive"
http://healthcarekg.org/ontology/brain_cancer,hasSymptom,http://healthcarekg.org/ontology/chorea,"brain cancer","Chorea"
http://healthcarekg.org/ontology/parkinson_s_disease,hasSymptom,http://healthcarekg.org/ontology/hallucinations,"Parkinson's disease","Hallucinations"
http://healthcarekg.org/ontology/prostate_cancer,treatedBy,http://healthcarekg.org/ontology/flutamide,"prostate cancer","Flutamide"
http://healthcarekg.org/ontology/vitiligo,hasSymptom,http://healthcarekg.org/ontology/pruritus,"vitiligo","Pruritus"
http://healthcarekg.org/ontology/peripheral_nervous_system_neoplasm,hasSymptom,http://healthcarekg.org/ontology/dizziness,"peripheral nervous system neoplasm","Dizziness"
http://healthcarekg.org/ontology/ulcerative_colitis,treatedBy,http://healthcarekg.org/ontology/mesalazine,"ulcerative colitis","Mesalazine"
http://healthcarekg.org/ontology/hematologic_cancer,hasSymptom,http://healthcarekg.org/ontology/nausea,"hematologic cancer","Nausea"
http://healthcarekg.org/ontology/muscle_cancer,hasSymptom,http://healthcarekg.org/ontology/shoulder_pain,"muscle cancer","Shoulder Pain"
http://healthcarekg.org/ontology/schizophrenia,hasSymptom,http://healthcarekg.org/ontology/dyskinesias,"schizophrenia","Dyskinesias"
http://healthcarekg.org/ontology/pharynx_cancer,hasSymptom,http://healthcarekg.org/ontology/hoarseness,"pharynx cancer","Hoarseness"
http://healthcarekg.org/ontology/hepatitis_b,treatedBy,http://healthcarekg.org/ontology/lamivudine,"hepatitis B","Lamivudine"
http://healthcarekg.org/ontology/bipolar_disorder,hasSymptom,http://healthcarekg.org/ontology/disorders_of_excessive_somnolence,"bipolar disorder","Disorders of Excessive Somnolence"
http://healthcarekg.org/ontology/endogenous_depression,hasSymptom,http://healthcarekg.org/ontology/tinnitus,"endogenous depression","Tinnitus"
http://healthcarekg.org/ontology/prostate_cancer,treatedBy,http://healthcarekg.org/ontology/estramustine,"prostate cancer","Estramustine"
http://healthcarekg.org/ontology/peripheral_nervous_system_neoplasm,hasSymptom,http://healthcarekg.org/ontology/facial_pain,"peripheral nervous system neoplasm","Facial Pain"
http://healthcarekg.org/ontology/crohn_s_disease,hasSymptom,http://healthcarekg.org/ontology/diarrhea,"Crohn's disease","Diarrhea"
http://healthcarekg.org/ontology/epilepsy_syndrome,hasSymptom,http://healthcarekg.org/ontology/parasomnias,"epilepsy syndrome","Parasomnias"
http://healthcarekg.org/ontology/creutzfeldt_jakob_disease,hasSymptom,http://healthcarekg.org/ontology/gait_disorders_neurologic,"Creutzfeldt-Jakob disease","Gait Disorders, Neurologic"
http://healthcarekg.org/ontology/pancreatitis,hasSymptom,http://healthcarekg.org/ontology/diarrhea,"pancreatitis","Diarrhea"
http://healthcarekg.org/ontology/mediastinal_cancer,hasSymptom,http://healthcarekg.org/ontology/cough,"mediastinal cancer","Cough"
http://healthcarekg.org/ontology/attention_deficit_hyperactivity_disorder,hasSymptom,http://healthcarekg.org/ontology/sleep_disorders_circadian_rhythm,"attention deficit hyperactivity disorder","Sleep Disorders, Circadian Rhythm"
http://healthcarekg.org/ontology/crohn_s_disease,treatedBy,http://healthcarekg.org/ontology/mesalazine,"Crohn's disease","Mesalazine"
http://healthcarekg.org/ontology/urinary_bladder_cancer,hasSymptom,http://healthcarekg.org/ontology/anorexia,"urinary bladder cancer","Anorexia"
http://healthcarekg.org/ontology/leprosy,hasSymptom,http://healthcarekg.org/ontology/sensation_disorders,"leprosy","Sensation Disorders"
http://healthcarekg.org/ontology/bipolar_disorder,hasSymptom,http://healthcarekg.org/ontology/catatonia,"bipolar disorder","Catatonia"
http://healthcarekg.org/ontology/intracranial_aneurysm,hasSymptom,http://healthcarekg.org/ontology/vision_low,"intracranial aneurysm","Vision, Low"
http://healthcarekg.org/ontology/parkinson_s_disease,hasSymptom,http://healthcarekg.org/ontology/stuttering,"Parkinson's disease","Stuttering"
http://healthcarekg.org/ontology/ocular_cancer,hasSymptom,http://healthcarekg.org/ontology/vision_low,"ocular cancer","Vision, Low"
http://healthcarekg.org/ontology/behcet_s_disease,hasSymptom,http://healthcarekg.org/ontology/diarrhea,"Behcet's disease","Diarrhea"
http://healthcarekg.org/ontology/abdominal_aortic_aneurysm,hasSymptom,http://healthcarekg.org/ontology/renal_colic,"abdominal aortic aneurysm","Renal Colic"
http://healthcarekg.org/ontology/bipolar_disorder,hasSymptom,http://healthcarekg.org/ontology/asthenia,"bipolar disorder","Asthenia"
http://healthcarekg.org/ontology/liver_cancer,hasSymptom,http://healthcarekg.org/ontology/vomiting_anticipatory,"liver cancer","Vomiting, Anticipatory"
http://healthcarekg.org/ontology/psoriasis,hasSymptom,http://healthcarekg.org/ontology/monoclonal_gammopathy_of_undetermined_significance,"psoriasis","Monoclonal Gammopathy of Undetermined Significance"
http://healthcarekg.org/ontology/acquired_immunodeficiency_syndrome,treatedBy,http://healthcarekg.org/ontology/zidovudine,"acquired immunodeficiency syndrome","Zidovudine"
http://healthcarekg.org/ontology/asthma,treatedBy,http://healthcarekg.org/ontology/salmeterol,"asthma","Salmeterol"
http://healthcarekg.org/ontology/allergic_rhinitis,hasSymptom,http://healthcarekg.org/ontology/psychophysiologic_disorders,"allergic rhinitis","Psychophysiologic Disorders"
http://healthcarekg.org/ontology/hypothyroidism,hasSymptom,http://healthcarekg.org/ontology/hypothermia,"hypothyroidism","Hypothermia"
http://healthcarekg.org/ontology/celiac_disease,hasSymptom,http://healthcarekg.org/ontology/abdominal_pain,"celiac disease","Abdominal Pain"
http://healthcarekg.org/ontology/type_1_diabetes_mellitus,hasSymptom,http://healthcarekg.org/ontology/pupil_disorders,"type 1 diabetes mellitus","Pupil Disorders"
http://healthcarekg.org/ontology/parkinson_s_disease,hasSymptom,http://healthcarekg.org/ontology/hypokinesia,"Parkinson's disease","Hypokinesia"
http://healthcarekg.org/ontology/brain_cancer,hasSymptom,http://healthcarekg.org/ontology/hemianopsia,"brain cancer","Hemianopsia"
http://healthcarekg.org/ontology/epilepsy_syndrome,treatedBy,http://healthcarekg.org/ontology/rufinamide,"epilepsy syndrome","Rufinamide"
http://healthcarekg.org/ontology/ankylosing_spondylitis,hasSymptom,http://healthcarekg.org/ontology/back_pain,"ankylosing spondylitis","Back Pain"
http://healthcarekg.org/ontology/breast_cancer,hasSymptom,http://healthcarekg.org/ontology/ataxia_telangiectasia,"breast cancer","Ataxia Telangiectasia"
http://healthcarekg.org/ontology/multiple_sclerosis,hasSymptom,http://healthcarekg.org/ontology/hearing_loss_sudden,"multiple sclerosis","Hearing Loss, Sudden"
http://healthcarekg.org/ontology/epilepsy_syndrome,hasSymptom,http://healthcarekg.org/ontology/rett_syndrome,"epilepsy syndrome","Rett Syndrome"
http://healthcarekg.org/ontology/asthma,treatedBy,http://healthcarekg.org/ontology/loratadine,"asthma","Loratadine"
http://healthcarekg.org/ontology/abdominal_aortic_aneurysm,hasSymptom,http://healthcarekg.org/ontology/fever,"abdominal aortic aneurysm","Fever"
http://healthcarekg.org/ontology/vaginal_cancer,hasSymptom,http://healthcarekg.org/ontology/urinary_incontinence_stress,"vaginal cancer","Urinary Incontinence, Stress"
http://healthcarekg.org/ontology/head_and_neck_cancer,hasSymptom,http://healthcarekg.org/ontology/articulation_disorders,"head and neck cancer","Articulation Disorders"
http://healthcarekg.org/ontology/melanoma,hasSymptom,http://healthcarekg.org/ontology/vision_low,"melanoma","Vision, Low"
http://healthcarekg.org/ontology/ulcerative_colitis,hasSymptom,http://healthcarekg.org/ontology/psychophysiologic_disorders,"ulcerative colitis","Psychophysiologic Disorders"
http://healthcarekg.org/ontology/brain_cancer,hasSymptom,http://healthcarekg.org/ontology/vertigo,"brain cancer","Vertigo"
http://healthcarekg.org/ontology/peripheral_nervous_system_neoplasm,hasSymptom,http://healthcarekg.org/ontology/emaciation,"peripheral nervous system neoplasm","Emaciation"
http://healthcarekg.org/ontology/type_2_diabetes_mellitus,treatedBy,http://healthcarekg.org/ontology/rosiglitazone,"type 2 diabetes mellitus","Rosiglitazone"
http://healthcarekg.org/ontology/testicular_cancer,treatedBy,http://healthcarekg.org/ontology/doxorubicin,"testicular cancer","Doxorubicin"
http://healthcarekg.org/ontology/multiple_sclerosis,hasSymptom,http://healthcarekg.org/ontology/aphasia,"multiple sclerosis","Aphasia"
http://healthcarekg.org/ontology/pancreatic_cancer,treatedBy,http://healthcarekg.org/ontology/epirubicin,"pancreatic cancer","Epirubicin"
http://healthcarekg.org/ontology/hepatitis_b,hasSymptom,http://healthcarekg.org/ontology/brain_death,"hepatitis B","Brain Death"
http://healthcarekg.org/ontology/uterine_fibroid,hasSymptom,http://healthcarekg.org/ontology/pelvic_pain,"uterine fibroid","Pelvic Pain"
http://healthcarekg.org/ontology/anemia,hasSymptom,http://healthcarekg.org/ontology/glossalgia,"anemia","Glossalgia"
http://healthcarekg.org/ontology/paget_s_disease_of_bone,hasSymptom,http://healthcarekg.org/ontology/tinnitus,"Paget's disease of bone","Tinnitus"
http://healthcarekg.org/ontology/tracheal_cancer,hasSymptom,http://healthcarekg.org/ontology/chest_pain,"tracheal cancer","Chest Pain"
http://healthcarekg.org/ontology/breast_cancer,hasSymptom,http://healthcarekg.org/ontology/musculoskeletal_pain,"breast cancer","Musculoskeletal Pain"
http://healthcarekg.org/ontology/brain_cancer,treatedBy,http://healthcarekg.org/ontology/temozolomide,"brain cancer","Temozolomide"
http://healthcarekg.org/ontology/periodontitis,hasSymptom,http://healthcarekg.org/ontology/oral_hemorrhage,"periodontitis","Oral Hemorrhage"
http://healthcarekg.org/ontology/intracranial_aneurysm,hasSymptom,http://healthcarekg.org/ontology/scotoma,"intracranial aneurysm","Scotoma"
http://healthcarekg.org/ontology/ocular_cancer,hasSymptom,http://healthcarekg.org/ontology/scotoma,"ocular cancer","Scotoma"
http://healthcarekg.org/ontology/systemic_lupus_erythematosus,hasSymptom,http://healthcarekg.org/ontology/skin_manifestations,"systemic lupus erythematosus","Skin Manifestations"
http://healthcarekg.org/ontology/paget_s_disease_of_bone,hasSymptom,http://healthcarekg.org/ontology/sciatica,"Paget's disease of bone","Sciatica"
http://healthcarekg.org/ontology/behcet_s_disease,hasSymptom,http://healthcarekg.org/ontology/hemoptysis,"Behcet's disease","Hemoptysis"
http://healthcarekg.org/ontology/polycystic_ovary_syndrome,hasSymptom,http://healthcarekg.org/ontology/obesity,"polycystic ovary syndrome","Obesity"
http://healthcarekg.org/ontology/crohn_s_disease,hasSymptom,http://healthcarekg.org/ontology/psychophysiologic_disorders,"Crohn's disease","Psychophysiologic Disorders"
http://healthcarekg.org/ontology/esophageal_cancer,hasSymptom,http://healthcarekg.org/ontology/heartburn,"esophageal cancer","Heartburn"
http://healthcarekg.org/ontology/rheumatoid_arthritis,hasSymptom,http://healthcarekg.org/ontology/hearing_loss_conductive,"rheumatoid arthritis","Hearing Loss, Conductive"
http://healthcarekg.org/ontology/ocular_cancer,hasSymptom,http://healthcarekg.org/ontology/color_vision_defects,"ocular cancer","Color Vision Defects"
http://healthcarekg.org/ontology/epilepsy_syndrome,hasSymptom,http://healthcarekg.org/ontology/seizures,"epilepsy syndrome","Seizures"
http://healthcarekg.org/ontology/migraine,hasSymptom,http://healthcarekg.org/ontology/muscle_weakness,"migraine","Muscle Weakness"
http://healthcarekg.org/ontology/breast_cancer,treatedBy,http://healthcarekg.org/ontology/paclitaxel,"breast cancer","Paclitaxel"
http://healthcarekg.org/ontology/glaucoma,hasSymptom,http://healthcarekg.org/ontology/pupil_disorders,"glaucoma","Pupil Disorders"
http://healthcarekg.org/ontology/parkinson_s_disease,hasSymptom,http://healthcarekg.org/ontology/nocturia,"Parkinson's disease","Nocturia"
http://healthcarekg.org/ontology/chronic_kidney_failure,hasSymptom,http://healthcarekg.org/ontology/hearing_disorders,"chronic kidney failure","Hearing Disorders"
http://healthcarekg.org/ontology/creutzfeldt_jakob_disease,hasSymptom,http://healthcarekg.org/ontology/confusion,"Creutzfeldt-Jakob disease","Confusion"
http://healthcarekg.org/ontology/germ_cell_cancer,hasSymptom,http://healthcarekg.org/ontology/low_back_pain,"germ cell cancer","Low Back Pain"
http://healthcarekg.org/ontology/celiac_disease,hasSymptom,http://healthcarekg.org/ontology/williams_syndrome,"celiac disease","Williams Syndrome"
http://healthcarekg.org/ontology/thyroid_cancer,treatedBy,http://healthcarekg.org/ontology/doxorubicin,"thyroid cancer","Doxorubicin"
http://healthcarekg.org/ontology/kidney_cancer,hasSymptom,http://healthcarekg.org/ontology/ecchymosis,"kidney cancer","Ecchymosis"
http://healthcarekg.org/ontology/creutzfeldt_jakob_disease,hasSymptom,http://healthcarekg.org/ontology/myoclonus,"Creutzfeldt-Jakob disease","Myoclonus"
http://healthcarekg.org/ontology/germ_cell_cancer,hasSymptom,http://healthcarekg.org/ontology/hearing_loss_unilateral,"germ cell cancer","Hearing Loss, Unilateral"
http://healthcarekg.org/ontology/obesity,hasSymptom,http://healthcarekg.org/ontology/bulimia,"Obesity","Bulimia"
http://healthcarekg.org/ontology/acquired_immunodeficiency_syndrome,treatedBy,http://healthcarekg.org/ontology/amprenavir,"acquired immunodeficiency syndrome","Amprenavir"
http://healthcarekg.org/ontology/restless_legs_syndrome,hasSymptom,http://healthcarekg.org/ontology/sleep_apnea_obstructive,"Restless Legs Syndrome","Sleep Apnea, Obstructive"
http://healthcarekg.org/ontology/melanoma,hasSymptom,http://healthcarekg.org/ontology/scotoma,"melanoma","Scotoma"
http://healthcarekg.org/ontology/brain_cancer,hasSymptom,http://healthcarekg.org/ontology/horner_syndrome,"brain cancer","Horner Syndrome"
http://healthcarekg.org/ontology/refractive_error,hasSymptom,http://healthcarekg.org/ontology/perceptual_disorders,"refractive error","Perceptual Disorders"
http://healthcarekg.org/ontology/alcohol_dependence,hasSymptom,http://healthcarekg.org/ontology/jaundice,"alcohol dependence","Jaundice"
http://healthcarekg.org/ontology/epilepsy_syndrome,hasSymptom,http://healthcarekg.org/ontology/amnesia_anterograde,"epilepsy syndrome","Amnesia, Anterograde"
http://healthcarekg.org/ontology/asthma,treatedBy,http://healthcarekg.org/ontology/flunisolide,"asthma","Flunisolide"
http://healthcarekg.org/ontology/bipolar_disorder,hasSymptom,http://healthcarekg.org/ontology/learning_disorders,"bipolar disorder","Learning Disorders"
http://healthcarekg.org/ontology/age_related_macular_degeneration,hasSymptom,http://healthcarekg.org/ontology/pseudophakia,"age related macular degeneration","Pseudophakia"
http://healthcarekg.org/ontology/hypertension,treatedBy,http://healthcarekg.org/ontology/eprosartan,"hypertension","Eprosartan"
http://healthcarekg.org/ontology/otosclerosis,hasSymptom,http://healthcarekg.org/ontology/hyperacusis,"otosclerosis","Hyperacusis"
http://healthcarekg.org/ontology/type_1_diabetes_mellitus,hasSymptom,http://healthcarekg.org/ontology/insulin_coma,"type 1 diabetes mellitus","Insulin Coma"
http://healthcarekg.org/ontology/germ_cell_cancer,hasSymptom,http://healthcarekg.org/ontology/dysarthria,"germ cell cancer","Dysarthria"
http://healthcarekg.org/ontology/malignant_glioma,hasSymptom,http://healthcarekg.org/ontology/aphasia_broca,"malignant glioma","Aphasia, Broca"
http://healthcarekg.org/ontology/tracheal_cancer,hasSymptom,http://healthcarekg.org/ontology/apnea,"tracheal cancer","Apnea"
http://healthcarekg.org/ontology/hypertension,hasSymptom,http://healthcarekg.org/ontology/snoring,"hypertension","Snoring"
http://healthcarekg.org/ontology/chronic_obstructive_pulmonary_disease,hasSymptom,http://healthcarekg.org/ontology/anoxia,"chronic obstructive pulmonary disease","Anoxia"
http://healthcarekg.org/ontology/psoriasis,hasSymptom,http://healthcarekg.org/ontology/back_pain,"psoriasis","Back Pain"
http://healthcarekg.org/ontology/hypertension,treatedBy,http://healthcarekg.org/ontology/isradipine,"hypertension","Isradipine"
http://healthcarekg.org/ontology/spinal_cancer,hasSymptom,http://healthcarekg.org/ontology/back_pain,"spinal cancer","Back Pain"
http://healthcarekg.org/ontology/mediastinal_cancer,hasSymptom,http://healthcarekg.org/ontology/back_pain,"mediastinal cancer","Back Pain"
http://healthcarekg.org/ontology/pancreatitis,hasSymptom,http://healthcarekg.org/ontology/pain_threshold,"pancreatitis","Pain Threshold"
http://healthcarekg.org/ontology/paget_s_disease_of_bone,treatedBy,http://healthcarekg.org/ontology/risedronate,"Paget's disease of bone","Risedronate"
http://healthcarekg.org/ontology/hypertension,treatedBy,http://healthcarekg.org/ontology/amiloride,"hypertension","Amiloride"
http://healthcarekg.org/ontology/intracranial_aneurysm,hasSymptom,http://healthcarekg.org/ontology/decerebrate_state,"intracranial aneurysm","Decerebrate State"
http://healthcarekg.org/ontology/pancreatic_cancer,hasSymptom,http://healthcarekg.org/ontology/jaundice,"pancreatic cancer","Jaundice"
http://healthcarekg.org/ontology/germ_cell_cancer,hasSymptom,http://healthcarekg.org/ontology/retinal_hemorrhage,"germ cell cancer","Retinal Hemorrhage"
http://healthcarekg.org/ontology/pharynx_cancer,hasSymptom,http://healthcarekg.org/ontology/cerebrospinal_fluid_rhinorrhea,"pharynx cancer","Cerebrospinal Fluid Rhinorrhea"
http://healthcarekg.org/ontology/hematologic_cancer,hasSymptom,http://healthcarekg.org/ontology/neuralgia_postherpetic,"hematologic cancer","Neuralgia, Postherpetic"
http://healthcarekg.org/ontology/rheumatoid_arthritis,hasSymptom,http://healthcarekg.org/ontology/hemiplegia,"rheumatoid arthritis","Hemiplegia"
http://healthcarekg.org/ontology/amyotrophic_lateral_sclerosis,hasSymptom,http://healthcarekg.org/ontology/neurologic_manifestations,"amyotrophic lateral sclerosis","Neurologic Manifestations"
http://healthcarekg.org/ontology/head_and_neck_cancer,hasSymptom,http://healthcarekg.org/ontology/speech_disorders,"head and neck cancer","Speech Disorders"
http://healthcarekg.org/ontology/multiple_sclerosis,hasSymptom,http://healthcarekg.org/ontology/cerebellar_ataxia,"multiple sclerosis","Cerebellar Ataxia"
http://healthcarekg.org/ontology/mediastinal_cancer,hasSymptom,http://healthcarekg.org/ontology/respiratory_paralysis,"mediastinal cancer","Respiratory Paralysis"
http://healthcarekg.org/ontology/multiple_sclerosis,treatedBy,http://healthcarekg.org/ontology/prednisolone,"multiple sclerosis","Prednisolone"
http://healthcarekg.org/ontology/autistic_disorder,hasSymptom,http://healthcarekg.org/ontology/speech_disorders,"autistic disorder","Speech Disorders"
http://healthcarekg.org/ontology/migraine,hasSymptom,http://healthcarekg.org/ontology/amaurosis_fugax,"migraine","Amaurosis Fugax"
http://healthcarekg.org/ontology/malignant_glioma,hasSymptom,http://healthcarekg.org/ontology/hearing_loss,"malignant glioma","Hearing Loss"
http://healthcarekg.org/ontology/amyotrophic_lateral_sclerosis,hasSymptom,http://healthcarekg.org/ontology/supranuclear_palsy_progressive,"amyotrophic lateral sclerosis","Supranuclear Palsy, Progressive"
http://healthcarekg.org/ontology/malignant_glioma,hasSymptom,http://healthcarekg.org/ontology/gerstmann_syndrome,"malignant glioma","Gerstmann Syndrome"
http://healthcarekg.org/ontology/intracranial_aneurysm,hasSymptom,http://healthcarekg.org/ontology/vitreous_hemorrhage,"intracranial aneurysm","Vitreous Hemorrhage"
http://healthcarekg.org/ontology/meningioma,hasSymptom,http://healthcarekg.org/ontology/hearing_loss,"meningioma","Hearing Loss"
http://healthcarekg.org/ontology/ocular_cancer,hasSymptom,http://healthcarekg.org/ontology/vitreous_hemorrhage,"ocular cancer","Vitreous Hemorrhage"
http://healthcarekg.org/ontology/osteoarthritis,hasSymptom,http://healthcarekg.org/ontology/neuralgia,"osteoarthritis","Neuralgia"
http://healthcarekg.org/ontology/glaucoma,hasSymptom,http://healthcarekg.org/ontology/amblyopia,"glaucoma","Amblyopia"
http://healthcarekg.org/ontology/head_and_neck_cancer,hasSymptom,http://healthcarekg.org/ontology/hoarseness,"head and neck cancer","Hoarseness"
http://healthcarekg.org/ontology/dental_caries,hasSymptom,http://healthcarekg.org/ontology/oral_hemorrhage,"dental caries","Oral Hemorrhage"
http://healthcarekg.org/ontology/brain_cancer,hasSymptom,http://healthcarekg.org/ontology/agnosia,"brain cancer","Agnosia"
http://healthcarekg.org/ontology/type_2_diabetes_mellitus,treatedBy,http://healthcarekg.org/ontology/irbesartan,"type 2 diabetes mellitus","Irbesartan"
http://healthcarekg.org/ontology/acquired_immunodeficiency_syndrome,treatedBy,http://healthcarekg.org/ontology/nevirapine,"acquired immunodeficiency syndrome","Nevirapine"
http://healthcarekg.org/ontology/coronary_artery_disease,treatedBy,http://healthcarekg.org/ontology/simvastatin,"coronary artery disease","Simvastatin"
http://healthcarekg.org/ontology/creutzfeldt_jakob_disease,hasSymptom,http://healthcarekg.org/ontology/echolalia,"Creutzfeldt-Jakob disease","Echolalia"
http://healthcarekg.org/ontology/multiple_sclerosis,hasSymptom,http://healthcarekg.org/ontology/fasciculation,"multiple sclerosis","Fasciculation"
http://healthcarekg.org/ontology/chronic_obstructive_pulmonary_disease,hasSymptom,http://healthcarekg.org/ontology/muscle_weakness,"chronic obstructive pulmonary disease","Muscle Weakness"
http://healthcarekg.org/ontology/bipolar_disorder,hasSymptom,http://healthcarekg.org/ontology/lesch_nyhan_syndrome,"bipolar disorder","Lesch-Nyhan Syndrome"
http://healthcarekg.org/ontology/restless_legs_syndrome,hasSymptom,http://healthcarekg.org/ontology/nocturnal_myoclonus_syndrome,"Restless Legs Syndrome","Nocturnal Myoclonus Syndrome"
http://healthcarekg.org/ontology/pancreatitis,hasSymptom,http://healthcarekg.org/ontology/ecchymosis,"pancreatitis","Ecchymosis"
http://healthcarekg.org/ontology/systemic_scleroderma,hasSymptom,http://healthcarekg.org/ontology/abdomen_acute,"systemic scleroderma","Abdomen, Acute"
http://healthcarekg.org/ontology/rectum_cancer,hasSymptom,http://healthcarekg.org/ontology/flatulence,"rectum cancer","Flatulence"
http://healthcarekg.org/ontology/systemic_scleroderma,hasSymptom,http://healthcarekg.org/ontology/proteinuria,"systemic scleroderma","Proteinuria"
http://healthcarekg.org/ontology/liver_cancer,hasSymptom,http://healthcarekg.org/ontology/vomiting,"liver cancer","Vomiting"
http://healthcarekg.org/ontology/epilepsy_syndrome,hasSymptom,http://healthcarekg.org/ontology/stuttering,"epilepsy syndrome","Stuttering"
http://healthcarekg.org/ontology/dental_caries,hasSymptom,http://healthcarekg.org/ontology/down_syndrome,"dental caries","Down Syndrome"
http://healthcarekg.org/ontology/rheumatoid_arthritis,hasSymptom,http://healthcarekg.org/ontology/schnitzler_syndrome,"rheumatoid arthritis","Schnitzler Syndrome"
http://healthcarekg.org/ontology/bone_cancer,hasSymptom,http://healthcarekg.org/ontology/facial_pain,"bone cancer","Facial Pain"
http://healthcarekg.org/ontology/peripheral_nervous_system_neoplasm,hasSymptom,http://healthcarekg.org/ontology/paresis,"peripheral nervous system neoplasm","Paresis"
http://healthcarekg.org/ontology/brain_cancer,hasSymptom,http://healthcarekg.org/ontology/vision_low,"brain cancer","Vision, Low"
http://healthcarekg.org/ontology/melanoma,hasSymptom,http://healthcarekg.org/ontology/vitreous_hemorrhage,"melanoma","Vitreous Hemorrhage"
http://healthcarekg.org/ontology/parkinson_s_disease,hasSymptom,http://healthcarekg.org/ontology/gait_ataxia,"Parkinson's disease","Gait Ataxia"
http://healthcarekg.org/ontology/hypertension,hasSymptom,http://healthcarekg.org/ontology/body_weight,"hypertension","Body Weight"
http://healthcarekg.org/ontology/uterine_cancer,hasSymptom,http://healthcarekg.org/ontology/abdomen_acute,"uterine cancer","Abdomen, Acute"
http://healthcarekg.org/ontology/hypertension,treatedBy,http://healthcarekg.org/ontology/indapamide,"hypertension","Indapamide"
http://healthcarekg.org/ontology/breast_cancer,treatedBy,http://healthcarekg.org/ontology/raloxifene,"breast cancer","Raloxifene"
http://healthcarekg.org/ontology/bipolar_disorder,hasSymptom,http://healthcarekg.org/ontology/color_vision_defects,"bipolar disorder","Color Vision Defects"
http://healthcarekg.org/ontology/chronic_obstructive_pulmonary_disease,hasSymptom,http://healthcarekg.org/ontology/sleep_disorders,"chronic obstructive pulmonary disease","Sleep Disorders"
http://healthcarekg.org/ontology/atopic_dermatitis,hasSymptom,http://healthcarekg.org/ontology/sleep_disorders,"atopic dermatitis","Sleep Disorders"
http://healthcarekg.org/ontology/gilles_de_la_tourette_syndrome,hasSymptom,http://healthcarekg.org/ontology/stuttering,"Gilles de la Tourette syndrome","Stuttering"
http://healthcarekg.org/ontology/polycystic_ovary_syndrome,hasSymptom,http://healthcarekg.org/ontology/birth_weight,"polycystic ovary syndrome","Birth Weight"
http://healthcarekg.org/ontology/attention_deficit_hyperactivity_disorder,hasSymptom,http://healthcarekg.org/ontology/akathisia_drug_induced,"attention deficit hyperactivity disorder","Akathisia, Drug-Induced"
http://healthcarekg.org/ontology/endogenous_depression,hasSymptom,http://healthcarekg.org/ontology/back_pain,"endogenous depression","Back Pain"
http://healthcarekg.org/ontology/hypertension,treatedBy,http://healthcarekg.org/ontology/terazosin,"hypertension","Terazosin"
http://healthcarekg.org/ontology/atopic_dermatitis,treatedBy,http://healthcarekg.org/ontology/mometasone,"atopic dermatitis","Mometasone"
http://healthcarekg.org/ontology/ulcerative_colitis,treatedBy,http://healthcarekg.org/ontology/prednisone,"ulcerative colitis","Prednisone"
http://healthcarekg.org/ontology/thoracic_aortic_aneurysm,hasSymptom,http://healthcarekg.org/ontology/cardiac_output_low,"thoracic aortic aneurysm","Cardiac Output, Low"
http://healthcarekg.org/ontology/pancreatic_cancer,hasSymptom,http://healthcarekg.org/ontology/visceral_pain,"pancreatic cancer","Visceral Pain"
http://healthcarekg.org/ontology/peripheral_nervous_system_neoplasm,hasSymptom,http://healthcarekg.org/ontology/paresthesia,"peripheral nervous system neoplasm","Paresthesia"
http://healthcarekg.org/ontology/acquired_immunodeficiency_syndrome,treatedBy,http://healthcarekg.org/ontology/saquinavir,"acquired immunodeficiency syndrome","Saquinavir"
http://healthcarekg.org/ontology/malaria,hasSymptom,http://healthcarekg.org/ontology/diarrhea,"malaria","Diarrhea"
http://healthcarekg.org/ontology/hematologic_cancer,treatedBy,http://healthcarekg.org/ontology/thalidomide,"hematologic cancer","Thalidomide"
http://healthcarekg.org/ontology/chronic_obstructive_pulmonary_disease,hasSymptom,http://healthcarekg.org/ontology/mobility_limitation,"chronic obstructive pulmonary disease","Mobility Limitation"
http://healthcarekg.org/ontology/rectum_cancer,hasSymptom,http://healthcarekg.org/ontology/pain_intractable,"rectum cancer","Pain, Intractable"
http://healthcarekg.org/ontology/prostate_cancer,treatedBy,http://healthcarekg.org/ontology/estradiol_valerate_dienogest,"prostate cancer","Estradiol valerate/Dienogest"
http://healthcarekg.org/ontology/brain_cancer,hasSymptom,http://healthcarekg.org/ontology/scotoma,"brain cancer","Scotoma"
http://healthcarekg.org/ontology/crohn_s_disease,hasSymptom,http://healthcarekg.org/ontology/tetany,"Crohn's disease","Tetany"
http://healthcarekg.org/ontology/peripheral_nervous_system_neoplasm,hasSymptom,http://healthcarekg.org/ontology/vision_disorders,"peripheral nervous system neoplasm","Vision Disorders"
http://healthcarekg.org/ontology/lung_cancer,treatedBy,http://healthcarekg.org/ontology/topotecan,"lung cancer","Topotecan"
http://healthcarekg.org/ontology/endogenous_depression,hasSymptom,http://healthcarekg.org/ontology/intellectual_disability,"endogenous depression","Intellectual Disability"
http://healthcarekg.org/ontology/breast_cancer,treatedBy,http://healthcarekg.org/ontology/methotrexate,"breast cancer","Methotrexate"
http://healthcarekg.org/ontology/adrenal_gland_cancer,hasSymptom,http://healthcarekg.org/ontology/syncope,"adrenal gland cancer","Syncope"
http://healthcarekg.org/ontology/stomach_cancer,hasSymptom,http://healthcarekg.org/ontology/hematemesis,"stomach cancer","Hematemesis"
http://healthcarekg.org/ontology/crohn_s_disease,treatedBy,http://healthcarekg.org/ontology/prednisone,"Crohn's disease","Prednisone"
http://healthcarekg.org/ontology/graves_disease,hasSymptom,http://healthcarekg.org/ontology/paralysis,"Graves' disease","Paralysis"
http://healthcarekg.org/ontology/colon_cancer,hasSymptom,http://healthcarekg.org/ontology/body_weight,"colon cancer","Body Weight"
http://healthcarekg.org/ontology/germ_cell_cancer,hasSymptom,http://healthcarekg.org/ontology/hemianopsia,"germ cell cancer","Hemianopsia"
http://healthcarekg.org/ontology/esophageal_cancer,hasSymptom,http://healthcarekg.org/ontology/fatigue,"esophageal cancer","Fatigue"
http://healthcarekg.org/ontology/vascular_cancer,hasSymptom,http://healthcarekg.org/ontology/fever_of_unknown_origin,"vascular cancer","Fever of Unknown Origin"
http://healthcarekg.org/ontology/alzheimer_s_disease,hasSymptom,http://healthcarekg.org/ontology/perceptual_disorders,"Alzheimer's disease","Perceptual Disorders"
http://healthcarekg.org/ontology/ocular_cancer,hasSymptom,http://healthcarekg.org/ontology/ecchymosis,"ocular cancer","Ecchymosis"
http://healthcarekg.org/ontology/otosclerosis,hasSymptom,http://healthcarekg.org/ontology/hearing_loss_bilateral,"otosclerosis","Hearing Loss, Bilateral"
http://healthcarekg.org/ontology/epilepsy_syndrome,hasSymptom,http://healthcarekg.org/ontology/prosopagnosia,"epilepsy syndrome","Prosopagnosia"
http://healthcarekg.org/ontology/fallopian_tube_cancer,hasSymptom,http://healthcarekg.org/ontology/edema,"fallopian tube cancer","Edema"
http://healthcarekg.org/ontology/metabolic_syndrome_x,hasSymptom,http://healthcarekg.org/ontology/sarcopenia,"metabolic syndrome X","Sarcopenia"
http://healthcarekg.org/ontology/idiopathic_pulmonary_fibrosis,hasSymptom,http://healthcarekg.org/ontology/heartburn,"idiopathic pulmonary fibrosis","Heartburn"
http://healthcarekg.org/ontology/osteoporosis,hasSymptom,http://healthcarekg.org/ontology/quadriplegia,"osteoporosis","Quadriplegia"
http://healthcarekg.org/ontology/pharynx_cancer,hasSymptom,http://healthcarekg.org/ontology/respiratory_sounds,"pharynx cancer","Respiratory Sounds"
http://healthcarekg.org/ontology/chronic_kidney_failure,hasSymptom,http://healthcarekg.org/ontology/albuminuria,"chronic kidney failure","Albuminuria"
http://healthcarekg.org/ontology/rheumatoid_arthritis,hasSymptom,http://healthcarekg.org/ontology/phantom_limb,"rheumatoid arthritis","Phantom Limb"
http://healthcarekg.org/ontology/refractive_error,hasSymptom,http://healthcarekg.org/ontology/miosis,"refractive error","Miosis"
http://healthcarekg.org/ontology/hematologic_cancer,treatedBy,http://healthcarekg.org/ontology/vinorelbine,"hematologic cancer","Vinorelbine"
http://healthcarekg.org/ontology/skin_cancer,hasSymptom,http://healthcarekg.org/ontology/cafe_au_lait_spots,"skin cancer","Cafe-au-Lait Spots"
http://healthcarekg.org/ontology/hypertension,hasSymptom,http://healthcarekg.org/ontology/edema,"hypertension","Edema"
http://healthcarekg.org/ontology/paget_s_disease_of_bone,hasSymptom,http://healthcarekg.org/ontology/back_pain,"Paget's disease of bone","Back Pain"
http://healthcarekg.org/ontology/spinal_cancer,hasSymptom,http://healthcarekg.org/ontology/reflex_abnormal,"spinal cancer","Reflex, Abnormal"
http://healthcarekg.org/ontology/intracranial_aneurysm,hasSymptom,http://healthcarekg.org/ontology/dizziness,"intracranial aneurysm","Dizziness"
http://healthcarekg.org/ontology/anemia,hasSymptom,http://healthcarekg.org/ontology/abdomen_acute,"anemia","Abdomen, Acute"
http://healthcarekg.org/ontology/bipolar_disorder,hasSymptom,http://healthcarekg.org/ontology/psychophysiologic_disorders,"bipolar disorder","Psychophysiologic Disorders"
http://healthcarekg.org/ontology/anemia,hasSymptom,http://healthcarekg.org/ontology/proteinuria,"anemia","Proteinuria"
http://healthcarekg.org/ontology/cleft_lip,hasSymptom,http://healthcarekg.org/ontology/mental_retardation_x_linked,"cleft lip","Mental Retardation, X-Linked"
http://healthcarekg.org/ontology/malignant_glioma,hasSymptom,http://healthcarekg.org/ontology/brain_death,"malignant glioma","Brain Death"
http://healthcarekg.org/ontology/colon_cancer,hasSymptom,http://healthcarekg.org/ontology/pain_postoperative,"colon cancer","Pain, Postoperative"
http://healthcarekg.org/ontology/bipolar_disorder,hasSymptom,http://healthcarekg.org/ontology/somnambulism,"bipolar disorder","Somnambulism"
http://healthcarekg.org/ontology/germ_cell_cancer,hasSymptom,http://healthcarekg.org/ontology/abdominal_pain,"germ cell cancer","Abdominal Pain"
http://healthcarekg.org/ontology/alzheimer_s_disease,hasSymptom,http://healthcarekg.org/ontology/menkes_kinky_hair_syndrome,"Alzheimer's disease","Menkes Kinky Hair Syndrome"
http://healthcarekg.org/ontology/intracranial_aneurysm,hasSymptom,http://healthcarekg.org/ontology/facial_pain,"intracranial aneurysm","Facial Pain"
http://healthcarekg.org/ontology/multiple_sclerosis,hasSymptom,http://healthcarekg.org/ontology/dystonia,"multiple sclerosis","Dystonia"
http://healthcarekg.org/ontology/ocular_cancer,hasSymptom,http://healthcarekg.org/ontology/facial_pain,"ocular cancer","Facial Pain"
http://healthcarekg.org/ontology/peripheral_nervous_system_neoplasm,hasSymptom,http://healthcarekg.org/ontology/muscular_atrophy,"peripheral nervous system neoplasm","Muscular Atrophy"
http://healthcarekg.org/ontology/type_1_diabetes_mellitus,hasSymptom,http://healthcarekg.org/ontology/hypotension_orthostatic,"type 1 diabetes mellitus","Hypotension, Orthostatic"
http://healthcarekg.org/ontology/malignant_mesothelioma,hasSymptom,http://healthcarekg.org/ontology/pain,"malignant mesothelioma","Pain"
http://healthcarekg.org/ontology/osteoporosis,hasSymptom,http://healthcarekg.org/ontology/pain,"osteoporosis","Pain"
http://healthcarekg.org/ontology/head_and_neck_cancer,hasSymptom,http://healthcarekg.org/ontology/cerebrospinal_fluid_rhinorrhea,"head and neck cancer","Cerebrospinal Fluid Rhinorrhea"
http://healthcarekg.org/ontology/refractive_error,hasSymptom,http://healthcarekg.org/ontology/color_vision_defects,"refractive error","Color Vision Defects"
http://healthcarekg.org/ontology/parkinson_s_disease,hasSymptom,http://healthcarekg.org/ontology/muscle_cramp,"Parkinson's disease","Muscle Cramp"
http://healthcarekg.org/ontology/duodenum_cancer,hasSymptom,http://healthcarekg.org/ontology/abdominal_pain,"duodenum cancer","Abdominal Pain"
http://healthcarekg.org/ontology/refractive_error,hasSymptom,http://healthcarekg.org/ontology/optical_illusions,"refractive error","Optical Illusions"
http://healthcarekg.org/ontology/hypertension,hasSymptom,http://healthcarekg.org/ontology/obesity_abdominal,"hypertension","Obesity, Abdominal"
http://healthcarekg.org/ontology/liver_cancer,hasSymptom,http://healthcarekg.org/ontology/hematemesis,"liver cancer","Hematemesis"
http://healthcarekg.org/ontology/germ_cell_cancer,hasSymptom,http://healthcarekg.org/ontology/horner_syndrome,"germ cell cancer","Horner Syndrome"
http://healthcarekg.org/ontology/rectum_cancer,hasSymptom,http://healthcarekg.org/ontology/nausea,"rectum cancer","Nausea"
http://healthcarekg.org/ontology/atherosclerosis,treatedBy,http://healthcarekg.org/ontology/lovastatin,"atherosclerosis","Lovastatin"
http://healthcarekg.org/ontology/hematologic_cancer,treatedBy,http://healthcarekg.org/ontology/epirubicin,"hematologic cancer","Epirubicin"
http://healthcarekg.org/ontology/germ_cell_cancer,hasSymptom,http://healthcarekg.org/ontology/ophthalmoplegic_migraine,"germ cell cancer","Ophthalmoplegic Migraine"
http://healthcarekg.org/ontology/chronic_kidney_failure,hasSymptom,http://healthcarekg.org/ontology/restless_legs_syndrome,"chronic kidney failure","Restless Legs Syndrome"
http://healthcarekg.org/ontology/obesity,treatedBy,http://healthcarekg.org/ontology/cimetidine,"Obesity","Cimetidine"
http://healthcarekg.org/ontology/gout,hasSymptom,http://healthcarekg.org/ontology/hyperalgesia,"gout","Hyperalgesia"
http://healthcarekg.org/ontology/sarcoma,hasSymptom,http://healthcarekg.org/ontology/pelvic_pain,"sarcoma","Pelvic Pain"
http://healthcarekg.org/ontology/bipolar_disorder,hasSymptom,http://healthcarekg.org/ontology/sleep_disorders_circadian_rhythm,"bipolar disorder","Sleep Disorders, Circadian Rhythm"
http://healthcarekg.org/ontology/nephrolithiasis,hasSymptom,http://healthcarekg.org/ontology/urinary_bladder_neurogenic,"nephrolithiasis","Urinary Bladder, Neurogenic"
http://healthcarekg.org/ontology/germ_cell_cancer,treatedBy,http://healthcarekg.org/ontology/etoposide,"germ cell cancer","Etoposide"
http://healthcarekg.org/ontology/rheumatoid_arthritis,hasSymptom,http://healthcarekg.org/ontology/proteinuria,"rheumatoid arthritis","Proteinuria"
http://healthcarekg.org/ontology/head_and_neck_cancer,hasSymptom,http://healthcarekg.org/ontology/shoulder_pain,"head and neck cancer","Shoulder Pain"
http://healthcarekg.org/ontology/endogenous_depression,hasSymptom,http://healthcarekg.org/ontology/presbycusis,"endogenous depression","Presbycusis"
http://healthcarekg.org/ontology/membranous_glomerulonephritis,hasSymptom,http://healthcarekg.org/ontology/proteinuria,"membranous glomerulonephritis","Proteinuria"
http://healthcarekg.org/ontology/hypertension,treatedBy,http://healthcarekg.org/ontology/metoprolol,"hypertension","Metoprolol"
http://healthcarekg.org/ontology/head_and_neck_cancer,hasSymptom,http://healthcarekg.org/ontology/pain,"head and neck cancer","Pain"
http://healthcarekg.org/ontology/alcohol_dependence,hasSymptom,http://healthcarekg.org/ontology/korsakoff_syndrome,"alcohol dependence","Korsakoff Syndrome"
http://healthcarekg.org/ontology/spinal_cancer,hasSymptom,http://healthcarekg.org/ontology/brown_sequard_syndrome,"spinal cancer","Brown-Sequard Syndrome"
http://healthcarekg.org/ontology/graves_disease,hasSymptom,http://healthcarekg.org/ontology/diplopia,"Graves' disease","Diplopia"
http://healthcarekg.org/ontology/degenerative_disc_disease,hasSymptom,http://healthcarekg.org/ontology/sciatica,"degenerative disc disease","Sciatica"
http://healthcarekg.org/ontology/abdominal_aortic_aneurysm,hasSymptom,http://healthcarekg.org/ontology/abdominal_pain,"abdominal aortic aneurysm","Abdominal Pain"
http://healthcarekg.org/ontology/tracheal_cancer,hasSymptom,http://healthcarekg.org/ontology/cough,"tracheal cancer","Cough"
http://healthcarekg.org/ontology/parkinson_s_disease,hasSymptom,http://healthcarekg.org/ontology/dyskinesias,"Parkinson's disease","Dyskinesias"
http://healthcarekg.org/ontology/acquired_immunodeficiency_syndrome,treatedBy,http://healthcarekg.org/ontology/stavudine,"acquired immunodeficiency syndrome","Stavudine"
http://healthcarekg.org/ontology/creutzfeldt_jakob_disease,hasSymptom,http://healthcarekg.org/ontology/sensation_disorders,"Creutzfeldt-Jakob disease","Sensation Disorders"
http://healthcarekg.org/ontology/schizophrenia,hasSymptom,http://healthcarekg.org/ontology/perceptual_disorders,"schizophrenia","Perceptual Disorders"
http://healthcarekg.org/ontology/ankylosing_spondylitis,hasSymptom,http://healthcarekg.org/ontology/low_back_pain,"ankylosing spondylitis","Low Back Pain"
http://healthcarekg.org/ontology/nephrolithiasis,hasSymptom,http://healthcarekg.org/ontology/lesch_nyhan_syndrome,"nephrolithiasis","Lesch-Nyhan Syndrome"
http://healthcarekg.org/ontology/systemic_scleroderma,hasSymptom,http://healthcarekg.org/ontology/purpura_thrombocytopenic,"systemic scleroderma","Purpura, Thrombocytopenic"
http://healthcarekg.org/ontology/systemic_lupus_erythematosus,hasSymptom,http://healthcarekg.org/ontology/hemiplegia,"systemic lupus erythematosus","Hemiplegia"
http://healthcarekg.org/ontology/pancreatic_cancer,hasSymptom,http://healthcarekg.org/ontology/pain,"pancreatic cancer","Pain"
http://healthcarekg.org/ontology/skin_cancer,hasSymptom,http://healthcarekg.org/ontology/purpura_thrombocytopenic,"skin cancer","Purpura, Thrombocytopenic"
http://healthcarekg.org/ontology/glaucoma,treatedBy,http://healthcarekg.org/ontology/latanoprost,"glaucoma","Latanoprost"
http://healthcarekg.org/ontology/alzheimer_s_disease,hasSymptom,http://healthcarekg.org/ontology/agnosia,"Alzheimer's disease","Agnosia"
http://healthcarekg.org/ontology/bone_cancer,hasSymptom,http://healthcarekg.org/ontology/paresis,"bone cancer","Paresis"
http://healthcarekg.org/ontology/esophageal_cancer,hasSymptom,http://healthcarekg.org/ontology/anorexia,"esophageal cancer","Anorexia"
http://healthcarekg.org/ontology/peripheral_nervous_system_neoplasm,hasSymptom,http://healthcarekg.org/ontology/ophthalmoplegia,"peripheral nervous system neoplasm","Ophthalmoplegia"
http://healthcarekg.org/ontology/migraine,hasSymptom,http://healthcarekg.org/ontology/confusion,"migraine","Confusion"
http://healthcarekg.org/ontology/urinary_bladder_cancer,hasSymptom,http://healthcarekg.org/ontology/pelvic_pain,"urinary bladder cancer","Pelvic Pain"
http://healthcarekg.org/ontology/lung_cancer,treatedBy,http://healthcarekg.org/ontology/doxorubicin,"lung cancer","Doxorubicin"
http://healthcarekg.org/ontology/thyroid_cancer,hasSymptom,http://healthcarekg.org/ontology/dysphonia,"thyroid cancer","Dysphonia"
http://healthcarekg.org/ontology/jejunal_cancer,hasSymptom,http://healthcarekg.org/ontology/vomiting,"jejunal cancer","Vomiting"
http://healthcarekg.org/ontology/thoracic_aortic_aneurysm,hasSymptom,http://healthcarekg.org/ontology/dyspnea,"thoracic aortic aneurysm","Dyspnea"
http://healthcarekg.org/ontology/leprosy,hasSymptom,http://healthcarekg.org/ontology/paresthesia,"leprosy","Paresthesia"
http://healthcarekg.org/ontology/thymus_cancer,hasSymptom,http://healthcarekg.org/ontology/ataxia_telangiectasia,"thymus cancer","Ataxia Telangiectasia"
http://healthcarekg.org/ontology/muscle_cancer,treatedBy,http://healthcarekg.org/ontology/methotrexate,"muscle cancer","Methotrexate"
http://healthcarekg.org/ontology/malaria,treatedBy,http://healthcarekg.org/ontology/quinidine_barbiturate,"malaria","Quinidine barbiturate"
http://healthcarekg.org/ontology/sarcoma,hasSymptom,http://healthcarekg.org/ontology/paresis,"sarcoma","Paresis"
http://healthcarekg.org/ontology/peripheral_nervous_system_neoplasm,treatedBy,http://healthcarekg.org/ontology/cisplatin,"peripheral nervous system neoplasm","Cisplatin"
http://healthcarekg.org/ontology/systemic_scleroderma,hasSymptom,http://healthcarekg.org/ontology/hypergammaglobulinemia,"systemic scleroderma","Hypergammaglobulinemia"
http://healthcarekg.org/ontology/conduct_disorder,hasSymptom,http://healthcarekg.org/ontology/dyslexia,"conduct disorder","Dyslexia"
http://healthcarekg.org/ontology/hypertension,treatedBy,http://healthcarekg.org/ontology/nicardipine,"hypertension","Nicardipine"
http://healthcarekg.org/ontology/skin_cancer,hasSymptom,http://healthcarekg.org/ontology/hypergammaglobulinemia,"skin cancer","Hypergammaglobulinemia"
http://healthcarekg.org/ontology/prostate_cancer,treatedBy,http://healthcarekg.org/ontology/conjugated_estrogens,"prostate cancer","Conjugated Estrogens"
http://healthcarekg.org/ontology/nephrolithiasis,treatedBy,http://healthcarekg.org/ontology/hydrochlorothiazide,"nephrolithiasis","Hydrochlorothiazide"
http://healthcarekg.org/ontology/otosclerosis,hasSymptom,http://healthcarekg.org/ontology/hearing_loss_sensorineural,"otosclerosis","Hearing Loss, Sensorineural"
http://healthcarekg.org/ontology/bone_cancer,hasSymptom,http://healthcarekg.org/ontology/amblyopia,"bone cancer","Amblyopia"
http://healthcarekg.org/ontology/bone_cancer,hasSymptom,http://healthcarekg.org/ontology/paresthesia,"bone cancer","Paresthesia"
http://healthcarekg.org/ontology/hypertension,treatedBy,http://healthcarekg.org/ontology/ramipril,"hypertension","Ramipril"
http://healthcarekg.org/ontology/pharynx_cancer,hasSymptom,http://healthcarekg.org/ontology/vomiting,"pharynx cancer","Vomiting"
http://healthcarekg.org/ontology/bone_cancer,hasSymptom,http://healthcarekg.org/ontology/nociceptive_pain,"bone cancer","Nociceptive Pain"
http://healthcarekg.org/ontology/malignant_glioma,hasSymptom,http://healthcarekg.org/ontology/speech_disorders,"malignant glioma","Speech Disorders"
http://healthcarekg.org/ontology/asthma,hasSymptom,http://healthcarekg.org/ontology/tremor,"asthma","Tremor"
http://healthcarekg.org/ontology/amyotrophic_lateral_sclerosis,hasSymptom,http://healthcarekg.org/ontology/respiratory_paralysis,"amyotrophic lateral sclerosis","Respiratory Paralysis"
http://healthcarekg.org/ontology/attention_deficit_hyperactivity_disorder,hasSymptom,http://healthcarekg.org/ontology/sleep_apnea_syndromes,"attention deficit hyperactivity disorder","Sleep Apnea Syndromes"
http://healthcarekg.org/ontology/head_and_neck_cancer,hasSymptom,http://healthcarekg.org/ontology/vomiting_anticipatory,"head and neck cancer","Vomiting, Anticipatory"
http://healthcarekg.org/ontology/pancreatitis,hasSymptom,http://healthcarekg.org/ontology/jaundice,"pancreatitis","Jaundice"
http://healthcarekg.org/ontology/urinary_bladder_cancer,treatedBy,http://healthcarekg.org/ontology/doxorubicin,"urinary bladder cancer","Doxorubicin"
http://healthcarekg.org/ontology/thoracic_aortic_aneurysm,hasSymptom,http://healthcarekg.org/ontology/hematemesis,"thoracic aortic aneurysm","Hematemesis"
http://healthcarekg.org/ontology/thymus_cancer,hasSymptom,http://healthcarekg.org/ontology/dysgeusia,"thymus cancer","Dysgeusia"
http://healthcarekg.org/ontology/intracranial_aneurysm,hasSymptom,http://healthcarekg.org/ontology/olfaction_disorders,"intracranial aneurysm","Olfaction Disorders"
http://healthcarekg.org/ontology/anemia,hasSymptom,http://healthcarekg.org/ontology/neurologic_manifestations,"anemia","Neurologic Manifestations"
http://healthcarekg.org/ontology/idiopathic_pulmonary_fibrosis,hasSymptom,http://healthcarekg.org/ontology/sleep_apnea_obstructive,"idiopathic pulmonary fibrosis","Sleep Apnea, Obstructive"
http://healthcarekg.org/ontology/melanoma,treatedBy,http://healthcarekg.org/ontology/docetaxel,"melanoma","Docetaxel"
http://healthcarekg.org/ontology/sarcoma,hasSymptom,http://healthcarekg.org/ontology/paresthesia,"sarcoma","Paresthesia"
http://healthcarekg.org/ontology/autistic_disorder,hasSymptom,http://healthcarekg.org/ontology/communication_disorders,"autistic disorder","Communication Disorders"
http://healthcarekg.org/ontology/head_and_neck_cancer,hasSymptom,http://healthcarekg.org/ontology/respiratory_sounds,"head and neck cancer","Respiratory Sounds"
http://healthcarekg.org/ontology/cleft_lip,hasSymptom,http://healthcarekg.org/ontology/deafness,"cleft lip","Deafness"
http://healthcarekg.org/ontology/allergic_rhinitis,treatedBy,http://healthcarekg.org/ontology/loratadine,"allergic rhinitis","Loratadine"
http://healthcarekg.org/ontology/intracranial_aneurysm,hasSymptom,http://healthcarekg.org/ontology/pupil_disorders,"intracranial aneurysm","Pupil Disorders"
http://healthcarekg.org/ontology/salivary_gland_cancer,hasSymptom,http://healthcarekg.org/ontology/hearing_loss_conductive,"salivary gland cancer","Hearing Loss, Conductive"
http://healthcarekg.org/ontology/stomach_cancer,hasSymptom,http://healthcarekg.org/ontology/abdomen_acute,"stomach cancer","Abdomen, Acute"
http://healthcarekg.org/ontology/ocular_cancer,hasSymptom,http://healthcarekg.org/ontology/pupil_disorders,"ocular cancer","Pupil Disorders"
http://healthcarekg.org/ontology/systemic_scleroderma,treatedBy,http://healthcarekg.org/ontology/lisinopril,"systemic scleroderma","Lisinopril"
http://healthcarekg.org/ontology/thyroid_cancer,hasSymptom,http://healthcarekg.org/ontology/paralysis,"thyroid cancer","Paralysis"
http://healthcarekg.org/ontology/gilles_de_la_tourette_syndrome,hasSymptom,http://healthcarekg.org/ontology/intellectual_disability,"Gilles de la Tourette syndrome","Intellectual Disability"
http://healthcarekg.org/ontology/brain_cancer,hasSymptom,http://healthcarekg.org/ontology/dizziness,"brain cancer","Dizziness"
http://healthcarekg.org/ontology/metabolic_syndrome_x,hasSymptom,http://healthcarekg.org/ontology/weight_loss,"metabolic syndrome X","Weight Loss"
http://healthcarekg.org/ontology/spinal_cancer,hasSymptom,http://healthcarekg.org/ontology/low_back_pain,"spinal cancer","Low Back Pain"
http://healthcarekg.org/ontology/meningioma,hasSymptom,http://healthcarekg.org/ontology/tinnitus,"meningioma","Tinnitus"
http://healthcarekg.org/ontology/duodenum_cancer,hasSymptom,http://healthcarekg.org/ontology/anorexia,"duodenum cancer","Anorexia"
http://healthcarekg.org/ontology/alzheimer_s_disease,hasSymptom,http://healthcarekg.org/ontology/aphasia_primary_progressive,"Alzheimer's disease","Aphasia, Primary Progressive"
http://healthcarekg.org/ontology/malignant_glioma,hasSymptom,http://healthcarekg.org/ontology/sciatica,"malignant glioma","Sciatica"
http://healthcarekg.org/ontology/leprosy,hasSymptom,http://healthcarekg.org/ontology/muscular_atrophy,"leprosy","Muscular Atrophy"
http://healthcarekg.org/ontology/parkinson_s_disease,hasSymptom,http://healthcarekg.org/ontology/sleep_disorders,"Parkinson's disease","Sleep Disorders"
http://healthcarekg.org/ontology/hematologic_cancer,treatedBy,http://healthcarekg.org/ontology/clofarabine,"hematologic cancer","Clofarabine"
http://healthcarekg.org/ontology/urinary_bladder_cancer,hasSymptom,http://healthcarekg.org/ontology/polyuria,"urinary bladder cancer","Polyuria"
http://healthcarekg.org/ontology/brain_cancer,hasSymptom,http://healthcarekg.org/ontology/facial_pain,"brain cancer","Facial Pain"
http://healthcarekg.org/ontology/alzheimer_s_disease,hasSymptom,http://healthcarekg.org/ontology/aphasia_wernicke,"Alzheimer's disease","Aphasia, Wernicke"
http://healthcarekg.org/ontology/paget_s_disease_of_bone,treatedBy,http://healthcarekg.org/ontology/etidronic_acid,"Paget's disease of bone","Etidronic acid"
http://healthcarekg.org/ontology/behcet_s_disease,hasSymptom,http://healthcarekg.org/ontology/vision_disorders,"Behcet's disease","Vision Disorders"
http://healthcarekg.org/ontology/anemia,hasSymptom,http://healthcarekg.org/ontology/purpura_thrombocytopenic,"anemia","Purpura, Thrombocytopenic"
http://healthcarekg.org/ontology/amyotrophic_lateral_sclerosis,hasSymptom,http://healthcarekg.org/ontology/muscle_cramp,"amyotrophic lateral sclerosis","Muscle Cramp"
http://healthcarekg.org/ontology/asthma,hasSymptom,http://healthcarekg.org/ontology/dysphonia,"asthma","Dysphonia"
http://healthcarekg.org/ontology/parkinson_s_disease,hasSymptom,http://healthcarekg.org/ontology/somatosensory_disorders,"Parkinson's disease","Somatosensory Disorders"
http://healthcarekg.org/ontology/obesity,hasSymptom,http://healthcarekg.org/ontology/sarcopenia,"Obesity","Sarcopenia"
http://healthcarekg.org/ontology/chronic_kidney_failure,hasSymptom,http://healthcarekg.org/ontology/heart_murmurs,"chronic kidney failure","Heart Murmurs"
http://healthcarekg.org/ontology/head_and_neck_cancer,hasSymptom,http://healthcarekg.org/ontology/oral_hemorrhage,"head and neck cancer","Oral Hemorrhage"
http://healthcarekg.org/ontology/malaria,hasSymptom,http://healthcarekg.org/ontology/fever_of_unknown_origin,"malaria","Fever of Unknown Origin"
http://healthcarekg.org/ontology/intracranial_aneurysm,hasSymptom,http://healthcarekg.org/ontology/paresis,"intracranial aneurysm","Paresis"
http://healthcarekg.org/ontology/anemia,hasSymptom,http://healthcarekg.org/ontology/purpura_hyperglobulinemic,"anemia","Purpura, Hyperglobulinemic"
http://healthcarekg.org/ontology/schizophrenia,hasSymptom,http://healthcarekg.org/ontology/agnosia,"schizophrenia","Agnosia"
http://healthcarekg.org/ontology/multiple_sclerosis,treatedBy,http://healthcarekg.org/ontology/azathioprine,"multiple sclerosis","Azathioprine"
http://healthcarekg.org/ontology/ovarian_cancer,hasSymptom,http://healthcarekg.org/ontology/ataxia_telangiectasia,"ovarian cancer","Ataxia Telangiectasia"
http://healthcarekg.org/ontology/ocular_cancer,hasSymptom,http://healthcarekg.org/ontology/eye_hemorrhage,"ocular cancer","Eye Hemorrhage"
http://healthcarekg.org/ontology/multiple_sclerosis,hasSymptom,http://healthcarekg.org/ontology/speech_disorders,"multiple sclerosis","Speech Disorders"
http://healthcarekg.org/ontology/malignant_glioma,hasSymptom,http://healthcarekg.org/ontology/failure_to_thrive,"malignant glioma","Failure to Thrive"
http://healthcarekg.org/ontology/sarcoma,hasSymptom,http://healthcarekg.org/ontology/syncope,"sarcoma","Syncope"
http://healthcarekg.org/ontology/hypertension,treatedBy,http://healthcarekg.org/ontology/triamterene,"hypertension","Triamterene"
http://healthcarekg.org/ontology/hematologic_cancer,treatedBy,http://healthcarekg.org/ontology/vincristine,"hematologic cancer","Vincristine"
http://healthcarekg.org/ontology/sclerosing_cholangitis,hasSymptom,http://healthcarekg.org/ontology/hypergammaglobulinemia,"sclerosing cholangitis","Hypergammaglobulinemia"
http://healthcarekg.org/ontology/dental_caries,hasSymptom,http://healthcarekg.org/ontology/gingival_hemorrhage,"dental caries","Gingival Hemorrhage"
http://healthcarekg.org/ontology/panic_disorder,hasSymptom,http://healthcarekg.org/ontology/alkalosis_respiratory,"panic disorder","Alkalosis, Respiratory"
http://healthcarekg.org/ontology/pancreatitis,hasSymptom,http://healthcarekg.org/ontology/visceral_pain,"pancreatitis","Visceral Pain"
http://healthcarekg.org/ontology/sarcoma,hasSymptom,http://healthcarekg.org/ontology/muscular_atrophy,"sarcoma","Muscular Atrophy"
http://healthcarekg.org/ontology/liver_cancer,hasSymptom,http://healthcarekg.org/ontology/abdomen_acute,"liver cancer","Abdomen, Acute"
http://healthcarekg.org/ontology/jejunal_cancer,hasSymptom,http://healthcarekg.org/ontology/hematemesis,"jejunal cancer","Hematemesis"
http://healthcarekg.org/ontology/degenerative_disc_disease,hasSymptom,http://healthcarekg.org/ontology/pain,"degenerative disc disease","Pain"
http://healthcarekg.org/ontology/melanoma,hasSymptom,http://healthcarekg.org/ontology/paresis,"melanoma","Paresis"
http://healthcarekg.org/ontology/allergic_rhinitis,treatedBy,http://healthcarekg.org/ontology/methylprednisolone,"allergic rhinitis","Methylprednisolone"
http://healthcarekg.org/ontology/rheumatoid_arthritis,hasSymptom,http://healthcarekg.org/ontology/purpura_thrombocytopenic,"rheumatoid arthritis","Purpura, Thrombocytopenic"
http://healthcarekg.org/ontology/melanoma,hasSymptom,http://healthcarekg.org/ontology/eye_hemorrhage,"melanoma","Eye Hemorrhage"
http://healthcarekg.org/ontology/breast_cancer,treatedBy,http://healthcarekg.org/ontology/fluorouracil,"breast cancer","Fluorouracil"
http://healthcarekg.org/ontology/hypertension,hasSymptom,http://healthcarekg.org/ontology/eye_manifestations,"hypertension","Eye Manifestations"
http://healthcarekg.org/ontology/parkinson_s_disease,hasSymptom,http://healthcarekg.org/ontology/memory_disorders,"Parkinson's disease","Memory Disorders"
http://healthcarekg.org/ontology/hypertension,hasSymptom,http://healthcarekg.org/ontology/anoxia,"hypertension","Anoxia"
http://healthcarekg.org/ontology/head_and_neck_cancer,hasSymptom,http://healthcarekg.org/ontology/ataxia_telangiectasia,"head and neck cancer","Ataxia Telangiectasia"
http://healthcarekg.org/ontology/skin_cancer,hasSymptom,http://healthcarekg.org/ontology/facial_paralysis,"skin cancer","Facial Paralysis"
http://healthcarekg.org/ontology/bipolar_disorder,hasSymptom,http://healthcarekg.org/ontology/akathisia_drug_induced,"bipolar disorder","Akathisia, Drug-Induced"
http://healthcarekg.org/ontology/muscle_cancer,treatedBy,http://healthcarekg.org/ontology/dacarbazine,"muscle cancer","Dacarbazine"
http://healthcarekg.org/ontology/type_2_diabetes_mellitus,treatedBy,http://healthcarekg.org/ontology/nateglinide,"type 2 diabetes mellitus","Nateglinide"
http://healthcarekg.org/ontology/ocular_cancer,hasSymptom,http://healthcarekg.org/ontology/vision_disorders,"ocular cancer","Vision Disorders"
http://healthcarekg.org/ontology/ulcerative_colitis,treatedBy,http://healthcarekg.org/ontology/methylprednisolone,"ulcerative colitis","Methylprednisolone"
http://healthcarekg.org/ontology/adrenal_gland_cancer,hasSymptom,http://healthcarekg.org/ontology/livedo_reticularis,"adrenal gland cancer","Livedo Reticularis"
http://healthcarekg.org/ontology/chronic_obstructive_pulmonary_disease,hasSymptom,http://healthcarekg.org/ontology/cyanosis,"chronic obstructive pulmonary disease","Cyanosis"
http://healthcarekg.org/ontology/adrenal_gland_cancer,hasSymptom,http://healthcarekg.org/ontology/cardiac_output_low,"adrenal gland cancer","Cardiac Output, Low"
http://healthcarekg.org/ontology/otosclerosis,hasSymptom,http://healthcarekg.org/ontology/taste_disorders,"otosclerosis","Taste Disorders"
http://healthcarekg.org/ontology/endogenous_depression,hasSymptom,http://healthcarekg.org/ontology/low_back_pain,"endogenous depression","Low Back Pain"
http://healthcarekg.org/ontology/brain_cancer,hasSymptom,http://healthcarekg.org/ontology/mutism,"brain cancer","Mutism"
http://healthcarekg.org/ontology/dilated_cardiomyopathy,hasSymptom,http://healthcarekg.org/ontology/syncope_vasovagal,"dilated cardiomyopathy","Syncope, Vasovagal"
http://healthcarekg.org/ontology/parkinson_s_disease,hasSymptom,http://healthcarekg.org/ontology/delirium,"Parkinson's disease","Delirium"
http://healthcarekg.org/ontology/dental_caries,hasSymptom,http://healthcarekg.org/ontology/rubinstein_taybi_syndrome,"dental caries","Rubinstein-Taybi Syndrome"
http://healthcarekg.org/ontology/vascular_cancer,hasSymptom,http://healthcarekg.org/ontology/purpura,"vascular cancer","Purpura"
http://healthcarekg.org/ontology/melanoma,hasSymptom,http://healthcarekg.org/ontology/paresthesia,"melanoma","Paresthesia"
http://healthcarekg.org/ontology/allergic_rhinitis,hasSymptom,http://healthcarekg.org/ontology/cerebrospinal_fluid_rhinorrhea,"allergic rhinitis","Cerebrospinal Fluid Rhinorrhea"
http://healthcarekg.org/ontology/rheumatoid_arthritis,hasSymptom,http://healthcarekg.org/ontology/hypergammaglobulinemia,"rheumatoid arthritis","Hypergammaglobulinemia"
http://healthcarekg.org/ontology/amyotrophic_lateral_sclerosis,hasSymptom,http://healthcarekg.org/ontology/anoxia,"amyotrophic lateral sclerosis","Anoxia"
http://healthcarekg.org/ontology/kidney_cancer,treatedBy,http://healthcarekg.org/ontology/capecitabine,"kidney cancer","Capecitabine"
http://healthcarekg.org/ontology/alzheimer_s_disease,hasSymptom,http://healthcarekg.org/ontology/amnesia,"Alzheimer's disease","Amnesia"
http://healthcarekg.org/ontology/systemic_lupus_erythematosus,hasSymptom,http://healthcarekg.org/ontology/chest_pain,"systemic lupus erythematosus","Chest Pain"
http://healthcarekg.org/ontology/hypothyroidism,hasSymptom,http://healthcarekg.org/ontology/intellectual_disability,"hypothyroidism","Intellectual Disability"
http://healthcarekg.org/ontology/bone_cancer,hasSymptom,http://healthcarekg.org/ontology/ophthalmoplegia,"bone cancer","Ophthalmoplegia"
http://healthcarekg.org/ontology/germ_cell_cancer,hasSymptom,http://healthcarekg.org/ontology/amnesia,"germ cell cancer","Amnesia"
http://healthcarekg.org/ontology/systemic_lupus_erythematosus,hasSymptom,http://healthcarekg.org/ontology/abdomen_acute,"systemic lupus erythematosus","Abdomen, Acute"
http://healthcarekg.org/ontology/systemic_lupus_erythematosus,hasSymptom,http://healthcarekg.org/ontology/proteinuria,"systemic lupus erythematosus","Proteinuria"
http://healthcarekg.org/ontology/head_and_neck_cancer,hasSymptom,http://healthcarekg.org/ontology/dysgeusia,"head and neck cancer","Dysgeusia"
http://healthcarekg.org/ontology/epilepsy_syndrome,hasSymptom,http://healthcarekg.org/ontology/psychomotor_disorders,"epilepsy syndrome","Psychomotor Disorders"
http://healthcarekg.org/ontology/otosclerosis,hasSymptom,http://healthcarekg.org/ontology/vertigo,"otosclerosis","Vertigo"
http://healthcarekg.org/ontology/systemic_scleroderma,treatedBy,http://healthcarekg.org/ontology/azathioprine,"systemic scleroderma","Azathioprine"
http://healthcarekg.org/ontology/anemia,hasSymptom,http://healthcarekg.org/ontology/fetal_weight,"anemia","Fetal Weight"
http://healthcarekg.org/ontology/obesity,treatedBy,http://healthcarekg.org/ontology/phendimetrazine,"Obesity","Phendimetrazine"
http://healthcarekg.org/ontology/psoriasis,treatedBy,http://healthcarekg.org/ontology/calcipotriol,"psoriasis","Calcipotriol"
http://healthcarekg.org/ontology/testicular_cancer,hasSymptom,http://healthcarekg.org/ontology/hearing_disorders,"testicular cancer","Hearing Disorders"
http://healthcarekg.org/ontology/parkinson_s_disease,hasSymptom,http://healthcarekg.org/ontology/dysarthria,"Parkinson's disease","Dysarthria"
http://healthcarekg.org/ontology/breast_cancer,hasSymptom,http://healthcarekg.org/ontology/mental_fatigue,"breast cancer","Mental Fatigue"
http://healthcarekg.org/ontology/anemia,hasSymptom,http://healthcarekg.org/ontology/edema,"anemia","Edema"
http://healthcarekg.org/ontology/schizophrenia,hasSymptom,http://healthcarekg.org/ontology/aphasia_wernicke,"schizophrenia","Aphasia, Wernicke"
http://healthcarekg.org/ontology/sarcoma,hasSymptom,http://healthcarekg.org/ontology/ophthalmoplegia,"sarcoma","Ophthalmoplegia"
http://healthcarekg.org/ontology/intracranial_aneurysm,hasSymptom,http://healthcarekg.org/ontology/syncope,"intracranial aneurysm","Syncope"
http://healthcarekg.org/ontology/colon_cancer,hasSymptom,http://healthcarekg.org/ontology/anoxia,"colon cancer","Anoxia"
http://healthcarekg.org/ontology/testicular_cancer,hasSymptom,http://healthcarekg.org/ontology/feminization,"testicular cancer","Feminization"
http://healthcarekg.org/ontology/psoriasis,treatedBy,http://healthcarekg.org/ontology/beclomethasone,"psoriasis","Beclomethasone"
http://healthcarekg.org/ontology/bipolar_disorder,hasSymptom,http://healthcarekg.org/ontology/stupor,"bipolar disorder","Stupor"
http://healthcarekg.org/ontology/asthma,hasSymptom,http://healthcarekg.org/ontology/cyanosis,"asthma","Cyanosis"
http://healthcarekg.org/ontology/parkinson_s_disease,hasSymptom,http://healthcarekg.org/ontology/machado_joseph_disease,"Parkinson's disease","Machado-Joseph Disease"
http://healthcarekg.org/ontology/endogenous_depression,hasSymptom,http://healthcarekg.org/ontology/hyperphagia,"endogenous depression","Hyperphagia"
http://healthcarekg.org/ontology/atherosclerosis,treatedBy,http://healthcarekg.org/ontology/simvastatin,"atherosclerosis","Simvastatin"
http://healthcarekg.org/ontology/gout,treatedBy,http://healthcarekg.org/ontology/prednisolone,"gout","Prednisolone"
http://healthcarekg.org/ontology/ankylosing_spondylitis,hasSymptom,http://healthcarekg.org/ontology/fatigue,"ankylosing spondylitis","Fatigue"
http://healthcarekg.org/ontology/migraine,hasSymptom,http://healthcarekg.org/ontology/tonic_pupil,"migraine","Tonic Pupil"
http://healthcarekg.org/ontology/atopic_dermatitis,hasSymptom,http://healthcarekg.org/ontology/pruritus_ani,"atopic dermatitis","Pruritus Ani"
http://healthcarekg.org/ontology/brain_cancer,hasSymptom,http://healthcarekg.org/ontology/olfaction_disorders,"brain cancer","Olfaction Disorders"
http://healthcarekg.org/ontology/creutzfeldt_jakob_disease,hasSymptom,http://healthcarekg.org/ontology/aphasia_conduction,"Creutzfeldt-Jakob disease","Aphasia, Conduction"
http://healthcarekg.org/ontology/prostate_cancer,hasSymptom,http://healthcarekg.org/ontology/urinary_bladder_overactive,"prostate cancer","Urinary Bladder, Overactive"
http://healthcarekg.org/ontology/ulcerative_colitis,hasSymptom,http://healthcarekg.org/ontology/de_lange_syndrome,"ulcerative colitis","De Lange Syndrome"
http://healthcarekg.org/ontology/gestational_diabetes,hasSymptom,http://healthcarekg.org/ontology/fetal_hypoxia,"gestational diabetes","Fetal Hypoxia"
http://healthcarekg.org/ontology/bipolar_disorder,hasSymptom,http://healthcarekg.org/ontology/paresis,"bipolar disorder","Paresis"
http://healthcarekg.org/ontology/skin_cancer,hasSymptom,http://healthcarekg.org/ontology/intellectual_disability,"skin cancer","Intellectual Disability"
http://healthcarekg.org/ontology/graves_disease,treatedBy,http://healthcarekg.org/ontology/methimazole,"Graves' disease","Methimazole"
http://healthcarekg.org/ontology/breast_cancer,treatedBy,http://healthcarekg.org/ontology/carboplatin,"breast cancer","Carboplatin"
http://healthcarekg.org/ontology/hypothyroidism,hasSymptom,http://healthcarekg.org/ontology/muscle_cramp,"hypothyroidism","Muscle Cramp"
http://healthcarekg.org/ontology/ulcerative_colitis,hasSymptom,http://healthcarekg.org/ontology/flatulence,"ulcerative colitis","Flatulence"
http://healthcarekg.org/ontology/head_and_neck_cancer,hasSymptom,http://healthcarekg.org/ontology/hearing_loss_high_frequency,"head and neck cancer","Hearing Loss, High-Frequency"
http://healthcarekg.org/ontology/thoracic_aortic_aneurysm,hasSymptom,http://healthcarekg.org/ontology/chest_pain,"thoracic aortic aneurysm","Chest Pain"
http://healthcarekg.org/ontology/epilepsy_syndrome,hasSymptom,http://healthcarekg.org/ontology/fever,"epilepsy syndrome","Fever"
http://healthcarekg.org/ontology/brain_cancer,hasSymptom,http://healthcarekg.org/ontology/pupil_disorders,"brain cancer","Pupil Disorders"
http://healthcarekg.org/ontology/chronic_obstructive_pulmonary_disease,treatedBy,http://healthcarekg.org/ontology/roflumilast,"chronic obstructive pulmonary disease","Roflumilast"
http://healthcarekg.org/ontology/urinary_bladder_cancer,hasSymptom,http://healthcarekg.org/ontology/urinary_incontinence_urge,"urinary bladder cancer","Urinary Incontinence, Urge"
http://healthcarekg.org/ontology/type_1_diabetes_mellitus,hasSymptom,http://healthcarekg.org/ontology/wolfram_syndrome,"type 1 diabetes mellitus","Wolfram Syndrome"
http://healthcarekg.org/ontology/kidney_cancer,hasSymptom,http://healthcarekg.org/ontology/pain_intractable,"kidney cancer","Pain, Intractable"
http://healthcarekg.org/ontology/atherosclerosis,hasSymptom,http://healthcarekg.org/ontology/obesity_abdominal,"atherosclerosis","Obesity, Abdominal"
http://healthcarekg.org/ontology/endogenous_depression,hasSymptom,http://healthcarekg.org/ontology/sleep_bruxism,"endogenous depression","Sleep Bruxism"
http://healthcarekg.org/ontology/coronary_artery_disease,treatedBy,http://healthcarekg.org/ontology/pravastatin,"coronary artery disease","Pravastatin"
http://healthcarekg.org/ontology/cleft_lip,hasSymptom,http://healthcarekg.org/ontology/mouth_breathing,"cleft lip","Mouth Breathing"
http://healthcarekg.org/ontology/chronic_kidney_failure,hasSymptom,http://healthcarekg.org/ontology/cachexia,"chronic kidney failure","Cachexia"
http://healthcarekg.org/ontology/skin_cancer,hasSymptom,http://healthcarekg.org/ontology/night_blindness,"skin cancer","Night Blindness"
http://healthcarekg.org/ontology/malignant_glioma,hasSymptom,http://healthcarekg.org/ontology/hemifacial_spasm,"malignant glioma","Hemifacial Spasm"
http://healthcarekg.org/ontology/breast_cancer,hasSymptom,http://healthcarekg.org/ontology/body_weight,"breast cancer","Body Weight"
http://healthcarekg.org/ontology/malaria,hasSymptom,http://healthcarekg.org/ontology/eye_hemorrhage,"malaria","Eye Hemorrhage"
http://healthcarekg.org/ontology/epilepsy_syndrome,hasSymptom,http://healthcarekg.org/ontology/sleep_disorders,"epilepsy syndrome","Sleep Disorders"
http://healthcarekg.org/ontology/chronic_obstructive_pulmonary_disease,hasSymptom,http://healthcarekg.org/ontology/hypercapnia,"chronic obstructive pulmonary disease","Hypercapnia"
http://healthcarekg.org/ontology/malaria,hasSymptom,http://healthcarekg.org/ontology/jaundice,"malaria","Jaundice"
http://healthcarekg.org/ontology/meningioma,hasSymptom,http://healthcarekg.org/ontology/hemifacial_spasm,"meningioma","Hemifacial Spasm"
http://healthcarekg.org/ontology/nephrolithiasis,hasSymptom,http://healthcarekg.org/ontology/tetany,"nephrolithiasis","Tetany"
http://healthcarekg.org/ontology/multiple_sclerosis,treatedBy,http://healthcarekg.org/ontology/cladribine,"multiple sclerosis","Cladribine"
http://healthcarekg.org/ontology/rheumatoid_arthritis,hasSymptom,http://healthcarekg.org/ontology/monoclonal_gammopathy_of_undetermined_significance,"rheumatoid arthritis","Monoclonal Gammopathy of Undetermined Significance"
http://healthcarekg.org/ontology/osteoporosis,treatedBy,http://healthcarekg.org/ontology/raloxifene,"osteoporosis","Raloxifene"
http://healthcarekg.org/ontology/panic_disorder,hasSymptom,http://healthcarekg.org/ontology/hypercapnia,"panic disorder","Hypercapnia"
http://healthcarekg.org/ontology/membranous_glomerulonephritis,hasSymptom,http://healthcarekg.org/ontology/edema,"membranous glomerulonephritis","Edema"
http://healthcarekg.org/ontology/gestational_diabetes,hasSymptom,http://healthcarekg.org/ontology/fetal_macrosomia,"gestational diabetes","Fetal Macrosomia"
http://healthcarekg.org/ontology/multiple_sclerosis,hasSymptom,http://healthcarekg.org/ontology/adrenoleukodystrophy,"multiple sclerosis","Adrenoleukodystrophy"
http://healthcarekg.org/ontology/migraine,hasSymptom,http://healthcarekg.org/ontology/sensation_disorders,"migraine","Sensation Disorders"
http://healthcarekg.org/ontology/alopecia_areata,hasSymptom,http://healthcarekg.org/ontology/pruritus_ani,"alopecia areata","Pruritus Ani"
http://healthcarekg.org/ontology/breast_cancer,hasSymptom,http://healthcarekg.org/ontology/arthralgia,"breast cancer","Arthralgia"
http://healthcarekg.org/ontology/pancreatitis,hasSymptom,http://healthcarekg.org/ontology/pain,"pancreatitis","Pain"
http://healthcarekg.org/ontology/brain_cancer,hasSymptom,http://healthcarekg.org/ontology/paresis,"brain cancer","Paresis"
http://healthcarekg.org/ontology/dilated_cardiomyopathy,hasSymptom,http://healthcarekg.org/ontology/angina_pectoris,"dilated cardiomyopathy","Angina Pectoris"
http://healthcarekg.org/ontology/paget_s_disease_of_bone,treatedBy,http://healthcarekg.org/ontology/tiludronate,"Paget's disease of bone","Tiludronate"
http://healthcarekg.org/ontology/gilles_de_la_tourette_syndrome,hasSymptom,http://healthcarekg.org/ontology/sleep_disorders,"Gilles de la Tourette syndrome","Sleep Disorders"
http://healthcarekg.org/ontology/leprosy,hasSymptom,http://healthcarekg.org/ontology/skin_manifestations,"leprosy","Skin Manifestations"
http://healthcarekg.org/ontology/gout,treatedBy,http://healthcarekg.org/ontology/probenecid,"gout","Probenecid"
http://healthcarekg.org/ontology/ileum_cancer,hasSymptom,http://healthcarekg.org/ontology/gastroparesis,"ileum cancer","Gastroparesis"
http://healthcarekg.org/ontology/osteoporosis,hasSymptom,http://healthcarekg.org/ontology/hemiplegia,"osteoporosis","Hemiplegia"
http://healthcarekg.org/ontology/breast_cancer,hasSymptom,http://healthcarekg.org/ontology/pain_postoperative,"breast cancer","Pain, Postoperative"
http://healthcarekg.org/ontology/intracranial_aneurysm,hasSymptom,http://healthcarekg.org/ontology/ophthalmoplegia,"intracranial aneurysm","Ophthalmoplegia"
http://healthcarekg.org/ontology/parkinson_s_disease,hasSymptom,http://healthcarekg.org/ontology/chorea,"Parkinson's disease","Chorea"
http://healthcarekg.org/ontology/osteoarthritis,hasSymptom,http://healthcarekg.org/ontology/hyperalgesia,"osteoarthritis","Hyperalgesia"
http://healthcarekg.org/ontology/bone_cancer,hasSymptom,http://healthcarekg.org/ontology/pain_intractable,"bone cancer","Pain, Intractable"
http://healthcarekg.org/ontology/ocular_cancer,hasSymptom,http://healthcarekg.org/ontology/ophthalmoplegia,"ocular cancer","Ophthalmoplegia"
http://healthcarekg.org/ontology/meningioma,hasSymptom,http://healthcarekg.org/ontology/back_pain,"meningioma","Back Pain"
http://healthcarekg.org/ontology/skin_cancer,treatedBy,http://healthcarekg.org/ontology/bleomycin,"skin cancer","Bleomycin"
http://healthcarekg.org/ontology/psoriasis,hasSymptom,http://healthcarekg.org/ontology/fatigue,"psoriasis","Fatigue"
http://healthcarekg.org/ontology/alcohol_dependence,hasSymptom,http://healthcarekg.org/ontology/alcohol_withdrawal_seizures,"alcohol dependence","Alcohol Withdrawal Seizures"
http://healthcarekg.org/ontology/hypertension,hasSymptom,http://healthcarekg.org/ontology/headache,"hypertension","Headache"
http://healthcarekg.org/ontology/peripheral_nervous_system_neoplasm,hasSymptom,http://healthcarekg.org/ontology/hearing_loss_sudden,"peripheral nervous system neoplasm","Hearing Loss, Sudden"
http://healthcarekg.org/ontology/mediastinal_cancer,hasSymptom,http://healthcarekg.org/ontology/horner_syndrome,"mediastinal cancer","Horner Syndrome"
http://healthcarekg.org/ontology/ulcerative_colitis,hasSymptom,http://healthcarekg.org/ontology/skin_manifestations,"ulcerative colitis","Skin Manifestations"
http://healthcarekg.org/ontology/head_and_neck_cancer,hasSymptom,http://healthcarekg.org/ontology/glossalgia,"head and neck cancer","Glossalgia"
http://healthcarekg.org/ontology/malaria,hasSymptom,http://healthcarekg.org/ontology/diarrhea_infantile,"malaria","Diarrhea, Infantile"
http://healthcarekg.org/ontology/alzheimer_s_disease,hasSymptom,http://healthcarekg.org/ontology/psychomotor_agitation,"Alzheimer's disease","Psychomotor Agitation"
http://healthcarekg.org/ontology/chronic_obstructive_pulmonary_disease,hasSymptom,http://healthcarekg.org/ontology/hyperoxia,"chronic obstructive pulmonary disease","Hyperoxia"
http://healthcarekg.org/ontology/prostate_cancer,hasSymptom,http://healthcarekg.org/ontology/edema,"prostate cancer","Edema"
http://healthcarekg.org/ontology/hematologic_cancer,treatedBy,http://healthcarekg.org/ontology/bortezomib,"hematologic cancer","Bortezomib"
http://healthcarekg.org/ontology/germ_cell_cancer,hasSymptom,http://healthcarekg.org/ontology/neuralgia,"germ cell cancer","Neuralgia"
http://healthcarekg.org/ontology/esophageal_cancer,hasSymptom,http://healthcarekg.org/ontology/aphonia,"esophageal cancer","Aphonia"
http://healthcarekg.org/ontology/vitiligo,hasSymptom,http://healthcarekg.org/ontology/intellectual_disability,"vitiligo","Intellectual Disability"
http://healthcarekg.org/ontology/brain_cancer,hasSymptom,http://healthcarekg.org/ontology/paresthesia,"brain cancer","Paresthesia"
http://healthcarekg.org/ontology/creutzfeldt_jakob_disease,hasSymptom,http://healthcarekg.org/ontology/ataxia,"Creutzfeldt-Jakob disease","Ataxia"
http://healthcarekg.org/ontology/sarcoma,hasSymptom,http://healthcarekg.org/ontology/pain_intractable,"sarcoma","Pain, Intractable"
http://healthcarekg.org/ontology/multiple_sclerosis,hasSymptom,http://healthcarekg.org/ontology/facial_paralysis,"multiple sclerosis","Facial Paralysis"
http://healthcarekg.org/ontology/hematologic_cancer,treatedBy,http://healthcarekg.org/ontology/nilotinib,"hematologic cancer","Nilotinib"
http://healthcarekg.org/ontology/germ_cell_cancer,hasSymptom,http://healthcarekg.org/ontology/paraparesis,"germ cell cancer","Paraparesis"
http://healthcarekg.org/ontology/bone_cancer,hasSymptom,http://healthcarekg.org/ontology/hyperalgesia,"bone cancer","Hyperalgesia"
http://healthcarekg.org/ontology/liver_cancer,hasSymptom,http://healthcarekg.org/ontology/purpura_thrombocytopenic,"liver cancer","Purpura, Thrombocytopenic"
http://healthcarekg.org/ontology/migraine,hasSymptom,http://healthcarekg.org/ontology/pain_threshold,"migraine","Pain Threshold"
http://healthcarekg.org/ontology/hematologic_cancer,treatedBy,http://healthcarekg.org/ontology/vorinostat,"hematologic cancer","Vorinostat"
http://healthcarekg.org/ontology/rheumatoid_arthritis,treatedBy,http://healthcarekg.org/ontology/dexamethasone,"rheumatoid arthritis","Dexamethasone"
http://healthcarekg.org/ontology/prostate_cancer,hasSymptom,http://healthcarekg.org/ontology/flushing,"prostate cancer","Flushing"
http://healthcarekg.org/ontology/crohn_s_disease,hasSymptom,http://healthcarekg.org/ontology/skin_manifestations,"Crohn's disease","Skin Manifestations"
http://healthcarekg.org/ontology/asthma,treatedBy,http://healthcarekg.org/ontology/wf10,"asthma","WF10"
http://healthcarekg.org/ontology/breast_cancer,hasSymptom,http://healthcarekg.org/ontology/edema,"breast cancer","Edema"
http://healthcarekg.org/ontology/jejunal_cancer,hasSymptom,http://healthcarekg.org/ontology/abdomen_acute,"jejunal cancer","Abdomen, Acute"
http://healthcarekg.org/ontology/asthma,treatedBy,http://healthcarekg.org/ontology/tiotropium,"asthma","Tiotropium"
http://healthcarekg.org/ontology/hematologic_cancer,treatedBy,http://healthcarekg.org/ontology/lomustine,"hematologic cancer","Lomustine"
http://healthcarekg.org/ontology/rheumatoid_arthritis,treatedBy,http://healthcarekg.org/ontology/cyclosporine,"rheumatoid arthritis","Cyclosporine"
http://healthcarekg.org/ontology/sclerosing_cholangitis,hasSymptom,http://healthcarekg.org/ontology/jaundice_obstructive,"sclerosing cholangitis","Jaundice, Obstructive"
http://healthcarekg.org/ontology/creutzfeldt_jakob_disease,hasSymptom,http://healthcarekg.org/ontology/spinocerebellar_ataxias,"Creutzfeldt-Jakob disease","Spinocerebellar Ataxias"
http://healthcarekg.org/ontology/metabolic_syndrome_x,hasSymptom,http://healthcarekg.org/ontology/obesity,"metabolic syndrome X","Obesity"
http://healthcarekg.org/ontology/hematologic_cancer,hasSymptom,http://healthcarekg.org/ontology/monoclonal_gammopathy_of_undetermined_significance,"hematologic cancer","Monoclonal Gammopathy of Undetermined Significance"
http://healthcarekg.org/ontology/sarcoma,hasSymptom,http://healthcarekg.org/ontology/hyperalgesia,"sarcoma","Hyperalgesia"
http://healthcarekg.org/ontology/pharynx_cancer,hasSymptom,http://healthcarekg.org/ontology/neck_pain,"pharynx cancer","Neck Pain"
http://healthcarekg.org/ontology/rheumatoid_arthritis,treatedBy,http://healthcarekg.org/ontology/azathioprine,"rheumatoid arthritis","Azathioprine"
http://healthcarekg.org/ontology/behcet_s_disease,hasSymptom,http://healthcarekg.org/ontology/skin_manifestations,"Behcet's disease","Skin Manifestations"
http://healthcarekg.org/ontology/chronic_obstructive_pulmonary_disease,hasSymptom,http://healthcarekg.org/ontology/hemoptysis,"chronic obstructive pulmonary disease","Hemoptysis"
http://healthcarekg.org/ontology/liver_cancer,hasSymptom,http://healthcarekg.org/ontology/hypergammaglobulinemia,"liver cancer","Hypergammaglobulinemia"
http://healthcarekg.org/ontology/peripheral_nervous_system_neoplasm,hasSymptom,http://healthcarekg.org/ontology/hearing_loss_central,"peripheral nervous system neoplasm","Hearing Loss, Central"
http://healthcarekg.org/ontology/refractive_error,hasSymptom,http://healthcarekg.org/ontology/choroid_hemorrhage,"refractive error","Choroid Hemorrhage"
http://healthcarekg.org/ontology/rheumatoid_arthritis,hasSymptom,http://healthcarekg.org/ontology/back_pain,"rheumatoid arthritis","Back Pain"
http://healthcarekg.org/ontology/peripheral_nervous_system_neoplasm,hasSymptom,http://healthcarekg.org/ontology/hearing_loss_conductive,"peripheral nervous system neoplasm","Hearing Loss, Conductive"
http://healthcarekg.org/ontology/creutzfeldt_jakob_disease,hasSymptom,http://healthcarekg.org/ontology/paresthesia,"Creutzfeldt-Jakob disease","Paresthesia"
http://healthcarekg.org/ontology/alcohol_dependence,hasSymptom,http://healthcarekg.org/ontology/agraphia,"alcohol dependence","Agraphia"
http://healthcarekg.org/ontology/parkinson_s_disease,hasSymptom,http://healthcarekg.org/ontology/disorders_of_excessive_somnolence,"Parkinson's disease","Disorders of Excessive Somnolence"
http://healthcarekg.org/ontology/rheumatoid_arthritis,treatedBy,http://healthcarekg.org/ontology/auranofin,"rheumatoid arthritis","Auranofin"
http://healthcarekg.org/ontology/ankylosing_spondylitis,treatedBy,http://healthcarekg.org/ontology/prednisone,"ankylosing spondylitis","Prednisone"
http://healthcarekg.org/ontology/malaria,hasSymptom,http://healthcarekg.org/ontology/chills,"malaria","Chills"
http://healthcarekg.org/ontology/malaria,treatedBy,http://healthcarekg.org/ontology/quinidine,"malaria","Quinidine"
http://healthcarekg.org/ontology/refractive_error,hasSymptom,http://healthcarekg.org/ontology/amblyopia,"refractive error","Amblyopia"
http://healthcarekg.org/ontology/endogenous_depression,hasSymptom,http://healthcarekg.org/ontology/asthenia,"endogenous depression","Asthenia"
http://healthcarekg.org/ontology/periodontitis,hasSymptom,http://healthcarekg.org/ontology/pain_postoperative,"periodontitis","Pain, Postoperative"
http://healthcarekg.org/ontology/amyotrophic_lateral_sclerosis,hasSymptom,http://healthcarekg.org/ontology/dysarthria,"amyotrophic lateral sclerosis","Dysarthria"
http://healthcarekg.org/ontology/epilepsy_syndrome,hasSymptom,http://healthcarekg.org/ontology/language_disorders,"epilepsy syndrome","Language Disorders"
http://healthcarekg.org/ontology/creutzfeldt_jakob_disease,hasSymptom,http://healthcarekg.org/ontology/vision_disorders,"Creutzfeldt-Jakob disease","Vision Disorders"
http://healthcarekg.org/ontology/systemic_lupus_erythematosus,hasSymptom,http://healthcarekg.org/ontology/purpura_thrombocytopenic,"systemic lupus erythematosus","Purpura, Thrombocytopenic"
http://healthcarekg.org/ontology/alcohol_dependence,hasSymptom,http://healthcarekg.org/ontology/hyperphagia,"alcohol dependence","Hyperphagia"
http://healthcarekg.org/ontology/parkinson_s_disease,hasSymptom,http://healthcarekg.org/ontology/athetosis,"Parkinson's disease","Athetosis"
http://healthcarekg.org/ontology/atopic_dermatitis,hasSymptom,http://healthcarekg.org/ontology/psychophysiologic_disorders,"atopic dermatitis","Psychophysiologic Disorders"
http://healthcarekg.org/ontology/rheumatoid_arthritis,treatedBy,http://healthcarekg.org/ontology/betamethasone,"rheumatoid arthritis","Betamethasone"
http://healthcarekg.org/ontology/conduct_disorder,hasSymptom,http://healthcarekg.org/ontology/learning_disorders,"conduct disorder","Learning Disorders"
http://healthcarekg.org/ontology/parkinson_s_disease,hasSymptom,http://healthcarekg.org/ontology/muscle_hypertonia,"Parkinson's disease","Muscle Hypertonia"
http://healthcarekg.org/ontology/brain_cancer,hasSymptom,http://healthcarekg.org/ontology/deafness,"brain cancer","Deafness"
http://healthcarekg.org/ontology/head_and_neck_cancer,treatedBy,http://healthcarekg.org/ontology/fluorouracil,"head and neck cancer","Fluorouracil"
http://healthcarekg.org/ontology/germ_cell_cancer,hasSymptom,http://healthcarekg.org/ontology/mutism,"germ cell cancer","Mutism"
http://healthcarekg.org/ontology/coronary_artery_disease,hasSymptom,http://healthcarekg.org/ontology/acute_coronary_syndrome,"coronary artery disease","Acute Coronary Syndrome"
http://healthcarekg.org/ontology/hypertension,treatedBy,http://healthcarekg.org/ontology/guanfacine,"hypertension","Guanfacine"
http://healthcarekg.org/ontology/sarcoma,hasSymptom,http://healthcarekg.org/ontology/nausea,"sarcoma","Nausea"
http://healthcarekg.org/ontology/melanoma,treatedBy,http://healthcarekg.org/ontology/carmustine,"melanoma","Carmustine"
http://healthcarekg.org/ontology/lung_cancer,hasSymptom,http://healthcarekg.org/ontology/nausea,"lung cancer","Nausea"
http://healthcarekg.org/ontology/crohn_s_disease,hasSymptom,http://healthcarekg.org/ontology/nausea,"Crohn's disease","Nausea"
http://healthcarekg.org/ontology/esophageal_cancer,treatedBy,http://healthcarekg.org/ontology/capecitabine,"esophageal cancer","Capecitabine"
http://healthcarekg.org/ontology/larynx_cancer,hasSymptom,http://healthcarekg.org/ontology/cough,"larynx cancer","Cough"
http://healthcarekg.org/ontology/systemic_lupus_erythematosus,hasSymptom,http://healthcarekg.org/ontology/hypergammaglobulinemia,"systemic lupus erythematosus","Hypergammaglobulinemia"
http://healthcarekg.org/ontology/testicular_cancer,treatedBy,http://healthcarekg.org/ontology/epirubicin,"testicular cancer","Epirubicin"
http://healthcarekg.org/ontology/schizophrenia,hasSymptom,http://healthcarekg.org/ontology/illusions,"schizophrenia","Illusions"
http://healthcarekg.org/ontology/parkinson_s_disease,hasSymptom,http://healthcarekg.org/ontology/fatigue,"Parkinson's disease","Fatigue"
http://healthcarekg.org/ontology/hematologic_cancer,treatedBy,http://healthcarekg.org/ontology/dexamethasone,"hematologic cancer","Dexamethasone"
http://healthcarekg.org/ontology/type_1_diabetes_mellitus,hasSymptom,http://healthcarekg.org/ontology/bulimia,"type 1 diabetes mellitus","Bulimia"
http://healthcarekg.org/ontology/kidney_cancer,treatedBy,http://healthcarekg.org/ontology/vinblastine,"kidney cancer","Vinblastine"
http://healthcarekg.org/ontology/creutzfeldt_jakob_disease,hasSymptom,http://healthcarekg.org/ontology/blindness_cortical,"Creutzfeldt-Jakob disease","Blindness, Cortical"
http://healthcarekg.org/ontology/kidney_cancer,hasSymptom,http://healthcarekg.org/ontology/vomiting,"kidney cancer","Vomiting"
http://healthcarekg.org/ontology/migraine,treatedBy,http://healthcarekg.org/ontology/timolol,"migraine","Timolol"
http://healthcarekg.org/ontology/schizophrenia,hasSymptom,http://healthcarekg.org/ontology/psychomotor_agitation,"schizophrenia","Psychomotor Agitation"
http://healthcarekg.org/ontology/malignant_glioma,hasSymptom,http://healthcarekg.org/ontology/ataxia_telangiectasia,"malignant glioma","Ataxia Telangiectasia"
http://healthcarekg.org/ontology/hypertension,treatedBy,http://healthcarekg.org/ontology/nifedipine,"hypertension","Nifedipine"
http://healthcarekg.org/ontology/colon_cancer,treatedBy,http://healthcarekg.org/ontology/irinotecan,"colon cancer","Irinotecan"
http://healthcarekg.org/ontology/germ_cell_cancer,hasSymptom,http://healthcarekg.org/ontology/pelvic_pain,"germ cell cancer","Pelvic Pain"
http://healthcarekg.org/ontology/alopecia_areata,hasSymptom,http://healthcarekg.org/ontology/psychophysiologic_disorders,"alopecia areata","Psychophysiologic Disorders"
http://healthcarekg.org/ontology/alzheimer_s_disease,hasSymptom,http://healthcarekg.org/ontology/olfaction_disorders,"Alzheimer's disease","Olfaction Disorders"
http://healthcarekg.org/ontology/peripheral_nervous_system_neoplasm,treatedBy,http://healthcarekg.org/ontology/alitretinoin,"peripheral nervous system neoplasm","Alitretinoin"
http://healthcarekg.org/ontology/multiple_sclerosis,hasSymptom,http://healthcarekg.org/ontology/myotonia,"multiple sclerosis","Myotonia"
http://healthcarekg.org/ontology/liver_cancer,hasSymptom,http://healthcarekg.org/ontology/sarcopenia,"liver cancer","Sarcopenia"
http://healthcarekg.org/ontology/bipolar_disorder,hasSymptom,http://healthcarekg.org/ontology/tremor,"bipolar disorder","Tremor"
http://healthcarekg.org/ontology/amyotrophic_lateral_sclerosis,hasSymptom,http://healthcarekg.org/ontology/muscle_spasticity,"amyotrophic lateral sclerosis","Muscle Spasticity"
http://healthcarekg.org/ontology/uterine_cancer,hasSymptom,http://healthcarekg.org/ontology/fever,"uterine cancer","Fever"
http://healthcarekg.org/ontology/malaria,treatedBy,http://healthcarekg.org/ontology/quinine,"malaria","Quinine"
http://healthcarekg.org/ontology/malignant_glioma,hasSymptom,http://healthcarekg.org/ontology/reflex_abnormal,"malignant glioma","Reflex, Abnormal"
http://healthcarekg.org/ontology/refractive_error,hasSymptom,http://healthcarekg.org/ontology/deafness,"refractive error","Deafness"
http://healthcarekg.org/ontology/psoriatic_arthritis,hasSymptom,http://healthcarekg.org/ontology/pain,"psoriatic arthritis","Pain"
http://healthcarekg.org/ontology/urinary_bladder_cancer,hasSymptom,http://healthcarekg.org/ontology/nausea,"urinary bladder cancer","Nausea"
http://healthcarekg.org/ontology/spinal_cancer,hasSymptom,http://healthcarekg.org/ontology/paraplegia,"spinal cancer","Paraplegia"
http://healthcarekg.org/ontology/lung_cancer,treatedBy,http://healthcarekg.org/ontology/irinotecan,"lung cancer","Irinotecan"
http://healthcarekg.org/ontology/psoriasis,treatedBy,http://healthcarekg.org/ontology/prednisone,"psoriasis","Prednisone"
http://healthcarekg.org/ontology/amyotrophic_lateral_sclerosis,hasSymptom,http://healthcarekg.org/ontology/gait_disorders_neurologic,"amyotrophic lateral sclerosis","Gait Disorders, Neurologic"
http://healthcarekg.org/ontology/meningioma,hasSymptom,http://healthcarekg.org/ontology/reflex_abnormal,"meningioma","Reflex, Abnormal"
http://healthcarekg.org/ontology/endogenous_depression,hasSymptom,http://healthcarekg.org/ontology/dyspepsia,"endogenous depression","Dyspepsia"
http://healthcarekg.org/ontology/liver_cancer,hasSymptom,http://healthcarekg.org/ontology/flushing,"liver cancer","Flushing"
http://healthcarekg.org/ontology/anemia,hasSymptom,http://healthcarekg.org/ontology/eye_manifestations,"anemia","Eye Manifestations"
http://healthcarekg.org/ontology/systemic_scleroderma,treatedBy,http://healthcarekg.org/ontology/mometasone,"systemic scleroderma","Mometasone"
http://healthcarekg.org/ontology/epilepsy_syndrome,treatedBy,http://healthcarekg.org/ontology/fosphenytoin,"epilepsy syndrome","Fosphenytoin"
http://healthcarekg.org/ontology/glaucoma,treatedBy,http://healthcarekg.org/ontology/carbachol,"glaucoma","Carbachol"
http://healthcarekg.org/ontology/testicular_cancer,hasSymptom,http://healthcarekg.org/ontology/virilism,"testicular cancer","Virilism"
http://healthcarekg.org/ontology/gilles_de_la_tourette_syndrome,hasSymptom,http://healthcarekg.org/ontology/tics,"Gilles de la Tourette syndrome","Tics"
http://healthcarekg.org/ontology/anemia,hasSymptom,http://healthcarekg.org/ontology/anoxia,"anemia","Anoxia"
http://healthcarekg.org/ontology/alzheimer_s_disease,hasSymptom,http://healthcarekg.org/ontology/psychomotor_disorders,"Alzheimer's disease","Psychomotor Disorders"
http://healthcarekg.org/ontology/acquired_immunodeficiency_syndrome,hasSymptom,http://healthcarekg.org/ontology/abdomen_acute,"acquired immunodeficiency syndrome","Abdomen, Acute"
http://healthcarekg.org/ontology/hematologic_cancer,treatedBy,http://healthcarekg.org/ontology/betamethasone,"hematologic cancer","Betamethasone"
http://healthcarekg.org/ontology/prostate_cancer,treatedBy,http://healthcarekg.org/ontology/goserelin,"prostate cancer","Goserelin"
http://healthcarekg.org/ontology/brain_cancer,hasSymptom,http://healthcarekg.org/ontology/ophthalmoplegia,"brain cancer","Ophthalmoplegia"
http://healthcarekg.org/ontology/malignant_glioma,hasSymptom,http://healthcarekg.org/ontology/striae_distensae,"malignant glioma","Striae Distensae"
http://healthcarekg.org/ontology/melanoma,hasSymptom,http://healthcarekg.org/ontology/hyperalgesia,"melanoma","Hyperalgesia"
http://healthcarekg.org/ontology/autistic_disorder,hasSymptom,http://healthcarekg.org/ontology/apraxias,"autistic disorder","Apraxias"
http://healthcarekg.org/ontology/ulcerative_colitis,hasSymptom,http://healthcarekg.org/ontology/vomiting,"ulcerative colitis","Vomiting"
http://healthcarekg.org/ontology/cervical_cancer,hasSymptom,http://healthcarekg.org/ontology/urinary_incontinence_stress,"cervical cancer","Urinary Incontinence, Stress"
http://healthcarekg.org/ontology/primary_biliary_cirrhosis,hasSymptom,http://healthcarekg.org/ontology/jaundice,"primary biliary cirrhosis","Jaundice"
http://healthcarekg.org/ontology/muscle_cancer,hasSymptom,http://healthcarekg.org/ontology/edema,"muscle cancer","Edema"
http://healthcarekg.org/ontology/malignant_mesothelioma,hasSymptom,http://healthcarekg.org/ontology/abdomen_acute,"malignant mesothelioma","Abdomen, Acute"
http://healthcarekg.org/ontology/intracranial_aneurysm,hasSymptom,http://healthcarekg.org/ontology/spasm,"intracranial aneurysm","Spasm"
http://healthcarekg.org/ontology/gilles_de_la_tourette_syndrome,hasSymptom,http://healthcarekg.org/ontology/chorea,"Gilles de la Tourette syndrome","Chorea"
http://healthcarekg.org/ontology/breast_cancer,treatedBy,http://healthcarekg.org/ontology/goserelin,"breast cancer","Goserelin"
http://healthcarekg.org/ontology/rheumatoid_arthritis,treatedBy,http://healthcarekg.org/ontology/sulfasalazine,"rheumatoid arthritis","Sulfasalazine"
http://healthcarekg.org/ontology/osteoporosis,treatedBy,http://healthcarekg.org/ontology/conjugated_estrogens,"osteoporosis","Conjugated Estrogens"
http://healthcarekg.org/ontology/asthma,treatedBy,http://healthcarekg.org/ontology/zafirlukast,"asthma","Zafirlukast"
http://healthcarekg.org/ontology/germ_cell_cancer,hasSymptom,http://healthcarekg.org/ontology/paresis,"germ cell cancer","Paresis"
http://healthcarekg.org/ontology/stomach_cancer,hasSymptom,http://healthcarekg.org/ontology/jaundice_obstructive,"stomach cancer","Jaundice, Obstructive"
http://healthcarekg.org/ontology/peripheral_nervous_system_neoplasm,hasSymptom,http://healthcarekg.org/ontology/hearing_loss,"peripheral nervous system neoplasm","Hearing Loss"
http://healthcarekg.org/ontology/graves_disease,hasSymptom,http://healthcarekg.org/ontology/vision_disorders,"Graves' disease","Vision Disorders"
http://healthcarekg.org/ontology/allergic_rhinitis,hasSymptom,http://healthcarekg.org/ontology/pruritus,"allergic rhinitis","Pruritus"
http://healthcarekg.org/ontology/allergic_rhinitis,treatedBy,http://healthcarekg.org/ontology/cyproheptadine,"allergic rhinitis","Cyproheptadine"
http://healthcarekg.org/ontology/type_1_diabetes_mellitus,hasSymptom,http://healthcarekg.org/ontology/proteinuria,"type 1 diabetes mellitus","Proteinuria"
http://healthcarekg.org/ontology/intracranial_aneurysm,hasSymptom,http://healthcarekg.org/ontology/coma,"intracranial aneurysm","Coma"
http://healthcarekg.org/ontology/cleft_lip,hasSymptom,http://healthcarekg.org/ontology/hearing_loss_conductive,"cleft lip","Hearing Loss, Conductive"
http://healthcarekg.org/ontology/pancreatitis,hasSymptom,http://healthcarekg.org/ontology/vomiting,"pancreatitis","Vomiting"
http://healthcarekg.org/ontology/pharynx_cancer,hasSymptom,http://healthcarekg.org/ontology/neurologic_manifestations,"pharynx cancer","Neurologic Manifestations"
http://healthcarekg.org/ontology/germ_cell_cancer,hasSymptom,http://healthcarekg.org/ontology/choroid_hemorrhage,"germ cell cancer","Choroid Hemorrhage"
http://healthcarekg.org/ontology/uterine_fibroid,hasSymptom,http://healthcarekg.org/ontology/fever_of_unknown_origin,"uterine fibroid","Fever of Unknown Origin"
http://healthcarekg.org/ontology/head_and_neck_cancer,hasSymptom,http://healthcarekg.org/ontology/neck_pain,"head and neck cancer","Neck Pain"
http://healthcarekg.org/ontology/melanoma,hasSymptom,http://healthcarekg.org/ontology/nausea,"melanoma","Nausea"
http://healthcarekg.org/ontology/parkinson_s_disease,hasSymptom,http://healthcarekg.org/ontology/constipation,"Parkinson's disease","Constipation"
http://healthcarekg.org/ontology/endogenous_depression,hasSymptom,http://healthcarekg.org/ontology/mental_fatigue,"endogenous depression","Mental Fatigue"
http://healthcarekg.org/ontology/fallopian_tube_cancer,hasSymptom,http://healthcarekg.org/ontology/abdominal_pain,"fallopian tube cancer","Abdominal Pain"
http://healthcarekg.org/ontology/type_1_diabetes_mellitus,hasSymptom,http://healthcarekg.org/ontology/brain_death,"type 1 diabetes mellitus","Brain Death"
http://healthcarekg.org/ontology/intracranial_aneurysm,hasSymptom,http://healthcarekg.org/ontology/consciousness_disorders,"intracranial aneurysm","Consciousness Disorders"
http://healthcarekg.org/ontology/germ_cell_cancer,hasSymptom,http://healthcarekg.org/ontology/polyuria,"germ cell cancer","Polyuria"
http://healthcarekg.org/ontology/epilepsy_syndrome,hasSymptom,http://healthcarekg.org/ontology/confusion,"epilepsy syndrome","Confusion"
http://healthcarekg.org/ontology/autistic_disorder,hasSymptom,http://healthcarekg.org/ontology/perceptual_disorders,"autistic disorder","Perceptual Disorders"
http://healthcarekg.org/ontology/multiple_sclerosis,hasSymptom,http://healthcarekg.org/ontology/reflex_abnormal,"multiple sclerosis","Reflex, Abnormal"
http://healthcarekg.org/ontology/anemia,hasSymptom,http://healthcarekg.org/ontology/fever,"anemia","Fever"
http://healthcarekg.org/ontology/epilepsy_syndrome,hasSymptom,http://healthcarekg.org/ontology/myoclonus,"epilepsy syndrome","Myoclonus"
http://healthcarekg.org/ontology/chronic_obstructive_pulmonary_disease,treatedBy,http://healthcarekg.org/ontology/salbutamol,"chronic obstructive pulmonary disease","Salbutamol"
http://healthcarekg.org/ontology/urinary_bladder_cancer,hasSymptom,http://healthcarekg.org/ontology/urinoma,"urinary bladder cancer","Urinoma"
http://healthcarekg.org/ontology/psoriasis,treatedBy,http://healthcarekg.org/ontology/mycophenolic_acid,"psoriasis","Mycophenolic acid"
http://healthcarekg.org/ontology/behcet_s_disease,hasSymptom,http://healthcarekg.org/ontology/hearing_loss_sudden,"Behcet's disease","Hearing Loss, Sudden"
http://healthcarekg.org/ontology/breast_cancer,treatedBy,http://healthcarekg.org/ontology/anastrozole,"breast cancer","Anastrozole"
http://healthcarekg.org/ontology/metabolic_syndrome_x,hasSymptom,http://healthcarekg.org/ontology/sleep_apnea_obstructive,"metabolic syndrome X","Sleep Apnea, Obstructive"
http://healthcarekg.org/ontology/intracranial_aneurysm,hasSymptom,http://healthcarekg.org/ontology/amnesia_retrograde,"intracranial aneurysm","Amnesia, Retrograde"
http://healthcarekg.org/ontology/migraine,hasSymptom,http://healthcarekg.org/ontology/torticollis,"migraine","Torticollis"
http://healthcarekg.org/ontology/hypertension,treatedBy,http://healthcarekg.org/ontology/ethacrynic_acid,"hypertension","Ethacrynic acid"
http://healthcarekg.org/ontology/bone_cancer,hasSymptom,http://healthcarekg.org/ontology/hearing_loss_conductive,"bone cancer","Hearing Loss, Conductive"
http://healthcarekg.org/ontology/vitiligo,hasSymptom,http://healthcarekg.org/ontology/purpura_thrombocytopenic_idiopathic,"vitiligo","Purpura, Thrombocytopenic, Idiopathic"
http://healthcarekg.org/ontology/coronary_artery_disease,treatedBy,http://healthcarekg.org/ontology/telmisartan,"coronary artery disease","Telmisartan"
http://healthcarekg.org/ontology/peripheral_nervous_system_neoplasm,hasSymptom,http://healthcarekg.org/ontology/phantom_limb,"peripheral nervous system neoplasm","Phantom Limb"
http://healthcarekg.org/ontology/primary_biliary_cirrhosis,treatedBy,http://healthcarekg.org/ontology/colchicine,"primary biliary cirrhosis","Colchicine"
http://healthcarekg.org/ontology/dilated_cardiomyopathy,treatedBy,http://healthcarekg.org/ontology/spironolactone,"dilated cardiomyopathy","Spironolactone"
http://healthcarekg.org/ontology/atopic_dermatitis,treatedBy,http://healthcarekg.org/ontology/prednisone,"atopic dermatitis","Prednisone"
http://healthcarekg.org/ontology/gilles_de_la_tourette_syndrome,hasSymptom,http://healthcarekg.org/ontology/myoclonus,"Gilles de la Tourette syndrome","Myoclonus"
http://healthcarekg.org/ontology/abdominal_aortic_aneurysm,hasSymptom,http://healthcarekg.org/ontology/paresis,"abdominal aortic aneurysm","Paresis"
http://healthcarekg.org/ontology/systemic_lupus_erythematosus,treatedBy,http://healthcarekg.org/ontology/dexamethasone,"systemic lupus erythematosus","Dexamethasone"
http://healthcarekg.org/ontology/adrenal_gland_cancer,hasSymptom,http://healthcarekg.org/ontology/chest_pain,"adrenal gland cancer","Chest Pain"
http://healthcarekg.org/ontology/coronary_artery_disease,treatedBy,http://healthcarekg.org/ontology/timolol,"coronary artery disease","Timolol"
http://healthcarekg.org/ontology/liver_cancer,hasSymptom,http://healthcarekg.org/ontology/jaundice_obstructive,"liver cancer","Jaundice, Obstructive"
http://healthcarekg.org/ontology/systemic_lupus_erythematosus,treatedBy,http://healthcarekg.org/ontology/cyclosporine,"systemic lupus erythematosus","Cyclosporine"
http://healthcarekg.org/ontology/attention_deficit_hyperactivity_disorder,hasSymptom,http://healthcarekg.org/ontology/sleep_initiation_and_maintenance_disorders,"attention deficit hyperactivity disorder","Sleep Initiation and Maintenance Disorders"
http://healthcarekg.org/ontology/prostate_cancer,hasSymptom,http://healthcarekg.org/ontology/anoxia,"prostate cancer","Anoxia"
http://healthcarekg.org/ontology/leprosy,treatedBy,http://healthcarekg.org/ontology/rifampicin,"leprosy","Rifampicin"
http://healthcarekg.org/ontology/schizophrenia,hasSymptom,http://healthcarekg.org/ontology/psychomotor_disorders,"schizophrenia","Psychomotor Disorders"
http://healthcarekg.org/ontology/chronic_obstructive_pulmonary_disease,hasSymptom,http://healthcarekg.org/ontology/cachexia,"chronic obstructive pulmonary disease","Cachexia"
http://healthcarekg.org/ontology/type_2_diabetes_mellitus,treatedBy,http://healthcarekg.org/ontology/pioglitazone,"type 2 diabetes mellitus","Pioglitazone"
http://healthcarekg.org/ontology/obesity,hasSymptom,http://healthcarekg.org/ontology/hyperphagia,"Obesity","Hyperphagia"
http://healthcarekg.org/ontology/nephrolithiasis,hasSymptom,http://healthcarekg.org/ontology/hypercalciuria,"nephrolithiasis","Hypercalciuria"
http://healthcarekg.org/ontology/thymus_cancer,hasSymptom,http://healthcarekg.org/ontology/purpura_thrombocytopenic,"thymus cancer","Purpura, Thrombocytopenic"
http://healthcarekg.org/ontology/systemic_lupus_erythematosus,treatedBy,http://healthcarekg.org/ontology/azathioprine,"systemic lupus erythematosus","Azathioprine"
http://healthcarekg.org/ontology/autistic_disorder,hasSymptom,http://healthcarekg.org/ontology/rett_syndrome,"autistic disorder","Rett Syndrome"
http://healthcarekg.org/ontology/coronary_artery_disease,treatedBy,http://healthcarekg.org/ontology/acetylsalicylic_acid,"coronary artery disease","Acetylsalicylic acid"
http://healthcarekg.org/ontology/systemic_scleroderma,hasSymptom,http://healthcarekg.org/ontology/heartburn,"systemic scleroderma","Heartburn"
http://healthcarekg.org/ontology/sarcoma,hasSymptom,http://healthcarekg.org/ontology/dyspnea,"sarcoma","Dyspnea"
http://healthcarekg.org/ontology/lung_cancer,hasSymptom,http://healthcarekg.org/ontology/dyspnea,"lung cancer","Dyspnea"
http://healthcarekg.org/ontology/migraine,hasSymptom,http://healthcarekg.org/ontology/anisocoria,"migraine","Anisocoria"
http://healthcarekg.org/ontology/ankylosing_spondylitis,hasSymptom,http://healthcarekg.org/ontology/neuralgia,"ankylosing spondylitis","Neuralgia"
http://healthcarekg.org/ontology/breast_cancer,hasSymptom,http://healthcarekg.org/ontology/anoxia,"breast cancer","Anoxia"
http://healthcarekg.org/ontology/dilated_cardiomyopathy,hasSymptom,http://healthcarekg.org/ontology/sleep_apnea_central,"dilated cardiomyopathy","Sleep Apnea, Central"
http://healthcarekg.org/ontology/chronic_obstructive_pulmonary_disease,hasSymptom,http://healthcarekg.org/ontology/thinness,"chronic obstructive pulmonary disease","Thinness"
http://healthcarekg.org/ontology/paget_s_disease_of_bone,hasSymptom,http://healthcarekg.org/ontology/paraplegia,"Paget's disease of bone","Paraplegia"
http://healthcarekg.org/ontology/hypertension,treatedBy,http://healthcarekg.org/ontology/labetalol,"hypertension","Labetalol"
http://healthcarekg.org/ontology/leprosy,treatedBy,http://healthcarekg.org/ontology/thalidomide,"leprosy","Thalidomide"
http://healthcarekg.org/ontology/psoriatic_arthritis,treatedBy,http://healthcarekg.org/ontology/dexamethasone,"psoriatic arthritis","Dexamethasone"
http://healthcarekg.org/ontology/alcohol_dependence,treatedBy,http://healthcarekg.org/ontology/naltrexone,"alcohol dependence","Naltrexone"
http://healthcarekg.org/ontology/hypothyroidism,hasSymptom,http://healthcarekg.org/ontology/chorea,"hypothyroidism","Chorea"
http://healthcarekg.org/ontology/otosclerosis,hasSymptom,http://healthcarekg.org/ontology/dizziness,"otosclerosis","Dizziness"
http://healthcarekg.org/ontology/germ_cell_cancer,hasSymptom,http://healthcarekg.org/ontology/syncope,"germ cell cancer","Syncope"
http://healthcarekg.org/ontology/germ_cell_cancer,hasSymptom,http://healthcarekg.org/ontology/deafness,"germ cell cancer","Deafness"
http://healthcarekg.org/ontology/migraine,hasSymptom,http://healthcarekg.org/ontology/ataxia,"migraine","Ataxia"
http://healthcarekg.org/ontology/thymus_cancer,hasSymptom,http://healthcarekg.org/ontology/hypergammaglobulinemia,"thymus cancer","Hypergammaglobulinemia"
http://healthcarekg.org/ontology/autistic_disorder,hasSymptom,http://healthcarekg.org/ontology/williams_syndrome,"autistic disorder","Williams Syndrome"
http://healthcarekg.org/ontology/head_and_neck_cancer,hasSymptom,http://healthcarekg.org/ontology/blindness,"head and neck cancer","Blindness"
http://healthcarekg.org/ontology/lung_cancer,treatedBy,http://healthcarekg.org/ontology/crizotinib,"lung cancer","Crizotinib"
http://healthcarekg.org/ontology/systemic_lupus_erythematosus,treatedBy,http://healthcarekg.org/ontology/betamethasone,"systemic lupus erythematosus","Betamethasone"
http://healthcarekg.org/ontology/cervical_cancer,hasSymptom,http://healthcarekg.org/ontology/oliguria,"cervical cancer","Oliguria"
http://healthcarekg.org/ontology/retroperitoneal_cancer,hasSymptom,http://healthcarekg.org/ontology/abdomen_acute,"retroperitoneal cancer","Abdomen, Acute"
http://healthcarekg.org/ontology/rheumatoid_arthritis,hasSymptom,http://healthcarekg.org/ontology/purpura_thrombocytopenic_idiopathic,"rheumatoid arthritis","Purpura, Thrombocytopenic, Idiopathic"
http://healthcarekg.org/ontology/coronary_artery_disease,treatedBy,http://healthcarekg.org/ontology/eplerenone,"coronary artery disease","Eplerenone"
http://healthcarekg.org/ontology/intracranial_aneurysm,hasSymptom,http://healthcarekg.org/ontology/aphasia,"intracranial aneurysm","Aphasia"
http://healthcarekg.org/ontology/lung_cancer,hasSymptom,http://healthcarekg.org/ontology/cerebellar_ataxia,"lung cancer","Cerebellar Ataxia"
http://healthcarekg.org/ontology/dilated_cardiomyopathy,hasSymptom,http://healthcarekg.org/ontology/edema_cardiac,"dilated cardiomyopathy","Edema, Cardiac"
http://healthcarekg.org/ontology/sarcoma,hasSymptom,http://healthcarekg.org/ontology/hematemesis,"sarcoma","Hematemesis"
http://healthcarekg.org/ontology/periodontitis,hasSymptom,http://healthcarekg.org/ontology/trismus,"periodontitis","Trismus"
http://healthcarekg.org/ontology/schizophrenia,hasSymptom,http://healthcarekg.org/ontology/polyuria,"schizophrenia","Polyuria"
http://healthcarekg.org/ontology/bipolar_disorder,hasSymptom,http://healthcarekg.org/ontology/coma,"bipolar disorder","Coma"
http://healthcarekg.org/ontology/psoriatic_arthritis,treatedBy,http://healthcarekg.org/ontology/auranofin,"psoriatic arthritis","Auranofin"
http://healthcarekg.org/ontology/head_and_neck_cancer,hasSymptom,http://healthcarekg.org/ontology/dyspepsia,"head and neck cancer","Dyspepsia"
http://healthcarekg.org/ontology/malignant_glioma,hasSymptom,http://healthcarekg.org/ontology/hiccup,"malignant glioma","Hiccup"
http://healthcarekg.org/ontology/vitiligo,hasSymptom,http://healthcarekg.org/ontology/hearing_loss_sensorineural,"vitiligo","Hearing Loss, Sensorineural"
http://healthcarekg.org/ontology/attention_deficit_hyperactivity_disorder,hasSymptom,http://healthcarekg.org/ontology/bulimia,"attention deficit hyperactivity disorder","Bulimia"
http://healthcarekg.org/ontology/schizophrenia,hasSymptom,http://healthcarekg.org/ontology/prodromal_symptoms,"schizophrenia","Prodromal Symptoms"
http://healthcarekg.org/ontology/autistic_disorder,hasSymptom,http://healthcarekg.org/ontology/language_development_disorders,"autistic disorder","Language Development Disorders"
http://healthcarekg.org/ontology/alzheimer_s_disease,hasSymptom,http://healthcarekg.org/ontology/language_disorders,"Alzheimer's disease","Language Disorders"
http://healthcarekg.org/ontology/endogenous_depression,hasSymptom,http://healthcarekg.org/ontology/amnesia,"endogenous depression","Amnesia"
http://healthcarekg.org/ontology/malignant_glioma,hasSymptom,http://healthcarekg.org/ontology/agraphia,"malignant glioma","Agraphia"
http://healthcarekg.org/ontology/cleft_lip,hasSymptom,http://healthcarekg.org/ontology/hearing_loss,"cleft lip","Hearing Loss"
http://healthcarekg.org/ontology/epilepsy_syndrome,hasSymptom,http://healthcarekg.org/ontology/neuroacanthocytosis,"epilepsy syndrome","Neuroacanthocytosis"
http://healthcarekg.org/ontology/autistic_disorder,hasSymptom,http://healthcarekg.org/ontology/agnosia,"autistic disorder","Agnosia"
http://healthcarekg.org/ontology/thoracic_aortic_aneurysm,hasSymptom,http://healthcarekg.org/ontology/back_pain,"thoracic aortic aneurysm","Back Pain"
http://healthcarekg.org/ontology/anemia,hasSymptom,http://healthcarekg.org/ontology/hearing_loss_sensorineural,"anemia","Hearing Loss, Sensorineural"
http://healthcarekg.org/ontology/pancreatic_cancer,hasSymptom,http://healthcarekg.org/ontology/dyspepsia,"pancreatic cancer","Dyspepsia"
http://healthcarekg.org/ontology/psoriatic_arthritis,treatedBy,http://healthcarekg.org/ontology/betamethasone,"psoriatic arthritis","Betamethasone"
http://healthcarekg.org/ontology/cervical_cancer,hasSymptom,http://healthcarekg.org/ontology/birth_weight,"cervical cancer","Birth Weight"
http://healthcarekg.org/ontology/behcet_s_disease,hasSymptom,http://healthcarekg.org/ontology/hemiplegia,"Behcet's disease","Hemiplegia"
http://healthcarekg.org/ontology/hypothyroidism,hasSymptom,http://healthcarekg.org/ontology/birth_weight,"hypothyroidism","Birth Weight"
http://healthcarekg.org/ontology/hypothyroidism,hasSymptom,http://healthcarekg.org/ontology/oral_manifestations,"hypothyroidism","Oral Manifestations"
http://healthcarekg.org/ontology/hypertension,treatedBy,http://healthcarekg.org/ontology/telmisartan,"hypertension","Telmisartan"
http://healthcarekg.org/ontology/malignant_glioma,hasSymptom,http://healthcarekg.org/ontology/hyperventilation,"malignant glioma","Hyperventilation"
http://healthcarekg.org/ontology/graves_disease,hasSymptom,http://healthcarekg.org/ontology/quadriplegia,"Graves' disease","Quadriplegia"
http://healthcarekg.org/ontology/sarcoma,hasSymptom,http://healthcarekg.org/ontology/heart_murmurs,"sarcoma","Heart Murmurs"
http://healthcarekg.org/ontology/brain_cancer,hasSymptom,http://healthcarekg.org/ontology/nausea,"brain cancer","Nausea"
http://healthcarekg.org/ontology/breast_cancer,hasSymptom,http://healthcarekg.org/ontology/fever,"breast cancer","Fever"
http://healthcarekg.org/ontology/brain_cancer,hasSymptom,http://healthcarekg.org/ontology/spasm,"brain cancer","Spasm"
http://healthcarekg.org/ontology/gilles_de_la_tourette_syndrome,hasSymptom,http://healthcarekg.org/ontology/learning_disorders,"Gilles de la Tourette syndrome","Learning Disorders"
http://healthcarekg.org/ontology/alzheimer_s_disease,hasSymptom,http://healthcarekg.org/ontology/huntington_disease,"Alzheimer's disease","Huntington Disease"
http://healthcarekg.org/ontology/pancreatic_cancer,treatedBy,http://healthcarekg.org/ontology/dacarbazine,"pancreatic cancer","Dacarbazine"
http://healthcarekg.org/ontology/adrenal_gland_cancer,hasSymptom,http://healthcarekg.org/ontology/cafe_au_lait_spots,"adrenal gland cancer","Cafe-au-Lait Spots"
http://healthcarekg.org/ontology/alcohol_dependence,hasSymptom,http://healthcarekg.org/ontology/neurologic_manifestations,"alcohol dependence","Neurologic Manifestations"
http://healthcarekg.org/ontology/hypertension,treatedBy,http://healthcarekg.org/ontology/nisoldipine,"hypertension","Nisoldipine"
http://healthcarekg.org/ontology/migraine,hasSymptom,http://healthcarekg.org/ontology/vision_disorders,"migraine","Vision Disorders"
http://healthcarekg.org/ontology/systemic_scleroderma,hasSymptom,http://healthcarekg.org/ontology/oliguria,"systemic scleroderma","Oliguria"
http://healthcarekg.org/ontology/pharynx_cancer,hasSymptom,http://healthcarekg.org/ontology/edema,"pharynx cancer","Edema"
http://healthcarekg.org/ontology/alzheimer_s_disease,hasSymptom,http://healthcarekg.org/ontology/urinary_incontinence_urge,"Alzheimer's disease","Urinary Incontinence, Urge"
http://healthcarekg.org/ontology/bile_duct_cancer,hasSymptom,http://healthcarekg.org/ontology/jaundice,"bile duct cancer","Jaundice"
http://healthcarekg.org/ontology/acquired_immunodeficiency_syndrome,hasSymptom,http://healthcarekg.org/ontology/aging_premature,"acquired immunodeficiency syndrome","Aging, Premature"
http://healthcarekg.org/ontology/head_and_neck_cancer,hasSymptom,http://healthcarekg.org/ontology/snoring,"head and neck cancer","Snoring"
http://healthcarekg.org/ontology/hypertension,treatedBy,http://healthcarekg.org/ontology/timolol,"hypertension","Timolol"
http://healthcarekg.org/ontology/alcohol_dependence,hasSymptom,http://healthcarekg.org/ontology/hallucinations,"alcohol dependence","Hallucinations"
http://healthcarekg.org/ontology/head_and_neck_cancer,hasSymptom,http://healthcarekg.org/ontology/neurologic_manifestations,"head and neck cancer","Neurologic Manifestations"
http://healthcarekg.org/ontology/atherosclerosis,treatedBy,http://healthcarekg.org/ontology/pravastatin,"atherosclerosis","Pravastatin"
http://healthcarekg.org/ontology/breast_cancer,hasSymptom,http://healthcarekg.org/ontology/sleep_disorders,"breast cancer","Sleep Disorders"
http://healthcarekg.org/ontology/hematologic_cancer,treatedBy,http://healthcarekg.org/ontology/lenalidomide,"hematologic cancer","Lenalidomide"
http://healthcarekg.org/ontology/ovarian_cancer,treatedBy,http://healthcarekg.org/ontology/topotecan,"ovarian cancer","Topotecan"
http://healthcarekg.org/ontology/brain_cancer,hasSymptom,http://healthcarekg.org/ontology/coma,"brain cancer","Coma"
http://healthcarekg.org/ontology/degenerative_disc_disease,hasSymptom,http://healthcarekg.org/ontology/neck_pain,"degenerative disc disease","Neck Pain"
http://healthcarekg.org/ontology/ankylosing_spondylitis,hasSymptom,http://healthcarekg.org/ontology/trismus,"ankylosing spondylitis","Trismus"
http://healthcarekg.org/ontology/acquired_immunodeficiency_syndrome,treatedBy,http://healthcarekg.org/ontology/lamivudine,"acquired immunodeficiency syndrome","Lamivudine"
http://healthcarekg.org/ontology/type_2_diabetes_mellitus,hasSymptom,http://healthcarekg.org/ontology/urinary_bladder_overactive,"type 2 diabetes mellitus","Urinary Bladder, Overactive"
http://healthcarekg.org/ontology/acquired_immunodeficiency_syndrome,hasSymptom,http://healthcarekg.org/ontology/hypergammaglobulinemia,"acquired immunodeficiency syndrome","Hypergammaglobulinemia"
http://healthcarekg.org/ontology/spinal_cancer,hasSymptom,http://healthcarekg.org/ontology/neuralgia,"spinal cancer","Neuralgia"
http://healthcarekg.org/ontology/bone_cancer,hasSymptom,http://healthcarekg.org/ontology/hearing_loss,"bone cancer","Hearing Loss"
http://healthcarekg.org/ontology/hypothyroidism,hasSymptom,http://healthcarekg.org/ontology/asthenia,"hypothyroidism","Asthenia"
http://healthcarekg.org/ontology/type_2_diabetes_mellitus,hasSymptom,http://healthcarekg.org/ontology/body_weight,"type 2 diabetes mellitus","Body Weight"
http://healthcarekg.org/ontology/kawasaki_disease,hasSymptom,http://healthcarekg.org/ontology/purpura_thrombocytopenic,"Kawasaki disease","Purpura, Thrombocytopenic"
http://healthcarekg.org/ontology/spinal_cancer,hasSymptom,http://healthcarekg.org/ontology/paraparesis,"spinal cancer","Paraparesis"
http://healthcarekg.org/ontology/mediastinal_cancer,hasSymptom,http://healthcarekg.org/ontology/paraparesis,"mediastinal cancer","Paraparesis"
http://healthcarekg.org/ontology/muscle_cancer,hasSymptom,http://healthcarekg.org/ontology/trismus,"muscle cancer","Trismus"
http://healthcarekg.org/ontology/pancreatic_cancer,hasSymptom,http://healthcarekg.org/ontology/neurologic_manifestations,"pancreatic cancer","Neurologic Manifestations"
http://healthcarekg.org/ontology/skin_cancer,treatedBy,http://healthcarekg.org/ontology/dacarbazine,"skin cancer","Dacarbazine"
http://healthcarekg.org/ontology/brain_cancer,hasSymptom,http://healthcarekg.org/ontology/consciousness_disorders,"brain cancer","Consciousness Disorders"
http://healthcarekg.org/ontology/amyotrophic_lateral_sclerosis,hasSymptom,http://healthcarekg.org/ontology/hypercapnia,"amyotrophic lateral sclerosis","Hypercapnia"
http://healthcarekg.org/ontology/age_related_macular_degeneration,hasSymptom,http://healthcarekg.org/ontology/night_blindness,"age related macular degeneration","Night Blindness"
http://healthcarekg.org/ontology/thyroid_cancer,hasSymptom,http://healthcarekg.org/ontology/hoarseness,"thyroid cancer","Hoarseness"
http://healthcarekg.org/ontology/psoriasis,treatedBy,http://healthcarekg.org/ontology/clobetasol_propionate,"psoriasis","Clobetasol propionate"
http://healthcarekg.org/ontology/peripheral_nervous_system_neoplasm,hasSymptom,http://healthcarekg.org/ontology/cafe_au_lait_spots,"peripheral nervous system neoplasm","Cafe-au-Lait Spots"
http://healthcarekg.org/ontology/hematologic_cancer,treatedBy,http://healthcarekg.org/ontology/methoxsalen,"hematologic cancer","Methoxsalen"
http://healthcarekg.org/ontology/bone_cancer,treatedBy,http://healthcarekg.org/ontology/epirubicin,"bone cancer","Epirubicin"
http://healthcarekg.org/ontology/brain_cancer,hasSymptom,http://healthcarekg.org/ontology/amnesia_retrograde,"brain cancer","Amnesia, Retrograde"
http://healthcarekg.org/ontology/osteoporosis,treatedBy,http://healthcarekg.org/ontology/zoledronate,"osteoporosis","Zoledronate"
http://healthcarekg.org/ontology/refractive_error,hasSymptom,http://healthcarekg.org/ontology/spasm,"refractive error","Spasm"
http://healthcarekg.org/ontology/pharynx_cancer,hasSymptom,http://healthcarekg.org/ontology/facial_paralysis,"pharynx cancer","Facial Paralysis"
http://healthcarekg.org/ontology/larynx_cancer,hasSymptom,http://healthcarekg.org/ontology/voice_disorders,"larynx cancer","Voice Disorders"
http://healthcarekg.org/ontology/hypothyroidism,hasSymptom,http://healthcarekg.org/ontology/fatigue,"hypothyroidism","Fatigue"
http://healthcarekg.org/ontology/malaria,hasSymptom,http://healthcarekg.org/ontology/vomiting,"malaria","Vomiting"
http://healthcarekg.org/ontology/hypertension,treatedBy,http://healthcarekg.org/ontology/eplerenone,"hypertension","Eplerenone"
http://healthcarekg.org/ontology/glaucoma,hasSymptom,http://healthcarekg.org/ontology/pallor,"glaucoma","Pallor"
http://healthcarekg.org/ontology/osteoporosis,hasSymptom,http://healthcarekg.org/ontology/arthralgia,"osteoporosis","Arthralgia"
http://healthcarekg.org/ontology/stomach_cancer,hasSymptom,http://healthcarekg.org/ontology/purpura_thrombocytopenic_idiopathic,"stomach cancer","Purpura, Thrombocytopenic, Idiopathic"
http://healthcarekg.org/ontology/peritoneum_cancer,hasSymptom,http://healthcarekg.org/ontology/colic,"peritoneum cancer","Colic"
http://healthcarekg.org/ontology/gilles_de_la_tourette_syndrome,hasSymptom,http://healthcarekg.org/ontology/lesch_nyhan_syndrome,"Gilles de la Tourette syndrome","Lesch-Nyhan Syndrome"
http://healthcarekg.org/ontology/sarcoma,treatedBy,http://healthcarekg.org/ontology/epirubicin,"sarcoma","Epirubicin"
http://healthcarekg.org/ontology/multiple_sclerosis,treatedBy,http://healthcarekg.org/ontology/mitoxantrone,"multiple sclerosis","Mitoxantrone"
http://healthcarekg.org/ontology/pancreatitis,hasSymptom,http://healthcarekg.org/ontology/hypothermia,"pancreatitis","Hypothermia"
http://healthcarekg.org/ontology/malignant_glioma,hasSymptom,http://healthcarekg.org/ontology/apraxias,"malignant glioma","Apraxias"
http://healthcarekg.org/ontology/alcohol_dependence,hasSymptom,http://healthcarekg.org/ontology/body_weight,"alcohol dependence","Body Weight"
http://healthcarekg.org/ontology/migraine,hasSymptom,http://healthcarekg.org/ontology/sleep_wake_transition_disorders,"migraine","Sleep-Wake Transition Disorders"
http://healthcarekg.org/ontology/alzheimer_s_disease,hasSymptom,http://healthcarekg.org/ontology/paraparesis_spastic,"Alzheimer's disease","Paraparesis, Spastic"
http://healthcarekg.org/ontology/bone_cancer,hasSymptom,http://healthcarekg.org/ontology/phantom_limb,"bone cancer","Phantom Limb"
http://healthcarekg.org/ontology/muscle_cancer,hasSymptom,http://healthcarekg.org/ontology/anoxia,"muscle cancer","Anoxia"
http://healthcarekg.org/ontology/hematologic_cancer,treatedBy,http://healthcarekg.org/ontology/ruxolitinib,"hematologic cancer","Ruxolitinib"
http://healthcarekg.org/ontology/testicular_cancer,hasSymptom,http://healthcarekg.org/ontology/cachexia,"testicular cancer","Cachexia"
http://healthcarekg.org/ontology/germ_cell_cancer,hasSymptom,http://healthcarekg.org/ontology/hearing_disorders,"germ cell cancer","Hearing Disorders"
http://healthcarekg.org/ontology/lung_cancer,hasSymptom,http://healthcarekg.org/ontology/opsoclonus_myoclonus_syndrome,"lung cancer","Opsoclonus-Myoclonus Syndrome"
http://healthcarekg.org/ontology/hypothyroidism,hasSymptom,http://healthcarekg.org/ontology/williams_syndrome,"hypothyroidism","Williams Syndrome"
http://healthcarekg.org/ontology/idiopathic_pulmonary_fibrosis,hasSymptom,http://healthcarekg.org/ontology/sleep_apnea_syndromes,"idiopathic pulmonary fibrosis","Sleep Apnea Syndromes"
http://healthcarekg.org/ontology/acquired_immunodeficiency_syndrome,hasSymptom,http://healthcarekg.org/ontology/cough,"acquired immunodeficiency syndrome","Cough"
http://healthcarekg.org/ontology/obesity,hasSymptom,http://healthcarekg.org/ontology/sleep_apnea_obstructive,"Obesity","Sleep Apnea, Obstructive"
http://healthcarekg.org/ontology/brain_cancer,hasSymptom,http://healthcarekg.org/ontology/anomia,"brain cancer","Anomia"
http://healthcarekg.org/ontology/kidney_cancer,hasSymptom,http://healthcarekg.org/ontology/abdomen_acute,"kidney cancer","Abdomen, Acute"
http://healthcarekg.org/ontology/uterine_cancer,hasSymptom,http://healthcarekg.org/ontology/abdominal_pain,"uterine cancer","Abdominal Pain"
http://healthcarekg.org/ontology/narcolepsy,hasSymptom,http://healthcarekg.org/ontology/sleep_apnea_obstructive,"Narcolepsy","Sleep Apnea, Obstructive"
http://healthcarekg.org/ontology/kidney_cancer,hasSymptom,http://healthcarekg.org/ontology/proteinuria,"kidney cancer","Proteinuria"
http://healthcarekg.org/ontology/schizophrenia,hasSymptom,http://healthcarekg.org/ontology/language_disorders,"schizophrenia","Language Disorders"
http://healthcarekg.org/ontology/asthma,treatedBy,http://healthcarekg.org/ontology/dexamethasone,"asthma","Dexamethasone"
http://healthcarekg.org/ontology/liver_cancer,hasSymptom,http://healthcarekg.org/ontology/fever,"liver cancer","Fever"
http://healthcarekg.org/ontology/jejunal_cancer,hasSymptom,http://healthcarekg.org/ontology/colic,"jejunal cancer","Colic"
http://healthcarekg.org/ontology/sarcoma,hasSymptom,http://healthcarekg.org/ontology/phantom_limb,"sarcoma","Phantom Limb"
http://healthcarekg.org/ontology/hypertension,hasSymptom,http://healthcarekg.org/ontology/decerebrate_state,"hypertension","Decerebrate State"
http://healthcarekg.org/ontology/head_and_neck_cancer,hasSymptom,http://healthcarekg.org/ontology/cerebrospinal_fluid_otorrhea,"head and neck cancer","Cerebrospinal Fluid Otorrhea"
http://healthcarekg.org/ontology/germ_cell_cancer,hasSymptom,http://healthcarekg.org/ontology/dysphonia,"germ cell cancer","Dysphonia"
http://healthcarekg.org/ontology/systemic_scleroderma,hasSymptom,http://healthcarekg.org/ontology/fatigue,"systemic scleroderma","Fatigue"
http://healthcarekg.org/ontology/muscle_cancer,treatedBy,http://healthcarekg.org/ontology/doxorubicin,"muscle cancer","Doxorubicin"
http://healthcarekg.org/ontology/schizophrenia,hasSymptom,http://healthcarekg.org/ontology/huntington_disease,"schizophrenia","Huntington Disease"
http://healthcarekg.org/ontology/malaria,hasSymptom,http://healthcarekg.org/ontology/pruritus,"malaria","Pruritus"
http://healthcarekg.org/ontology/alcohol_dependence,hasSymptom,http://healthcarekg.org/ontology/alcohol_amnestic_disorder,"alcohol dependence","Alcohol Amnestic Disorder"
http://healthcarekg.org/ontology/brain_cancer,hasSymptom,http://healthcarekg.org/ontology/hearing_loss_sudden,"brain cancer","Hearing Loss, Sudden"
http://healthcarekg.org/ontology/parkinson_s_disease,hasSymptom,http://healthcarekg.org/ontology/illusions,"Parkinson's disease","Illusions"
http://healthcarekg.org/ontology/prostate_cancer,hasSymptom,http://healthcarekg.org/ontology/prostatism,"prostate cancer","Prostatism"
http://healthcarekg.org/ontology/colon_cancer,hasSymptom,http://healthcarekg.org/ontology/diarrhea,"colon cancer","Diarrhea"
http://healthcarekg.org/ontology/endogenous_depression,hasSymptom,http://healthcarekg.org/ontology/psychomotor_agitation,"endogenous depression","Psychomotor Agitation"
http://healthcarekg.org/ontology/dilated_cardiomyopathy,hasSymptom,http://healthcarekg.org/ontology/heart_murmurs,"dilated cardiomyopathy","Heart Murmurs"
http://healthcarekg.org/ontology/ulcerative_colitis,treatedBy,http://healthcarekg.org/ontology/nicotine,"ulcerative colitis","Nicotine"
http://healthcarekg.org/ontology/refractive_error,hasSymptom,http://healthcarekg.org/ontology/diplopia,"refractive error","Diplopia"
http://healthcarekg.org/ontology/osteoporosis,hasSymptom,http://healthcarekg.org/ontology/edema,"osteoporosis","Edema"
http://healthcarekg.org/ontology/hematologic_cancer,treatedBy,http://healthcarekg.org/ontology/methotrexate,"hematologic cancer","Methotrexate"
http://healthcarekg.org/ontology/head_and_neck_cancer,hasSymptom,http://healthcarekg.org/ontology/pain_postoperative,"head and neck cancer","Pain, Postoperative"
http://healthcarekg.org/ontology/malignant_glioma,hasSymptom,http://healthcarekg.org/ontology/neck_pain,"malignant glioma","Neck Pain"
http://healthcarekg.org/ontology/type_2_diabetes_mellitus,hasSymptom,http://healthcarekg.org/ontology/flushing,"type 2 diabetes mellitus","Flushing"
http://healthcarekg.org/ontology/breast_cancer,treatedBy,http://healthcarekg.org/ontology/gemcitabine,"breast cancer","Gemcitabine"
http://healthcarekg.org/ontology/brain_cancer,hasSymptom,http://healthcarekg.org/ontology/aphasia,"brain cancer","Aphasia"
http://healthcarekg.org/ontology/hypertension,hasSymptom,http://healthcarekg.org/ontology/psychophysiologic_disorders,"hypertension","Psychophysiologic Disorders"
http://healthcarekg.org/ontology/dilated_cardiomyopathy,hasSymptom,http://healthcarekg.org/ontology/muscle_hypotonia,"dilated cardiomyopathy","Muscle Hypotonia"
http://healthcarekg.org/ontology/atopic_dermatitis,treatedBy,http://healthcarekg.org/ontology/loratadine,"atopic dermatitis","Loratadine"
http://healthcarekg.org/ontology/ocular_cancer,hasSymptom,http://healthcarekg.org/ontology/hearing_loss,"ocular cancer","Hearing Loss"
http://healthcarekg.org/ontology/pancreatic_cancer,treatedBy,http://healthcarekg.org/ontology/fluorouracil,"pancreatic cancer","Fluorouracil"
http://healthcarekg.org/ontology/dilated_cardiomyopathy,hasSymptom,http://healthcarekg.org/ontology/cheyne_stokes_respiration,"dilated cardiomyopathy","Cheyne-Stokes Respiration"
http://healthcarekg.org/ontology/rheumatoid_arthritis,hasSymptom,http://healthcarekg.org/ontology/chorea,"rheumatoid arthritis","Chorea"
http://healthcarekg.org/ontology/peripheral_nervous_system_neoplasm,hasSymptom,http://healthcarekg.org/ontology/tinnitus,"peripheral nervous system neoplasm","Tinnitus"
http://healthcarekg.org/ontology/muscle_cancer,hasSymptom,http://healthcarekg.org/ontology/muscle_weakness,"muscle cancer","Muscle Weakness"
http://healthcarekg.org/ontology/ulcerative_colitis,hasSymptom,http://healthcarekg.org/ontology/abdomen_acute,"ulcerative colitis","Abdomen, Acute"
http://healthcarekg.org/ontology/asthma,hasSymptom,http://healthcarekg.org/ontology/hoarseness,"asthma","Hoarseness"
http://healthcarekg.org/ontology/pancreatic_cancer,hasSymptom,http://healthcarekg.org/ontology/pain_postoperative,"pancreatic cancer","Pain, Postoperative"
http://healthcarekg.org/ontology/anemia,hasSymptom,http://healthcarekg.org/ontology/oral_manifestations,"anemia","Oral Manifestations"
http://healthcarekg.org/ontology/type_2_diabetes_mellitus,hasSymptom,http://healthcarekg.org/ontology/obesity_abdominal,"type 2 diabetes mellitus","Obesity, Abdominal"
http://healthcarekg.org/ontology/thymus_cancer,hasSymptom,http://healthcarekg.org/ontology/respiratory_paralysis,"thymus cancer","Respiratory Paralysis"
http://healthcarekg.org/ontology/asthma,treatedBy,http://healthcarekg.org/ontology/betamethasone,"asthma","Betamethasone"
http://healthcarekg.org/ontology/esophageal_cancer,hasSymptom,http://healthcarekg.org/ontology/nausea,"esophageal cancer","Nausea"
http://healthcarekg.org/ontology/alcohol_dependence,hasSymptom,http://healthcarekg.org/ontology/amnesia,"alcohol dependence","Amnesia"
http://healthcarekg.org/ontology/epilepsy_syndrome,hasSymptom,http://healthcarekg.org/ontology/psychophysiologic_disorders,"epilepsy syndrome","Psychophysiologic Disorders"
http://healthcarekg.org/ontology/chronic_obstructive_pulmonary_disease,hasSymptom,http://healthcarekg.org/ontology/muscular_atrophy,"chronic obstructive pulmonary disease","Muscular Atrophy"
http://healthcarekg.org/ontology/epilepsy_syndrome,hasSymptom,http://healthcarekg.org/ontology/sleep_arousal_disorders,"epilepsy syndrome","Sleep Arousal Disorders"
http://healthcarekg.org/ontology/ovarian_cancer,treatedBy,http://healthcarekg.org/ontology/doxorubicin,"ovarian cancer","Doxorubicin"
http://healthcarekg.org/ontology/malignant_glioma,hasSymptom,http://healthcarekg.org/ontology/dyslexia_acquired,"malignant glioma","Dyslexia, Acquired"
http://healthcarekg.org/ontology/nicotine_dependence,hasSymptom,http://healthcarekg.org/ontology/body_weight,"nicotine dependence","Body Weight"
http://healthcarekg.org/ontology/acquired_immunodeficiency_syndrome,hasSymptom,http://healthcarekg.org/ontology/facial_paralysis,"acquired immunodeficiency syndrome","Facial Paralysis"
http://healthcarekg.org/ontology/sarcoma,hasSymptom,http://healthcarekg.org/ontology/chest_pain,"sarcoma","Chest Pain"
http://healthcarekg.org/ontology/multiple_sclerosis,hasSymptom,http://healthcarekg.org/ontology/apraxias,"multiple sclerosis","Apraxias"
http://healthcarekg.org/ontology/migraine,treatedBy,http://healthcarekg.org/ontology/verapamil,"migraine","Verapamil"
http://healthcarekg.org/ontology/atherosclerosis,hasSymptom,http://healthcarekg.org/ontology/acute_coronary_syndrome,"atherosclerosis","Acute Coronary Syndrome"
http://healthcarekg.org/ontology/meningioma,hasSymptom,http://healthcarekg.org/ontology/dyslexia_acquired,"meningioma","Dyslexia, Acquired"
http://healthcarekg.org/ontology/crohn_s_disease,hasSymptom,http://healthcarekg.org/ontology/abdomen_acute,"Crohn's disease","Abdomen, Acute"
http://healthcarekg.org/ontology/gout,hasSymptom,http://healthcarekg.org/ontology/back_pain,"gout","Back Pain"
http://healthcarekg.org/ontology/gestational_diabetes,hasSymptom,http://healthcarekg.org/ontology/fetal_weight,"gestational diabetes","Fetal Weight"
http://healthcarekg.org/ontology/bipolar_disorder,hasSymptom,http://healthcarekg.org/ontology/cerebellar_ataxia,"bipolar disorder","Cerebellar Ataxia"
http://healthcarekg.org/ontology/skin_cancer,treatedBy,http://healthcarekg.org/ontology/fluorouracil,"skin cancer","Fluorouracil"
http://healthcarekg.org/ontology/head_and_neck_cancer,hasSymptom,http://healthcarekg.org/ontology/edema,"head and neck cancer","Edema"
http://healthcarekg.org/ontology/alcohol_dependence,hasSymptom,http://healthcarekg.org/ontology/flushing,"alcohol dependence","Flushing"
http://healthcarekg.org/ontology/lymphatic_system_cancer,treatedBy,http://healthcarekg.org/ontology/carmustine,"lymphatic system cancer","Carmustine"
http://healthcarekg.org/ontology/gilles_de_la_tourette_syndrome,hasSymptom,http://healthcarekg.org/ontology/psychophysiologic_disorders,"Gilles de la Tourette syndrome","Psychophysiologic Disorders"
http://healthcarekg.org/ontology/pancreatitis,hasSymptom,http://healthcarekg.org/ontology/abdomen_acute,"pancreatitis","Abdomen, Acute"
http://healthcarekg.org/ontology/parkinson_s_disease,hasSymptom,http://healthcarekg.org/ontology/urinary_incontinence,"Parkinson's disease","Urinary Incontinence"
http://healthcarekg.org/ontology/cervical_cancer,hasSymptom,http://healthcarekg.org/ontology/anorexia,"cervical cancer","Anorexia"
http://healthcarekg.org/ontology/kidney_cancer,treatedBy,http://healthcarekg.org/ontology/vincristine,"kidney cancer","Vincristine"
http://healthcarekg.org/ontology/graves_disease,hasSymptom,http://healthcarekg.org/ontology/down_syndrome,"Graves' disease","Down Syndrome"
http://healthcarekg.org/ontology/systemic_lupus_erythematosus,hasSymptom,http://healthcarekg.org/ontology/purpura_thrombocytopenic_idiopathic,"systemic lupus erythematosus","Purpura, Thrombocytopenic, Idiopathic"
http://healthcarekg.org/ontology/sclerosing_cholangitis,hasSymptom,http://healthcarekg.org/ontology/abdominal_pain,"sclerosing cholangitis","Abdominal Pain"
http://healthcarekg.org/ontology/anemia,hasSymptom,http://healthcarekg.org/ontology/alkalosis_respiratory,"anemia","Alkalosis, Respiratory"
http://healthcarekg.org/ontology/ankylosing_spondylitis,hasSymptom,http://healthcarekg.org/ontology/mobility_limitation,"ankylosing spondylitis","Mobility Limitation"
http://healthcarekg.org/ontology/head_and_neck_cancer,hasSymptom,http://healthcarekg.org/ontology/flushing,"head and neck cancer","Flushing"
http://healthcarekg.org/ontology/kawasaki_disease,hasSymptom,http://healthcarekg.org/ontology/facial_paralysis,"Kawasaki disease","Facial Paralysis"
http://healthcarekg.org/ontology/ocular_cancer,treatedBy,http://healthcarekg.org/ontology/carboplatin,"ocular cancer","Carboplatin"
http://healthcarekg.org/ontology/migraine,hasSymptom,http://healthcarekg.org/ontology/pain,"migraine","Pain"
http://healthcarekg.org/ontology/attention_deficit_hyperactivity_disorder,hasSymptom,http://healthcarekg.org/ontology/speech_disorders,"attention deficit hyperactivity disorder","Speech Disorders"
http://healthcarekg.org/ontology/metabolic_syndrome_x,hasSymptom,http://healthcarekg.org/ontology/ideal_body_weight,"metabolic syndrome X","Ideal Body Weight"
http://healthcarekg.org/ontology/anemia,hasSymptom,http://healthcarekg.org/ontology/fatigue,"anemia","Fatigue"
http://healthcarekg.org/ontology/thoracic_aortic_aneurysm,hasSymptom,http://healthcarekg.org/ontology/brown_sequard_syndrome,"thoracic aortic aneurysm","Brown-Sequard Syndrome"
http://healthcarekg.org/ontology/sclerosing_cholangitis,hasSymptom,http://healthcarekg.org/ontology/fatigue,"sclerosing cholangitis","Fatigue"
http://healthcarekg.org/ontology/multiple_sclerosis,hasSymptom,http://healthcarekg.org/ontology/perceptual_disorders,"multiple sclerosis","Perceptual Disorders"
http://healthcarekg.org/ontology/atopic_dermatitis,treatedBy,http://healthcarekg.org/ontology/methylprednisolone,"atopic dermatitis","Methylprednisolone"
http://healthcarekg.org/ontology/germ_cell_cancer,hasSymptom,http://healthcarekg.org/ontology/nausea,"germ cell cancer","Nausea"
http://healthcarekg.org/ontology/spinal_cancer,hasSymptom,http://healthcarekg.org/ontology/muscle_weakness,"spinal cancer","Muscle Weakness"
http://healthcarekg.org/ontology/brain_cancer,hasSymptom,http://healthcarekg.org/ontology/cerebellar_ataxia,"brain cancer","Cerebellar Ataxia"
http://healthcarekg.org/ontology/uterine_cancer,hasSymptom,http://healthcarekg.org/ontology/hot_flashes,"uterine cancer","Hot Flashes"
http://healthcarekg.org/ontology/pharynx_cancer,hasSymptom,http://healthcarekg.org/ontology/earache,"pharynx cancer","Earache"
http://healthcarekg.org/ontology/malignant_glioma,hasSymptom,http://healthcarekg.org/ontology/blindness,"malignant glioma","Blindness"
http://healthcarekg.org/ontology/chronic_kidney_failure,hasSymptom,http://healthcarekg.org/ontology/hearing_loss_high_frequency,"chronic kidney failure","Hearing Loss, High-Frequency"
http://healthcarekg.org/ontology/bipolar_disorder,hasSymptom,http://healthcarekg.org/ontology/sleep_initiation_and_maintenance_disorders,"bipolar disorder","Sleep Initiation and Maintenance Disorders"
http://healthcarekg.org/ontology/esophageal_cancer,hasSymptom,http://healthcarekg.org/ontology/gastroparesis,"esophageal cancer","Gastroparesis"
http://healthcarekg.org/ontology/endogenous_depression,hasSymptom,http://healthcarekg.org/ontology/pelvic_pain,"endogenous depression","Pelvic Pain"
http://healthcarekg.org/ontology/duodenum_cancer,hasSymptom,http://healthcarekg.org/ontology/nausea,"duodenum cancer","Nausea"
http://healthcarekg.org/ontology/bone_cancer,hasSymptom,http://healthcarekg.org/ontology/cafe_au_lait_spots,"bone cancer","Cafe-au-Lait Spots"
http://healthcarekg.org/ontology/malignant_glioma,hasSymptom,http://healthcarekg.org/ontology/seizures,"malignant glioma","Seizures"
http://healthcarekg.org/ontology/multiple_sclerosis,hasSymptom,http://healthcarekg.org/ontology/dyslexia_acquired,"multiple sclerosis","Dyslexia, Acquired"
http://healthcarekg.org/ontology/uterine_cancer,treatedBy,http://healthcarekg.org/ontology/progesterone,"uterine cancer","Progesterone"
http://healthcarekg.org/ontology/glaucoma,treatedBy,http://healthcarekg.org/ontology/pilocarpine,"glaucoma","Pilocarpine"
http://healthcarekg.org/ontology/chronic_kidney_failure,hasSymptom,http://healthcarekg.org/ontology/pruritus,"chronic kidney failure","Pruritus"
http://healthcarekg.org/ontology/multiple_sclerosis,hasSymptom,http://healthcarekg.org/ontology/athetosis,"multiple sclerosis","Athetosis"
http://healthcarekg.org/ontology/graves_disease,hasSymptom,http://healthcarekg.org/ontology/hypesthesia,"Graves' disease","Hypesthesia"
http://healthcarekg.org/ontology/schizophrenia,hasSymptom,http://healthcarekg.org/ontology/confusion,"schizophrenia","Confusion"
http://healthcarekg.org/ontology/type_2_diabetes_mellitus,treatedBy,http://healthcarekg.org/ontology/ramipril,"type 2 diabetes mellitus","Ramipril"
http://healthcarekg.org/ontology/uterine_cancer,hasSymptom,http://healthcarekg.org/ontology/anorexia,"uterine cancer","Anorexia"
http://healthcarekg.org/ontology/uterine_fibroid,hasSymptom,http://healthcarekg.org/ontology/pain,"uterine fibroid","Pain"
http://healthcarekg.org/ontology/parkinson_s_disease,hasSymptom,http://healthcarekg.org/ontology/olfaction_disorders,"Parkinson's disease","Olfaction Disorders"
http://healthcarekg.org/ontology/cleft_lip,hasSymptom,http://healthcarekg.org/ontology/speech_disorders,"cleft lip","Speech Disorders"
http://healthcarekg.org/ontology/otosclerosis,hasSymptom,http://healthcarekg.org/ontology/mucopolysaccharidosis_ii,"otosclerosis","Mucopolysaccharidosis II"
http://healthcarekg.org/ontology/malignant_glioma,hasSymptom,http://healthcarekg.org/ontology/amnesia_anterograde,"malignant glioma","Amnesia, Anterograde"
http://healthcarekg.org/ontology/hypertension,hasSymptom,http://healthcarekg.org/ontology/dizziness,"hypertension","Dizziness"
http://healthcarekg.org/ontology/sarcoma,treatedBy,http://healthcarekg.org/ontology/vincristine,"sarcoma","Vincristine"
http://healthcarekg.org/ontology/asthma,treatedBy,http://healthcarekg.org/ontology/indacaterol,"asthma","Indacaterol"
http://healthcarekg.org/ontology/pharynx_cancer,hasSymptom,http://healthcarekg.org/ontology/eye_manifestations,"pharynx cancer","Eye Manifestations"
http://healthcarekg.org/ontology/alzheimer_s_disease,treatedBy,http://healthcarekg.org/ontology/rivastigmine,"Alzheimer's disease","Rivastigmine"
http://healthcarekg.org/ontology/cervical_cancer,hasSymptom,http://healthcarekg.org/ontology/pain_postoperative,"cervical cancer","Pain, Postoperative"
http://healthcarekg.org/ontology/rheumatoid_arthritis,hasSymptom,http://healthcarekg.org/ontology/fatigue,"rheumatoid arthritis","Fatigue"
http://healthcarekg.org/ontology/dental_caries,hasSymptom,http://healthcarekg.org/ontology/halitosis,"dental caries","Halitosis"
http://healthcarekg.org/ontology/alzheimer_s_disease,hasSymptom,http://healthcarekg.org/ontology/amnesia_retrograde,"Alzheimer's disease","Amnesia, Retrograde"
http://healthcarekg.org/ontology/peritoneum_cancer,hasSymptom,http://healthcarekg.org/ontology/fever,"peritoneum cancer","Fever"
http://healthcarekg.org/ontology/malaria,hasSymptom,http://healthcarekg.org/ontology/purpura_fulminans,"malaria","Purpura Fulminans"
http://healthcarekg.org/ontology/endogenous_depression,hasSymptom,http://healthcarekg.org/ontology/psychomotor_disorders,"endogenous depression","Psychomotor Disorders"
http://healthcarekg.org/ontology/hematologic_cancer,treatedBy,http://healthcarekg.org/ontology/dacarbazine,"hematologic cancer","Dacarbazine"
http://healthcarekg.org/ontology/intracranial_aneurysm,hasSymptom,http://healthcarekg.org/ontology/brain_death,"intracranial aneurysm","Brain Death"
http://healthcarekg.org/ontology/parkinson_s_disease,hasSymptom,http://healthcarekg.org/ontology/rem_sleep_behavior_disorder,"Parkinson's disease","REM Sleep Behavior Disorder"
http://healthcarekg.org/ontology/psoriasis,treatedBy,http://healthcarekg.org/ontology/calcitriol,"psoriasis","Calcitriol"
http://healthcarekg.org/ontology/obesity,hasSymptom,http://healthcarekg.org/ontology/body_weight,"Obesity","Body Weight"
http://healthcarekg.org/ontology/hematologic_cancer,treatedBy,http://healthcarekg.org/ontology/ifosfamide,"hematologic cancer","Ifosfamide"
http://healthcarekg.org/ontology/asthma,treatedBy,http://healthcarekg.org/ontology/formoterol,"asthma","Formoterol"
http://healthcarekg.org/ontology/esophageal_cancer,hasSymptom,http://healthcarekg.org/ontology/aphasia,"esophageal cancer","Aphasia"
http://healthcarekg.org/ontology/endogenous_depression,hasSymptom,http://healthcarekg.org/ontology/stupor,"endogenous depression","Stupor"
http://healthcarekg.org/ontology/acquired_immunodeficiency_syndrome,treatedBy,http://healthcarekg.org/ontology/lopinavir,"acquired immunodeficiency syndrome","Lopinavir"
http://healthcarekg.org/ontology/germ_cell_cancer,hasSymptom,http://healthcarekg.org/ontology/diplopia,"germ cell cancer","Diplopia"
http://healthcarekg.org/ontology/restless_legs_syndrome,hasSymptom,http://healthcarekg.org/ontology/sleep_initiation_and_maintenance_disorders,"Restless Legs Syndrome","Sleep Initiation and Maintenance Disorders"
http://healthcarekg.org/ontology/malignant_glioma,hasSymptom,http://healthcarekg.org/ontology/neurologic_manifestations,"malignant glioma","Neurologic Manifestations"
http://healthcarekg.org/ontology/degenerative_disc_disease,hasSymptom,http://healthcarekg.org/ontology/pain_postoperative,"degenerative disc disease","Pain, Postoperative"
http://healthcarekg.org/ontology/bone_cancer,hasSymptom,http://healthcarekg.org/ontology/speech_disorders,"bone cancer","Speech Disorders"
http://healthcarekg.org/ontology/germ_cell_cancer,hasSymptom,http://healthcarekg.org/ontology/sleep_apnea_central,"germ cell cancer","Sleep Apnea, Central"
http://healthcarekg.org/ontology/bipolar_disorder,hasSymptom,http://healthcarekg.org/ontology/bulimia,"bipolar disorder","Bulimia"
http://healthcarekg.org/ontology/breast_cancer,treatedBy,http://healthcarekg.org/ontology/ixabepilone,"breast cancer","Ixabepilone"
http://healthcarekg.org/ontology/hypertension,treatedBy,http://healthcarekg.org/ontology/moexipril,"hypertension","Moexipril"
http://healthcarekg.org/ontology/autistic_disorder,hasSymptom,http://healthcarekg.org/ontology/psychomotor_agitation,"autistic disorder","Psychomotor Agitation"
http://healthcarekg.org/ontology/alzheimer_s_disease,hasSymptom,http://healthcarekg.org/ontology/anomia,"Alzheimer's disease","Anomia"
http://healthcarekg.org/ontology/chronic_obstructive_pulmonary_disease,treatedBy,http://healthcarekg.org/ontology/aminophylline,"chronic obstructive pulmonary disease","Aminophylline"
http://healthcarekg.org/ontology/abdominal_aortic_aneurysm,hasSymptom,http://healthcarekg.org/ontology/livedo_reticularis,"abdominal aortic aneurysm","Livedo Reticularis"
http://healthcarekg.org/ontology/abdominal_aortic_aneurysm,hasSymptom,http://healthcarekg.org/ontology/cardiac_output_low,"abdominal aortic aneurysm","Cardiac Output, Low"
http://healthcarekg.org/ontology/psoriatic_arthritis,treatedBy,http://healthcarekg.org/ontology/methotrexate,"psoriatic arthritis","Methotrexate"
http://healthcarekg.org/ontology/epilepsy_syndrome,hasSymptom,http://healthcarekg.org/ontology/nocturnal_paroxysmal_dystonia,"epilepsy syndrome","Nocturnal Paroxysmal Dystonia"
http://healthcarekg.org/ontology/brain_cancer,hasSymptom,http://healthcarekg.org/ontology/hearing_loss,"brain cancer","Hearing Loss"
http://healthcarekg.org/ontology/hematologic_cancer,treatedBy,http://healthcarekg.org/ontology/mercaptopurine,"hematologic cancer","Mercaptopurine"
http://healthcarekg.org/ontology/osteoarthritis,hasSymptom,http://healthcarekg.org/ontology/sciatica,"osteoarthritis","Sciatica"
http://healthcarekg.org/ontology/peripheral_nervous_system_neoplasm,hasSymptom,http://healthcarekg.org/ontology/facial_paralysis,"peripheral nervous system neoplasm","Facial Paralysis"
http://healthcarekg.org/ontology/refractive_error,hasSymptom,http://healthcarekg.org/ontology/eye_pain,"refractive error","Eye Pain"
http://healthcarekg.org/ontology/brain_cancer,hasSymptom,http://healthcarekg.org/ontology/gerstmann_syndrome,"brain cancer","Gerstmann Syndrome"
http://healthcarekg.org/ontology/fallopian_tube_cancer,hasSymptom,http://healthcarekg.org/ontology/urinary_incontinence,"fallopian tube cancer","Urinary Incontinence"
http://healthcarekg.org/ontology/epilepsy_syndrome,hasSymptom,http://healthcarekg.org/ontology/tetany,"epilepsy syndrome","Tetany"
http://healthcarekg.org/ontology/malignant_mesothelioma,hasSymptom,http://healthcarekg.org/ontology/weight_loss,"malignant mesothelioma","Weight Loss"
http://healthcarekg.org/ontology/amyotrophic_lateral_sclerosis,hasSymptom,http://healthcarekg.org/ontology/myokymia,"amyotrophic lateral sclerosis","Myokymia"
http://healthcarekg.org/ontology/glaucoma,treatedBy,http://healthcarekg.org/ontology/betaxolol,"glaucoma","Betaxolol"
http://healthcarekg.org/ontology/psoriatic_arthritis,treatedBy,http://healthcarekg.org/ontology/triamcinolone,"psoriatic arthritis","Triamcinolone"
http://healthcarekg.org/ontology/prostate_cancer,hasSymptom,http://healthcarekg.org/ontology/fatigue,"prostate cancer","Fatigue"
http://healthcarekg.org/ontology/coronary_artery_disease,hasSymptom,http://healthcarekg.org/ontology/acute_pain,"coronary artery disease","Acute Pain"
http://healthcarekg.org/ontology/autistic_disorder,hasSymptom,http://healthcarekg.org/ontology/hyperacusis,"autistic disorder","Hyperacusis"
http://healthcarekg.org/ontology/bipolar_disorder,hasSymptom,http://healthcarekg.org/ontology/dystonia,"bipolar disorder","Dystonia"
http://healthcarekg.org/ontology/kidney_cancer,treatedBy,http://healthcarekg.org/ontology/temsirolimus,"kidney cancer","Temsirolimus"
http://healthcarekg.org/ontology/bone_cancer,hasSymptom,http://healthcarekg.org/ontology/tinnitus,"bone cancer","Tinnitus"
http://healthcarekg.org/ontology/psoriatic_arthritis,hasSymptom,http://healthcarekg.org/ontology/neck_pain,"psoriatic arthritis","Neck Pain"
http://healthcarekg.org/ontology/malignant_glioma,hasSymptom,http://healthcarekg.org/ontology/paraplegia,"malignant glioma","Paraplegia"
http://healthcarekg.org/ontology/refractive_error,hasSymptom,http://healthcarekg.org/ontology/muscle_hypotonia,"refractive error","Muscle Hypotonia"
http://healthcarekg.org/ontology/endogenous_depression,hasSymptom,http://healthcarekg.org/ontology/prodromal_symptoms,"endogenous depression","Prodromal Symptoms"
http://healthcarekg.org/ontology/ulcerative_colitis,hasSymptom,http://healthcarekg.org/ontology/purpura_thrombocytopenic,"ulcerative colitis","Purpura, Thrombocytopenic"
http://healthcarekg.org/ontology/primary_biliary_cirrhosis,hasSymptom,http://healthcarekg.org/ontology/pruritus,"primary biliary cirrhosis","Pruritus"
http://healthcarekg.org/ontology/meningioma,hasSymptom,http://healthcarekg.org/ontology/paraplegia,"meningioma","Paraplegia"
http://healthcarekg.org/ontology/esophageal_cancer,hasSymptom,http://healthcarekg.org/ontology/dyspnea,"esophageal cancer","Dyspnea"
http://healthcarekg.org/ontology/alzheimer_s_disease,hasSymptom,http://healthcarekg.org/ontology/aphasia,"Alzheimer's disease","Aphasia"
http://healthcarekg.org/ontology/stomach_cancer,hasSymptom,http://healthcarekg.org/ontology/asthenia,"stomach cancer","Asthenia"
http://healthcarekg.org/ontology/stomach_cancer,hasSymptom,http://healthcarekg.org/ontology/abdominal_pain,"stomach cancer","Abdominal Pain"
http://healthcarekg.org/ontology/paget_s_disease_of_bone,hasSymptom,http://healthcarekg.org/ontology/hearing_loss_bilateral,"Paget's disease of bone","Hearing Loss, Bilateral"
http://healthcarekg.org/ontology/germ_cell_cancer,hasSymptom,http://healthcarekg.org/ontology/aphasia,"germ cell cancer","Aphasia"
http://healthcarekg.org/ontology/vascular_cancer,hasSymptom,http://healthcarekg.org/ontology/paraplegia,"vascular cancer","Paraplegia"
http://healthcarekg.org/ontology/anemia,hasSymptom,http://healthcarekg.org/ontology/color_vision_defects,"anemia","Color Vision Defects"
http://healthcarekg.org/ontology/retroperitoneal_cancer,hasSymptom,http://healthcarekg.org/ontology/back_pain,"retroperitoneal cancer","Back Pain"
http://healthcarekg.org/ontology/peripheral_nervous_system_neoplasm,hasSymptom,http://healthcarekg.org/ontology/back_pain,"peripheral nervous system neoplasm","Back Pain"
http://healthcarekg.org/ontology/atopic_dermatitis,hasSymptom,http://healthcarekg.org/ontology/skin_manifestations,"atopic dermatitis","Skin Manifestations"
http://healthcarekg.org/ontology/nicotine_dependence,hasSymptom,http://healthcarekg.org/ontology/psychomotor_agitation,"nicotine dependence","Psychomotor Agitation"
http://healthcarekg.org/ontology/pancreatitis,hasSymptom,http://healthcarekg.org/ontology/neurogenic_inflammation,"pancreatitis","Neurogenic Inflammation"
http://healthcarekg.org/ontology/chronic_obstructive_pulmonary_disease,hasSymptom,http://healthcarekg.org/ontology/hypoventilation,"chronic obstructive pulmonary disease","Hypoventilation"
http://healthcarekg.org/ontology/breast_cancer,treatedBy,http://healthcarekg.org/ontology/melphalan,"breast cancer","Melphalan"
http://healthcarekg.org/ontology/anemia,hasSymptom,http://healthcarekg.org/ontology/diarrhea,"anemia","Diarrhea"
http://healthcarekg.org/ontology/colon_cancer,hasSymptom,http://healthcarekg.org/ontology/fever_of_unknown_origin,"colon cancer","Fever of Unknown Origin"
http://healthcarekg.org/ontology/systemic_lupus_erythematosus,hasSymptom,http://healthcarekg.org/ontology/chorea,"systemic lupus erythematosus","Chorea"
http://healthcarekg.org/ontology/age_related_macular_degeneration,hasSymptom,http://healthcarekg.org/ontology/retinal_hemorrhage,"age related macular degeneration","Retinal Hemorrhage"
http://healthcarekg.org/ontology/restless_legs_syndrome,hasSymptom,http://healthcarekg.org/ontology/nocturnal_paroxysmal_dystonia,"Restless Legs Syndrome","Nocturnal Paroxysmal Dystonia"
http://healthcarekg.org/ontology/muscle_cancer,treatedBy,http://healthcarekg.org/ontology/dactinomycin,"muscle cancer","Dactinomycin"
http://healthcarekg.org/ontology/anemia,hasSymptom,http://healthcarekg.org/ontology/hyperoxia,"anemia","Hyperoxia"
http://healthcarekg.org/ontology/parkinson_s_disease,hasSymptom,http://healthcarekg.org/ontology/anhedonia,"Parkinson's disease","Anhedonia"
http://healthcarekg.org/ontology/fallopian_tube_cancer,hasSymptom,http://healthcarekg.org/ontology/pelvic_pain,"fallopian tube cancer","Pelvic Pain"
http://healthcarekg.org/ontology/meningioma,hasSymptom,http://healthcarekg.org/ontology/cerebrospinal_fluid_otorrhea,"meningioma","Cerebrospinal Fluid Otorrhea"
http://healthcarekg.org/ontology/germ_cell_cancer,hasSymptom,http://healthcarekg.org/ontology/hearing_loss_conductive,"germ cell cancer","Hearing Loss, Conductive"
http://healthcarekg.org/ontology/narcolepsy,hasSymptom,http://healthcarekg.org/ontology/sleep_disorders_circadian_rhythm,"Narcolepsy","Sleep Disorders, Circadian Rhythm"
http://healthcarekg.org/ontology/thymus_cancer,hasSymptom,http://healthcarekg.org/ontology/purpura_thrombocytopenic_idiopathic,"thymus cancer","Purpura, Thrombocytopenic, Idiopathic"
http://healthcarekg.org/ontology/migraine,hasSymptom,http://healthcarekg.org/ontology/adie_syndrome,"migraine","Adie Syndrome"
http://healthcarekg.org/ontology/colon_cancer,hasSymptom,http://healthcarekg.org/ontology/cachexia,"colon cancer","Cachexia"
http://healthcarekg.org/ontology/head_and_neck_cancer,hasSymptom,http://healthcarekg.org/ontology/earache,"head and neck cancer","Earache"
http://healthcarekg.org/ontology/type_2_diabetes_mellitus,treatedBy,http://healthcarekg.org/ontology/orlistat,"type 2 diabetes mellitus","Orlistat"
http://healthcarekg.org/ontology/vulva_cancer,hasSymptom,http://healthcarekg.org/ontology/pruritus_vulvae,"vulva cancer","Pruritus Vulvae"
http://healthcarekg.org/ontology/multiple_sclerosis,hasSymptom,http://healthcarekg.org/ontology/mental_fatigue,"multiple sclerosis","Mental Fatigue"
http://healthcarekg.org/ontology/hematologic_cancer,treatedBy,http://healthcarekg.org/ontology/mitoxantrone,"hematologic cancer","Mitoxantrone"
http://healthcarekg.org/ontology/pancreatitis,hasSymptom,http://healthcarekg.org/ontology/hypergammaglobulinemia,"pancreatitis","Hypergammaglobulinemia"
http://healthcarekg.org/ontology/urinary_bladder_cancer,treatedBy,http://healthcarekg.org/ontology/thiotepa,"urinary bladder cancer","Thiotepa"
http://healthcarekg.org/ontology/asthma,hasSymptom,http://healthcarekg.org/ontology/hypoventilation,"asthma","Hypoventilation"
http://healthcarekg.org/ontology/allergic_rhinitis,hasSymptom,http://healthcarekg.org/ontology/cough,"allergic rhinitis","Cough"
http://healthcarekg.org/ontology/hypertension,treatedBy,http://healthcarekg.org/ontology/verapamil,"hypertension","Verapamil"
http://healthcarekg.org/ontology/liver_cancer,hasSymptom,http://healthcarekg.org/ontology/abdominal_pain,"liver cancer","Abdominal Pain"
http://healthcarekg.org/ontology/multiple_sclerosis,hasSymptom,http://healthcarekg.org/ontology/paraplegia,"multiple sclerosis","Paraplegia"
http://healthcarekg.org/ontology/narcolepsy,hasSymptom,http://healthcarekg.org/ontology/sleep_paralysis,"Narcolepsy","Sleep Paralysis"
http://healthcarekg.org/ontology/creutzfeldt_jakob_disease,hasSymptom,http://healthcarekg.org/ontology/dystonia,"Creutzfeldt-Jakob disease","Dystonia"
http://healthcarekg.org/ontology/thyroid_cancer,hasSymptom,http://healthcarekg.org/ontology/ataxia_telangiectasia,"thyroid cancer","Ataxia Telangiectasia"
http://healthcarekg.org/ontology/testicular_cancer,treatedBy,http://healthcarekg.org/ontology/cisplatin,"testicular cancer","Cisplatin"
http://healthcarekg.org/ontology/asthma,hasSymptom,http://healthcarekg.org/ontology/respiratory_sounds,"asthma","Respiratory Sounds"
http://healthcarekg.org/ontology/prostate_cancer,hasSymptom,http://healthcarekg.org/ontology/hot_flashes,"prostate cancer","Hot Flashes"
http://healthcarekg.org/ontology/obesity,hasSymptom,http://healthcarekg.org/ontology/ideal_body_weight,"Obesity","Ideal Body Weight"
http://healthcarekg.org/ontology/multiple_sclerosis,treatedBy,http://healthcarekg.org/ontology/prednisone,"multiple sclerosis","Prednisone"
http://healthcarekg.org/ontology/stomach_cancer,hasSymptom,http://healthcarekg.org/ontology/dyspepsia,"stomach cancer","Dyspepsia"
http://healthcarekg.org/ontology/dilated_cardiomyopathy,hasSymptom,http://healthcarekg.org/ontology/kearns_sayre_syndrome,"dilated cardiomyopathy","Kearns-Sayre Syndrome"
http://healthcarekg.org/ontology/head_and_neck_cancer,hasSymptom,http://healthcarekg.org/ontology/eye_manifestations,"head and neck cancer","Eye Manifestations"
http://healthcarekg.org/ontology/migraine,hasSymptom,http://healthcarekg.org/ontology/vomiting,"migraine","Vomiting"
http://healthcarekg.org/ontology/prostate_cancer,hasSymptom,http://healthcarekg.org/ontology/constipation,"prostate cancer","Constipation"
http://healthcarekg.org/ontology/epilepsy_syndrome,hasSymptom,http://healthcarekg.org/ontology/mental_retardation_x_linked,"epilepsy syndrome","Mental Retardation, X-Linked"
http://healthcarekg.org/ontology/head_and_neck_cancer,hasSymptom,http://healthcarekg.org/ontology/anoxia,"head and neck cancer","Anoxia"
http://healthcarekg.org/ontology/alcohol_dependence,hasSymptom,http://healthcarekg.org/ontology/psychomotor_disorders,"alcohol dependence","Psychomotor Disorders"
http://healthcarekg.org/ontology/adrenal_gland_cancer,hasSymptom,http://healthcarekg.org/ontology/flank_pain,"adrenal gland cancer","Flank Pain"
http://healthcarekg.org/ontology/intracranial_aneurysm,hasSymptom,http://healthcarekg.org/ontology/tinnitus,"intracranial aneurysm","Tinnitus"
http://healthcarekg.org/ontology/anemia,hasSymptom,http://healthcarekg.org/ontology/vitreous_hemorrhage,"anemia","Vitreous Hemorrhage"
http://healthcarekg.org/ontology/dental_caries,hasSymptom,http://healthcarekg.org/ontology/taste_disorders,"dental caries","Taste Disorders"
http://healthcarekg.org/ontology/meningioma,hasSymptom,http://healthcarekg.org/ontology/amnesia,"meningioma","Amnesia"
http://healthcarekg.org/ontology/liver_cancer,treatedBy,http://healthcarekg.org/ontology/sorafenib,"liver cancer","Sorafenib"
http://healthcarekg.org/ontology/brain_cancer,hasSymptom,http://healthcarekg.org/ontology/brain_death,"brain cancer","Brain Death"
http://healthcarekg.org/ontology/malignant_mesothelioma,hasSymptom,http://healthcarekg.org/ontology/fever,"malignant mesothelioma","Fever"
http://healthcarekg.org/ontology/lung_cancer,treatedBy,http://healthcarekg.org/ontology/docetaxel,"lung cancer","Docetaxel"
http://healthcarekg.org/ontology/pancreatic_cancer,hasSymptom,http://healthcarekg.org/ontology/anoxia,"pancreatic cancer","Anoxia"
http://healthcarekg.org/ontology/bone_cancer,hasSymptom,http://healthcarekg.org/ontology/monoclonal_gammopathy_of_undetermined_significance,"bone cancer","Monoclonal Gammopathy of Undetermined Significance"
http://healthcarekg.org/ontology/autistic_disorder,hasSymptom,http://healthcarekg.org/ontology/psychomotor_disorders,"autistic disorder","Psychomotor Disorders"
http://healthcarekg.org/ontology/sarcoma,hasSymptom,http://healthcarekg.org/ontology/cough,"sarcoma","Cough"
http://healthcarekg.org/ontology/hypothyroidism,hasSymptom,http://healthcarekg.org/ontology/tetany,"hypothyroidism","Tetany"
http://healthcarekg.org/ontology/prostate_cancer,hasSymptom,http://healthcarekg.org/ontology/dysuria,"prostate cancer","Dysuria"
http://healthcarekg.org/ontology/osteoarthritis,hasSymptom,http://healthcarekg.org/ontology/shoulder_pain,"osteoarthritis","Shoulder Pain"
http://healthcarekg.org/ontology/dental_caries,hasSymptom,http://healthcarekg.org/ontology/oral_manifestations,"dental caries","Oral Manifestations"
http://healthcarekg.org/ontology/duodenum_cancer,hasSymptom,http://healthcarekg.org/ontology/hematemesis,"duodenum cancer","Hematemesis"
http://healthcarekg.org/ontology/systemic_lupus_erythematosus,hasSymptom,http://healthcarekg.org/ontology/abdominal_pain,"systemic lupus erythematosus","Abdominal Pain"
http://healthcarekg.org/ontology/vascular_cancer,hasSymptom,http://healthcarekg.org/ontology/edema,"vascular cancer","Edema"
http://healthcarekg.org/ontology/head_and_neck_cancer,hasSymptom,http://healthcarekg.org/ontology/hearing_loss_bilateral,"head and neck cancer","Hearing Loss, Bilateral"
http://healthcarekg.org/ontology/muscle_cancer,hasSymptom,http://healthcarekg.org/ontology/paralysis,"muscle cancer","Paralysis"
http://healthcarekg.org/ontology/hematologic_cancer,hasSymptom,http://healthcarekg.org/ontology/anorexia,"hematologic cancer","Anorexia"
http://healthcarekg.org/ontology/endogenous_depression,hasSymptom,http://healthcarekg.org/ontology/huntington_disease,"endogenous depression","Huntington Disease"
http://healthcarekg.org/ontology/germ_cell_cancer,hasSymptom,http://healthcarekg.org/ontology/eye_pain,"germ cell cancer","Eye Pain"
http://healthcarekg.org/ontology/epilepsy_syndrome,hasSymptom,http://healthcarekg.org/ontology/ataxia,"epilepsy syndrome","Ataxia"
http://healthcarekg.org/ontology/glaucoma,treatedBy,http://healthcarekg.org/ontology/clonidine,"glaucoma","Clonidine"
http://healthcarekg.org/ontology/parkinson_s_disease,hasSymptom,http://healthcarekg.org/ontology/catalepsy,"Parkinson's disease","Catalepsy"
http://healthcarekg.org/ontology/pancreatitis,hasSymptom,http://healthcarekg.org/ontology/edema,"pancreatitis","Edema"
http://healthcarekg.org/ontology/germ_cell_cancer,hasSymptom,http://healthcarekg.org/ontology/heart_murmurs,"germ cell cancer","Heart Murmurs"
http://healthcarekg.org/ontology/retroperitoneal_cancer,hasSymptom,http://healthcarekg.org/ontology/flank_pain,"retroperitoneal cancer","Flank Pain"
http://healthcarekg.org/ontology/alzheimer_s_disease,hasSymptom,http://healthcarekg.org/ontology/aphasia_broca,"Alzheimer's disease","Aphasia, Broca"
http://healthcarekg.org/ontology/dental_caries,hasSymptom,http://healthcarekg.org/ontology/toothache,"dental caries","Toothache"
http://healthcarekg.org/ontology/alzheimer_s_disease,hasSymptom,http://healthcarekg.org/ontology/sleep_initiation_and_maintenance_disorders,"Alzheimer's disease","Sleep Initiation and Maintenance Disorders"
http://healthcarekg.org/ontology/germ_cell_cancer,hasSymptom,http://healthcarekg.org/ontology/aphasia_broca,"germ cell cancer","Aphasia, Broca"
http://healthcarekg.org/ontology/breast_cancer,hasSymptom,http://healthcarekg.org/ontology/dyssomnias,"breast cancer","Dyssomnias"
http://healthcarekg.org/ontology/skin_cancer,hasSymptom,http://healthcarekg.org/ontology/paraparesis,"skin cancer","Paraparesis"
http://healthcarekg.org/ontology/systemic_lupus_erythematosus,hasSymptom,http://healthcarekg.org/ontology/fatigue,"systemic lupus erythematosus","Fatigue"
http://healthcarekg.org/ontology/malaria,treatedBy,http://healthcarekg.org/ontology/pyrimethamine,"malaria","Pyrimethamine"
http://healthcarekg.org/ontology/attention_deficit_hyperactivity_disorder,hasSymptom,http://healthcarekg.org/ontology/communication_disorders,"attention deficit hyperactivity disorder","Communication Disorders"
http://healthcarekg.org/ontology/alopecia_areata,hasSymptom,http://healthcarekg.org/ontology/down_syndrome,"alopecia areata","Down Syndrome"
http://healthcarekg.org/ontology/kidney_cancer,hasSymptom,http://healthcarekg.org/ontology/back_pain,"kidney cancer","Back Pain"
http://healthcarekg.org/ontology/epilepsy_syndrome,hasSymptom,http://healthcarekg.org/ontology/spinocerebellar_ataxias,"epilepsy syndrome","Spinocerebellar Ataxias"
http://healthcarekg.org/ontology/paget_s_disease_of_bone,hasSymptom,http://healthcarekg.org/ontology/hearing_loss_sensorineural,"Paget's disease of bone","Hearing Loss, Sensorineural"
http://healthcarekg.org/ontology/stomach_cancer,hasSymptom,http://healthcarekg.org/ontology/anorexia,"stomach cancer","Anorexia"
http://healthcarekg.org/ontology/allergic_rhinitis,treatedBy,http://healthcarekg.org/ontology/dexamethasone,"allergic rhinitis","Dexamethasone"
http://healthcarekg.org/ontology/amyotrophic_lateral_sclerosis,hasSymptom,http://healthcarekg.org/ontology/spinocerebellar_ataxias,"amyotrophic lateral sclerosis","Spinocerebellar Ataxias"
http://healthcarekg.org/ontology/alcohol_dependence,hasSymptom,http://healthcarekg.org/ontology/sleep_disorders,"alcohol dependence","Sleep Disorders"
http://healthcarekg.org/ontology/breast_cancer,hasSymptom,http://healthcarekg.org/ontology/diarrhea,"breast cancer","Diarrhea"
http://healthcarekg.org/ontology/asthma,treatedBy,http://healthcarekg.org/ontology/fluticasone_furoate,"asthma","Fluticasone furoate"
http://healthcarekg.org/ontology/pancreatic_cancer,hasSymptom,http://healthcarekg.org/ontology/necrolytic_migratory_erythema,"pancreatic cancer","Necrolytic Migratory Erythema"
http://healthcarekg.org/ontology/type_2_diabetes_mellitus,treatedBy,http://healthcarekg.org/ontology/tolazamide,"type 2 diabetes mellitus","Tolazamide"
http://healthcarekg.org/ontology/ureter_cancer,hasSymptom,http://healthcarekg.org/ontology/flank_pain,"ureter cancer","Flank Pain"
http://healthcarekg.org/ontology/systemic_scleroderma,treatedBy,http://healthcarekg.org/ontology/prednisone,"systemic scleroderma","Prednisone"
http://healthcarekg.org/ontology/abdominal_aortic_aneurysm,hasSymptom,http://healthcarekg.org/ontology/hematemesis,"abdominal aortic aneurysm","Hematemesis"
http://healthcarekg.org/ontology/malaria,treatedBy,http://healthcarekg.org/ontology/clindamycin,"malaria","Clindamycin"
http://healthcarekg.org/ontology/lung_cancer,hasSymptom,http://healthcarekg.org/ontology/shoulder_pain,"lung cancer","Shoulder Pain"
http://healthcarekg.org/ontology/parkinson_s_disease,hasSymptom,http://healthcarekg.org/ontology/tremor,"Parkinson's disease","Tremor"
http://healthcarekg.org/ontology/amyotrophic_lateral_sclerosis,hasSymptom,http://healthcarekg.org/ontology/paresthesia,"amyotrophic lateral sclerosis","Paresthesia"
http://healthcarekg.org/ontology/dilated_cardiomyopathy,hasSymptom,http://healthcarekg.org/ontology/failure_to_thrive,"dilated cardiomyopathy","Failure to Thrive"
http://healthcarekg.org/ontology/multiple_sclerosis,treatedBy,http://healthcarekg.org/ontology/fingolimod,"multiple sclerosis","Fingolimod"
http://healthcarekg.org/ontology/ulcerative_colitis,treatedBy,http://healthcarekg.org/ontology/dexamethasone,"ulcerative colitis","Dexamethasone"
http://healthcarekg.org/ontology/thoracic_aortic_aneurysm,hasSymptom,http://healthcarekg.org/ontology/abdominal_pain,"thoracic aortic aneurysm","Abdominal Pain"
http://healthcarekg.org/ontology/kidney_cancer,hasSymptom,http://healthcarekg.org/ontology/intellectual_disability,"kidney cancer","Intellectual Disability"
http://healthcarekg.org/ontology/glaucoma,treatedBy,http://healthcarekg.org/ontology/methazolamide,"glaucoma","Methazolamide"
http://healthcarekg.org/ontology/kidney_cancer,hasSymptom,http://healthcarekg.org/ontology/jaundice_obstructive,"kidney cancer","Jaundice, Obstructive"
http://healthcarekg.org/ontology/bipolar_disorder,hasSymptom,http://healthcarekg.org/ontology/speech_disorders,"bipolar disorder","Speech Disorders"
http://healthcarekg.org/ontology/chronic_kidney_failure,hasSymptom,http://healthcarekg.org/ontology/proteinuria,"chronic kidney failure","Proteinuria"
http://healthcarekg.org/ontology/germ_cell_cancer,hasSymptom,http://healthcarekg.org/ontology/hearing_loss,"germ cell cancer","Hearing Loss"
http://healthcarekg.org/ontology/idiopathic_pulmonary_fibrosis,hasSymptom,http://healthcarekg.org/ontology/dyspnea,"idiopathic pulmonary fibrosis","Dyspnea"
http://healthcarekg.org/ontology/melanoma,treatedBy,http://healthcarekg.org/ontology/bleomycin,"melanoma","Bleomycin"
http://healthcarekg.org/ontology/germ_cell_cancer,hasSymptom,http://healthcarekg.org/ontology/gerstmann_syndrome,"germ cell cancer","Gerstmann Syndrome"
http://healthcarekg.org/ontology/head_and_neck_cancer,hasSymptom,http://healthcarekg.org/ontology/vocal_cord_paralysis,"head and neck cancer","Vocal Cord Paralysis"
http://healthcarekg.org/ontology/urinary_bladder_cancer,hasSymptom,http://healthcarekg.org/ontology/quadriplegia,"urinary bladder cancer","Quadriplegia"
http://healthcarekg.org/ontology/ulcerative_colitis,treatedBy,http://healthcarekg.org/ontology/azathioprine,"ulcerative colitis","Azathioprine"
http://healthcarekg.org/ontology/behcet_s_disease,hasSymptom,http://healthcarekg.org/ontology/facial_paralysis,"Behcet's disease","Facial Paralysis"
http://healthcarekg.org/ontology/malaria,hasSymptom,http://healthcarekg.org/ontology/neurologic_manifestations,"malaria","Neurologic Manifestations"
http://healthcarekg.org/ontology/chronic_obstructive_pulmonary_disease,treatedBy,http://healthcarekg.org/ontology/arformoterol,"chronic obstructive pulmonary disease","Arformoterol"
http://healthcarekg.org/ontology/cleft_lip,hasSymptom,http://healthcarekg.org/ontology/communication_disorders,"cleft lip","Communication Disorders"
http://healthcarekg.org/ontology/azoospermia,hasSymptom,http://healthcarekg.org/ontology/overweight,"azoospermia","Overweight"
http://healthcarekg.org/ontology/cervical_cancer,hasSymptom,http://healthcarekg.org/ontology/pelvic_pain,"cervical cancer","Pelvic Pain"
http://healthcarekg.org/ontology/stomach_cancer,hasSymptom,http://healthcarekg.org/ontology/body_weight,"stomach cancer","Body Weight"
http://healthcarekg.org/ontology/spinal_cancer,hasSymptom,http://healthcarekg.org/ontology/paralysis,"spinal cancer","Paralysis"
http://healthcarekg.org/ontology/bone_cancer,hasSymptom,http://healthcarekg.org/ontology/back_pain,"bone cancer","Back Pain"
http://healthcarekg.org/ontology/hepatitis_b,hasSymptom,http://healthcarekg.org/ontology/purpura_schoenlein_henoch,"hepatitis B","Purpura, Schoenlein-Henoch"
http://healthcarekg.org/ontology/uterine_cancer,hasSymptom,http://healthcarekg.org/ontology/urinary_incontinence,"uterine cancer","Urinary Incontinence"
http://healthcarekg.org/ontology/allergic_rhinitis,treatedBy,http://healthcarekg.org/ontology/betamethasone,"allergic rhinitis","Betamethasone"
http://healthcarekg.org/ontology/allergic_rhinitis,treatedBy,http://healthcarekg.org/ontology/montelukast,"allergic rhinitis","Montelukast"
http://healthcarekg.org/ontology/breast_cancer,treatedBy,http://healthcarekg.org/ontology/lapatinib,"breast cancer","Lapatinib"
http://healthcarekg.org/ontology/lymphatic_system_cancer,treatedBy,http://healthcarekg.org/ontology/vincristine,"lymphatic system cancer","Vincristine"
http://healthcarekg.org/ontology/celiac_disease,hasSymptom,http://healthcarekg.org/ontology/diarrhea_infantile,"celiac disease","Diarrhea, Infantile"
http://healthcarekg.org/ontology/breast_cancer,hasSymptom,http://healthcarekg.org/ontology/sensation_disorders,"breast cancer","Sensation Disorders"
http://healthcarekg.org/ontology/crohn_s_disease,treatedBy,http://healthcarekg.org/ontology/azathioprine,"Crohn's disease","Azathioprine"
http://healthcarekg.org/ontology/migraine,hasSymptom,http://healthcarekg.org/ontology/hemiplegia,"migraine","Hemiplegia"
http://healthcarekg.org/ontology/germ_cell_cancer,hasSymptom,http://healthcarekg.org/ontology/opsoclonus_myoclonus_syndrome,"germ cell cancer","Opsoclonus-Myoclonus Syndrome"
http://healthcarekg.org/ontology/liver_cancer,hasSymptom,http://healthcarekg.org/ontology/anorexia,"liver cancer","Anorexia"
http://healthcarekg.org/ontology/systemic_scleroderma,hasSymptom,http://healthcarekg.org/ontology/trismus,"systemic scleroderma","Trismus"
http://healthcarekg.org/ontology/sarcoma,hasSymptom,http://healthcarekg.org/ontology/back_pain,"sarcoma","Back Pain"
http://healthcarekg.org/ontology/nephrolithiasis,hasSymptom,http://healthcarekg.org/ontology/abdomen_acute,"nephrolithiasis","Abdomen, Acute"
http://healthcarekg.org/ontology/fallopian_tube_cancer,hasSymptom,http://healthcarekg.org/ontology/dysmenorrhea,"fallopian tube cancer","Dysmenorrhea"
http://healthcarekg.org/ontology/ulcerative_colitis,treatedBy,http://healthcarekg.org/ontology/betamethasone,"ulcerative colitis","Betamethasone"
http://healthcarekg.org/ontology/brain_cancer,hasSymptom,http://healthcarekg.org/ontology/speech_disorders,"brain cancer","Speech Disorders"
http://healthcarekg.org/ontology/epilepsy_syndrome,hasSymptom,http://healthcarekg.org/ontology/blindness_cortical,"epilepsy syndrome","Blindness, Cortical"
http://healthcarekg.org/ontology/refractive_error,hasSymptom,http://healthcarekg.org/ontology/anisocoria,"refractive error","Anisocoria"
http://healthcarekg.org/ontology/parkinson_s_disease,hasSymptom,http://healthcarekg.org/ontology/dysphonia,"Parkinson's disease","Dysphonia"
http://healthcarekg.org/ontology/muscle_cancer,hasSymptom,http://healthcarekg.org/ontology/urinary_bladder_neurogenic,"muscle cancer","Urinary Bladder, Neurogenic"
http://healthcarekg.org/ontology/psoriasis,hasSymptom,http://healthcarekg.org/ontology/nausea,"psoriasis","Nausea"
http://healthcarekg.org/ontology/head_and_neck_cancer,hasSymptom,http://healthcarekg.org/ontology/headache,"head and neck cancer","Headache"
http://healthcarekg.org/ontology/type_1_diabetes_mellitus,hasSymptom,http://healthcarekg.org/ontology/polydipsia,"type 1 diabetes mellitus","Polydipsia"
http://healthcarekg.org/ontology/meningioma,hasSymptom,http://healthcarekg.org/ontology/paraparesis,"meningioma","Paraparesis"
http://healthcarekg.org/ontology/acquired_immunodeficiency_syndrome,hasSymptom,http://healthcarekg.org/ontology/retinal_hemorrhage,"acquired immunodeficiency syndrome","Retinal Hemorrhage"
http://healthcarekg.org/ontology/psoriatic_arthritis,hasSymptom,http://healthcarekg.org/ontology/arthralgia,"psoriatic arthritis","Arthralgia"
http://healthcarekg.org/ontology/asthma,hasSymptom,http://healthcarekg.org/ontology/fetal_hypoxia,"asthma","Fetal Hypoxia"
http://healthcarekg.org/ontology/testicular_cancer,treatedBy,http://healthcarekg.org/ontology/methotrexate,"testicular cancer","Methotrexate"
http://healthcarekg.org/ontology/hypertension,hasSymptom,http://healthcarekg.org/ontology/sleep_apnea_syndromes,"hypertension","Sleep Apnea Syndromes"
http://healthcarekg.org/ontology/mediastinal_cancer,hasSymptom,http://healthcarekg.org/ontology/cyanosis,"mediastinal cancer","Cyanosis"
http://healthcarekg.org/ontology/amyotrophic_lateral_sclerosis,hasSymptom,http://healthcarekg.org/ontology/muscular_atrophy,"amyotrophic lateral sclerosis","Muscular Atrophy"
http://healthcarekg.org/ontology/sarcoma,hasSymptom,http://healthcarekg.org/ontology/jaundice_obstructive,"sarcoma","Jaundice, Obstructive"
http://healthcarekg.org/ontology/ovarian_cancer,treatedBy,http://healthcarekg.org/ontology/altretamine,"ovarian cancer","Altretamine"
http://healthcarekg.org/ontology/hematologic_cancer,treatedBy,http://healthcarekg.org/ontology/pentostatin,"hematologic cancer","Pentostatin"
http://healthcarekg.org/ontology/paget_s_disease_of_bone,hasSymptom,http://healthcarekg.org/ontology/hearing_disorders,"Paget's disease of bone","Hearing Disorders"
http://healthcarekg.org/ontology/pancreatitis,hasSymptom,http://healthcarekg.org/ontology/colic,"pancreatitis","Colic"
http://healthcarekg.org/ontology/tracheal_cancer,hasSymptom,http://healthcarekg.org/ontology/vocal_cord_paralysis,"tracheal cancer","Vocal Cord Paralysis"
http://healthcarekg.org/ontology/testicular_cancer,hasSymptom,http://healthcarekg.org/ontology/down_syndrome,"testicular cancer","Down Syndrome"
http://healthcarekg.org/ontology/malaria,treatedBy,http://healthcarekg.org/ontology/artemether,"malaria","Artemether"
http://healthcarekg.org/ontology/pancreatic_cancer,treatedBy,http://healthcarekg.org/ontology/doxorubicin,"pancreatic cancer","Doxorubicin"
http://healthcarekg.org/ontology/lung_cancer,hasSymptom,http://healthcarekg.org/ontology/respiratory_sounds,"lung cancer","Respiratory Sounds"
http://healthcarekg.org/ontology/migraine,hasSymptom,http://healthcarekg.org/ontology/hyperventilation,"migraine","Hyperventilation"
http://healthcarekg.org/ontology/amyotrophic_lateral_sclerosis,hasSymptom,http://healthcarekg.org/ontology/sleep_apnea_syndromes,"amyotrophic lateral sclerosis","Sleep Apnea Syndromes"
http://healthcarekg.org/ontology/brain_cancer,hasSymptom,http://healthcarekg.org/ontology/tinnitus,"brain cancer","Tinnitus"
http://healthcarekg.org/ontology/hypertension,treatedBy,http://healthcarekg.org/ontology/mecamylamine,"hypertension","Mecamylamine"
http://healthcarekg.org/ontology/jejunal_cancer,hasSymptom,http://healthcarekg.org/ontology/abdominal_pain,"jejunal cancer","Abdominal Pain"
http://healthcarekg.org/ontology/uterine_cancer,hasSymptom,http://healthcarekg.org/ontology/pelvic_pain,"uterine cancer","Pelvic Pain"
http://healthcarekg.org/ontology/malaria,hasSymptom,http://healthcarekg.org/ontology/hypergammaglobulinemia,"malaria","Hypergammaglobulinemia"
http://healthcarekg.org/ontology/parkinson_s_disease,hasSymptom,http://healthcarekg.org/ontology/rem_sleep_parasomnias,"Parkinson's disease","REM Sleep Parasomnias"
http://healthcarekg.org/ontology/celiac_disease,hasSymptom,http://healthcarekg.org/ontology/failure_to_thrive,"celiac disease","Failure to Thrive"
http://healthcarekg.org/ontology/kidney_cancer,hasSymptom,http://healthcarekg.org/ontology/flank_pain,"kidney cancer","Flank Pain"
http://healthcarekg.org/ontology/head_and_neck_cancer,hasSymptom,http://healthcarekg.org/ontology/hearing_loss_sensorineural,"head and neck cancer","Hearing Loss, Sensorineural"
http://healthcarekg.org/ontology/uterine_fibroid,hasSymptom,http://healthcarekg.org/ontology/urinary_incontinence_stress,"uterine fibroid","Urinary Incontinence, Stress"
http://healthcarekg.org/ontology/migraine,treatedBy,http://healthcarekg.org/ontology/topiramate,"migraine","Topiramate"
http://healthcarekg.org/ontology/alopecia_areata,hasSymptom,http://healthcarekg.org/ontology/pruritus,"alopecia areata","Pruritus"
http://healthcarekg.org/ontology/anemia,hasSymptom,http://healthcarekg.org/ontology/emaciation,"anemia","Emaciation"
http://healthcarekg.org/ontology/narcolepsy,hasSymptom,http://healthcarekg.org/ontology/rem_sleep_behavior_disorder,"Narcolepsy","REM Sleep Behavior Disorder"
http://healthcarekg.org/ontology/nicotine_dependence,hasSymptom,http://healthcarekg.org/ontology/postoperative_nausea_and_vomiting,"nicotine dependence","Postoperative Nausea and Vomiting"
http://healthcarekg.org/ontology/rheumatoid_arthritis,hasSymptom,http://healthcarekg.org/ontology/neuralgia,"rheumatoid arthritis","Neuralgia"
http://healthcarekg.org/ontology/autistic_disorder,hasSymptom,http://healthcarekg.org/ontology/language_disorders,"autistic disorder","Language Disorders"
http://healthcarekg.org/ontology/testicular_cancer,hasSymptom,http://healthcarekg.org/ontology/hirsutism,"testicular cancer","Hirsutism"
http://healthcarekg.org/ontology/thymus_cancer,hasSymptom,http://healthcarekg.org/ontology/myoclonus,"thymus cancer","Myoclonus"
http://healthcarekg.org/ontology/breast_cancer,hasSymptom,http://healthcarekg.org/ontology/weight_gain,"breast cancer","Weight Gain"
http://healthcarekg.org/ontology/psoriatic_arthritis,hasSymptom,http://healthcarekg.org/ontology/edema,"psoriatic arthritis","Edema"
http://healthcarekg.org/ontology/adrenal_gland_cancer,hasSymptom,http://healthcarekg.org/ontology/low_back_pain,"adrenal gland cancer","Low Back Pain"
http://healthcarekg.org/ontology/type_2_diabetes_mellitus,treatedBy,http://healthcarekg.org/ontology/repaglinide,"type 2 diabetes mellitus","Repaglinide"
http://healthcarekg.org/ontology/multiple_sclerosis,hasSymptom,http://healthcarekg.org/ontology/orthostatic_intolerance,"multiple sclerosis","Orthostatic Intolerance"
http://healthcarekg.org/ontology/melanoma,hasSymptom,http://healthcarekg.org/ontology/tinea_pedis,"melanoma","Tinea Pedis"
http://healthcarekg.org/ontology/acquired_immunodeficiency_syndrome,hasSymptom,http://healthcarekg.org/ontology/chorea,"acquired immunodeficiency syndrome","Chorea"
http://healthcarekg.org/ontology/multiple_sclerosis,hasSymptom,http://healthcarekg.org/ontology/neuralgia,"multiple sclerosis","Neuralgia"
http://healthcarekg.org/ontology/celiac_disease,hasSymptom,http://healthcarekg.org/ontology/purpura,"celiac disease","Purpura"
http://healthcarekg.org/ontology/adrenal_gland_cancer,hasSymptom,http://healthcarekg.org/ontology/polydipsia,"adrenal gland cancer","Polydipsia"
http://healthcarekg.org/ontology/glaucoma,treatedBy,http://healthcarekg.org/ontology/metipranolol,"glaucoma","Metipranolol"
http://healthcarekg.org/ontology/pharynx_cancer,hasSymptom,http://healthcarekg.org/ontology/sleep_apnea_obstructive,"pharynx cancer","Sleep Apnea, Obstructive"
http://healthcarekg.org/ontology/malaria,treatedBy,http://healthcarekg.org/ontology/dapsone,"malaria","Dapsone"
http://healthcarekg.org/ontology/germ_cell_cancer,hasSymptom,http://healthcarekg.org/ontology/brain_death,"germ cell cancer","Brain Death"
http://healthcarekg.org/ontology/amyotrophic_lateral_sclerosis,hasSymptom,http://healthcarekg.org/ontology/ophthalmoplegia,"amyotrophic lateral sclerosis","Ophthalmoplegia"
http://healthcarekg.org/ontology/pharynx_cancer,hasSymptom,http://healthcarekg.org/ontology/horner_syndrome,"pharynx cancer","Horner Syndrome"
http://healthcarekg.org/ontology/chronic_kidney_failure,hasSymptom,http://healthcarekg.org/ontology/neurologic_manifestations,"chronic kidney failure","Neurologic Manifestations"
http://healthcarekg.org/ontology/age_related_macular_degeneration,hasSymptom,http://healthcarekg.org/ontology/miosis,"age related macular degeneration","Miosis"
http://healthcarekg.org/ontology/gilles_de_la_tourette_syndrome,hasSymptom,http://healthcarekg.org/ontology/catalepsy,"Gilles de la Tourette syndrome","Catalepsy"
http://healthcarekg.org/ontology/migraine,hasSymptom,http://healthcarekg.org/ontology/pain_referred,"migraine","Pain, Referred"
http://healthcarekg.org/ontology/restless_legs_syndrome,hasSymptom,http://healthcarekg.org/ontology/sleep_wake_transition_disorders,"Restless Legs Syndrome","Sleep-Wake Transition Disorders"
http://healthcarekg.org/ontology/bipolar_disorder,hasSymptom,http://healthcarekg.org/ontology/adrenoleukodystrophy,"bipolar disorder","Adrenoleukodystrophy"
http://healthcarekg.org/ontology/osteoarthritis,hasSymptom,http://healthcarekg.org/ontology/musculoskeletal_pain,"osteoarthritis","Musculoskeletal Pain"
http://healthcarekg.org/ontology/leprosy,hasSymptom,http://healthcarekg.org/ontology/reflex_abnormal,"leprosy","Reflex, Abnormal"
http://healthcarekg.org/ontology/ulcerative_colitis,treatedBy,http://healthcarekg.org/ontology/sulfasalazine,"ulcerative colitis","Sulfasalazine"
http://healthcarekg.org/ontology/testicular_cancer,hasSymptom,http://healthcarekg.org/ontology/vomiting,"testicular cancer","Vomiting"
http://healthcarekg.org/ontology/retroperitoneal_cancer,hasSymptom,http://healthcarekg.org/ontology/low_back_pain,"retroperitoneal cancer","Low Back Pain"
http://healthcarekg.org/ontology/chronic_obstructive_pulmonary_disease,hasSymptom,http://healthcarekg.org/ontology/dyspnea_paroxysmal,"chronic obstructive pulmonary disease","Dyspnea, Paroxysmal"
http://healthcarekg.org/ontology/parkinson_s_disease,hasSymptom,http://healthcarekg.org/ontology/nausea,"Parkinson's disease","Nausea"
http://healthcarekg.org/ontology/systemic_scleroderma,hasSymptom,http://healthcarekg.org/ontology/purpura_schoenlein_henoch,"systemic scleroderma","Purpura, Schoenlein-Henoch"
http://healthcarekg.org/ontology/stomach_cancer,hasSymptom,http://healthcarekg.org/ontology/ideal_body_weight,"stomach cancer","Ideal Body Weight"
http://healthcarekg.org/ontology/peripheral_nervous_system_neoplasm,hasSymptom,http://healthcarekg.org/ontology/low_back_pain,"peripheral nervous system neoplasm","Low Back Pain"
http://healthcarekg.org/ontology/hypertension,treatedBy,http://healthcarekg.org/ontology/candesartan,"hypertension","Candesartan"
http://healthcarekg.org/ontology/otosclerosis,hasSymptom,http://healthcarekg.org/ontology/hearing_loss_conductive,"otosclerosis","Hearing Loss, Conductive"
http://healthcarekg.org/ontology/ovarian_cancer,hasSymptom,http://healthcarekg.org/ontology/feminization,"ovarian cancer","Feminization"
http://healthcarekg.org/ontology/paget_s_disease_of_bone,hasSymptom,http://healthcarekg.org/ontology/paralysis,"Paget's disease of bone","Paralysis"
http://healthcarekg.org/ontology/peripheral_nervous_system_neoplasm,hasSymptom,http://healthcarekg.org/ontology/hearing_loss_unilateral,"peripheral nervous system neoplasm","Hearing Loss, Unilateral"
http://healthcarekg.org/ontology/chronic_obstructive_pulmonary_disease,hasSymptom,http://healthcarekg.org/ontology/hyperventilation,"chronic obstructive pulmonary disease","Hyperventilation"
http://healthcarekg.org/ontology/age_related_macular_degeneration,hasSymptom,http://healthcarekg.org/ontology/color_vision_defects,"age related macular degeneration","Color Vision Defects"
http://healthcarekg.org/ontology/crohn_s_disease,treatedBy,http://healthcarekg.org/ontology/sulfasalazine,"Crohn's disease","Sulfasalazine"
http://healthcarekg.org/ontology/abdominal_aortic_aneurysm,hasSymptom,http://healthcarekg.org/ontology/chest_pain,"abdominal aortic aneurysm","Chest Pain"
http://healthcarekg.org/ontology/malignant_glioma,hasSymptom,http://healthcarekg.org/ontology/anoxia,"malignant glioma","Anoxia"
http://healthcarekg.org/ontology/ocular_cancer,hasSymptom,http://healthcarekg.org/ontology/night_blindness,"ocular cancer","Night Blindness"
http://healthcarekg.org/ontology/hypertension,treatedBy,http://healthcarekg.org/ontology/benazepril,"hypertension","Benazepril"
http://healthcarekg.org/ontology/type_2_diabetes_mellitus,treatedBy,http://healthcarekg.org/ontology/sitagliptin,"type 2 diabetes mellitus","Sitagliptin"
http://healthcarekg.org/ontology/hypertension,treatedBy,http://healthcarekg.org/ontology/losartan,"hypertension","Losartan"
http://healthcarekg.org/ontology/panic_disorder,hasSymptom,http://healthcarekg.org/ontology/hyperventilation,"panic disorder","Hyperventilation"
http://healthcarekg.org/ontology/bone_cancer,hasSymptom,http://healthcarekg.org/ontology/musculoskeletal_pain,"bone cancer","Musculoskeletal Pain"
http://healthcarekg.org/ontology/cleft_lip,hasSymptom,http://healthcarekg.org/ontology/voice_disorders,"cleft lip","Voice Disorders"
http://healthcarekg.org/ontology/peritoneum_cancer,hasSymptom,http://healthcarekg.org/ontology/constipation,"peritoneum cancer","Constipation"
http://healthcarekg.org/ontology/anemia,hasSymptom,http://healthcarekg.org/ontology/mental_retardation_x_linked,"anemia","Mental Retardation, X-Linked"
http://healthcarekg.org/ontology/type_2_diabetes_mellitus,hasSymptom,http://healthcarekg.org/ontology/acute_coronary_syndrome,"type 2 diabetes mellitus","Acute Coronary Syndrome"
http://healthcarekg.org/ontology/malignant_glioma,hasSymptom,http://healthcarekg.org/ontology/psychomotor_disorders,"malignant glioma","Psychomotor Disorders"
http://healthcarekg.org/ontology/testicular_cancer,hasSymptom,http://healthcarekg.org/ontology/hearing_loss_high_frequency,"testicular cancer","Hearing Loss, High-Frequency"
http://healthcarekg.org/ontology/alcohol_dependence,hasSymptom,http://healthcarekg.org/ontology/feminization,"alcohol dependence","Feminization"
http://healthcarekg.org/ontology/hypothyroidism,hasSymptom,http://healthcarekg.org/ontology/deafness,"hypothyroidism","Deafness"
http://healthcarekg.org/ontology/prostate_cancer,treatedBy,http://healthcarekg.org/ontology/prednisone,"prostate cancer","Prednisone"
http://healthcarekg.org/ontology/vascular_cancer,hasSymptom,http://healthcarekg.org/ontology/anoxia,"vascular cancer","Anoxia"
http://healthcarekg.org/ontology/allergic_rhinitis,hasSymptom,http://healthcarekg.org/ontology/voice_disorders,"allergic rhinitis","Voice Disorders"
http://healthcarekg.org/ontology/amyotrophic_lateral_sclerosis,hasSymptom,http://healthcarekg.org/ontology/paraparesis_spastic,"amyotrophic lateral sclerosis","Paraparesis, Spastic"
http://healthcarekg.org/ontology/autistic_disorder,hasSymptom,http://healthcarekg.org/ontology/hearing_disorders,"autistic disorder","Hearing Disorders"
http://healthcarekg.org/ontology/acquired_immunodeficiency_syndrome,hasSymptom,http://healthcarekg.org/ontology/abdominal_pain,"acquired immunodeficiency syndrome","Abdominal Pain"
http://healthcarekg.org/ontology/graves_disease,hasSymptom,http://healthcarekg.org/ontology/neurologic_manifestations,"Graves' disease","Neurologic Manifestations"
http://healthcarekg.org/ontology/anemia,hasSymptom,http://healthcarekg.org/ontology/acute_pain,"anemia","Acute Pain"
http://healthcarekg.org/ontology/migraine,hasSymptom,http://healthcarekg.org/ontology/neck_pain,"migraine","Neck Pain"
http://healthcarekg.org/ontology/lung_cancer,hasSymptom,http://healthcarekg.org/ontology/dysgeusia,"lung cancer","Dysgeusia"
http://healthcarekg.org/ontology/type_1_diabetes_mellitus,hasSymptom,http://healthcarekg.org/ontology/birth_weight,"type 1 diabetes mellitus","Birth Weight"
http://healthcarekg.org/ontology/lung_cancer,treatedBy,http://healthcarekg.org/ontology/cisplatin,"lung cancer","Cisplatin"
http://healthcarekg.org/ontology/prostate_cancer,hasSymptom,http://healthcarekg.org/ontology/urinary_incontinence,"prostate cancer","Urinary Incontinence"
http://healthcarekg.org/ontology/asthma,hasSymptom,http://healthcarekg.org/ontology/hyperventilation,"asthma","Hyperventilation"
http://healthcarekg.org/ontology/hypothyroidism,hasSymptom,http://healthcarekg.org/ontology/sleep_apnea_syndromes,"hypothyroidism","Sleep Apnea Syndromes"
http://healthcarekg.org/ontology/otosclerosis,hasSymptom,http://healthcarekg.org/ontology/hearing_loss_mixed_conductive_sensorineural,"otosclerosis","Hearing Loss, Mixed Conductive-Sensorineural"
http://healthcarekg.org/ontology/schizophrenia,hasSymptom,http://healthcarekg.org/ontology/polydipsia_psychogenic,"schizophrenia","Polydipsia, Psychogenic"
http://healthcarekg.org/ontology/epilepsy_syndrome,treatedBy,http://healthcarekg.org/ontology/clonazepam,"epilepsy syndrome","Clonazepam"
http://healthcarekg.org/ontology/duodenum_cancer,hasSymptom,http://healthcarekg.org/ontology/cafe_au_lait_spots,"duodenum cancer","Cafe-au-Lait Spots"
http://healthcarekg.org/ontology/coronary_artery_disease,hasSymptom,http://healthcarekg.org/ontology/cardiac_output_low,"coronary artery disease","Cardiac Output, Low"
http://healthcarekg.org/ontology/hypothyroidism,hasSymptom,http://healthcarekg.org/ontology/angina_pectoris,"hypothyroidism","Angina Pectoris"
http://healthcarekg.org/ontology/lung_cancer,treatedBy,http://healthcarekg.org/ontology/paclitaxel,"lung cancer","Paclitaxel"
http://healthcarekg.org/ontology/osteoporosis,hasSymptom,http://healthcarekg.org/ontology/asthenia,"osteoporosis","Asthenia"
http://healthcarekg.org/ontology/head_and_neck_cancer,hasSymptom,http://healthcarekg.org/ontology/taste_disorders,"head and neck cancer","Taste Disorders"
http://healthcarekg.org/ontology/malignant_mesothelioma,hasSymptom,http://healthcarekg.org/ontology/abdominal_pain,"malignant mesothelioma","Abdominal Pain"
http://healthcarekg.org/ontology/muscle_cancer,treatedBy,http://healthcarekg.org/ontology/etoposide,"muscle cancer","Etoposide"
http://healthcarekg.org/ontology/malignant_glioma,hasSymptom,http://healthcarekg.org/ontology/muscle_weakness,"malignant glioma","Muscle Weakness"
http://healthcarekg.org/ontology/alzheimer_s_disease,hasSymptom,http://healthcarekg.org/ontology/primary_progressive_nonfluent_aphasia,"Alzheimer's disease","Primary Progressive Nonfluent Aphasia"
http://healthcarekg.org/ontology/alcohol_dependence,hasSymptom,http://healthcarekg.org/ontology/confusion,"alcohol dependence","Confusion"
http://healthcarekg.org/ontology/peritoneum_cancer,hasSymptom,http://healthcarekg.org/ontology/diarrhea,"peritoneum cancer","Diarrhea"
http://healthcarekg.org/ontology/meningioma,hasSymptom,http://healthcarekg.org/ontology/muscle_weakness,"meningioma","Muscle Weakness"
http://healthcarekg.org/ontology/glaucoma,hasSymptom,http://healthcarekg.org/ontology/rubinstein_taybi_syndrome,"glaucoma","Rubinstein-Taybi Syndrome"
http://healthcarekg.org/ontology/skin_cancer,hasSymptom,http://healthcarekg.org/ontology/deafness,"skin cancer","Deafness"
http://healthcarekg.org/ontology/breast_cancer,hasSymptom,http://healthcarekg.org/ontology/cachexia,"breast cancer","Cachexia"
http://healthcarekg.org/ontology/bone_cancer,hasSymptom,http://healthcarekg.org/ontology/brown_sequard_syndrome,"bone cancer","Brown-Sequard Syndrome"
http://healthcarekg.org/ontology/head_and_neck_cancer,hasSymptom,http://healthcarekg.org/ontology/oral_manifestations,"head and neck cancer","Oral Manifestations"
http://healthcarekg.org/ontology/kawasaki_disease,hasSymptom,http://healthcarekg.org/ontology/abdominal_pain,"Kawasaki disease","Abdominal Pain"
http://healthcarekg.org/ontology/mediastinal_cancer,hasSymptom,http://healthcarekg.org/ontology/dyspnea,"mediastinal cancer","Dyspnea"
http://healthcarekg.org/ontology/thyroid_cancer,hasSymptom,http://healthcarekg.org/ontology/neck_pain,"thyroid cancer","Neck Pain"
http://healthcarekg.org/ontology/parkinson_s_disease,hasSymptom,http://healthcarekg.org/ontology/anomia,"Parkinson's disease","Anomia"
http://healthcarekg.org/ontology/vascular_cancer,hasSymptom,http://healthcarekg.org/ontology/muscle_weakness,"vascular cancer","Muscle Weakness"
http://healthcarekg.org/ontology/graves_disease,hasSymptom,http://healthcarekg.org/ontology/purpura_thrombocytopenic,"Graves' disease","Purpura, Thrombocytopenic"
http://healthcarekg.org/ontology/alzheimer_s_disease,hasSymptom,http://healthcarekg.org/ontology/speech_disorders,"Alzheimer's disease","Speech Disorders"
http://healthcarekg.org/ontology/head_and_neck_cancer,hasSymptom,http://healthcarekg.org/ontology/vertigo,"head and neck cancer","Vertigo"
http://healthcarekg.org/ontology/urinary_bladder_cancer,treatedBy,http://healthcarekg.org/ontology/cisplatin,"urinary bladder cancer","Cisplatin"
http://healthcarekg.org/ontology/vascular_cancer,hasSymptom,http://healthcarekg.org/ontology/fever,"vascular cancer","Fever"
http://healthcarekg.org/ontology/type_2_diabetes_mellitus,treatedBy,http://healthcarekg.org/ontology/gliclazide,"type 2 diabetes mellitus","Gliclazide"
http://healthcarekg.org/ontology/brain_cancer,hasSymptom,http://healthcarekg.org/ontology/hemifacial_spasm,"brain cancer","Hemifacial Spasm"
http://healthcarekg.org/ontology/narcolepsy,hasSymptom,http://healthcarekg.org/ontology/sleep_apnea_syndromes,"Narcolepsy","Sleep Apnea Syndromes"
http://healthcarekg.org/ontology/rectum_cancer,hasSymptom,http://healthcarekg.org/ontology/anorexia,"rectum cancer","Anorexia"
http://healthcarekg.org/ontology/urinary_bladder_cancer,hasSymptom,http://healthcarekg.org/ontology/vomiting,"urinary bladder cancer","Vomiting"
http://healthcarekg.org/ontology/lung_cancer,hasSymptom,http://healthcarekg.org/ontology/brown_sequard_syndrome,"lung cancer","Brown-Sequard Syndrome"
http://healthcarekg.org/ontology/brain_cancer,hasSymptom,http://healthcarekg.org/ontology/korsakoff_syndrome,"brain cancer","Korsakoff Syndrome"
http://healthcarekg.org/ontology/pancreatic_cancer,hasSymptom,http://healthcarekg.org/ontology/confusion,"pancreatic cancer","Confusion"
http://healthcarekg.org/ontology/head_and_neck_cancer,hasSymptom,http://healthcarekg.org/ontology/toothache,"head and neck cancer","Toothache"
http://healthcarekg.org/ontology/anemia,hasSymptom,http://healthcarekg.org/ontology/paresthesia,"anemia","Paresthesia"
http://healthcarekg.org/ontology/alcohol_dependence,hasSymptom,http://healthcarekg.org/ontology/alkalosis_respiratory,"alcohol dependence","Alkalosis, Respiratory"
http://healthcarekg.org/ontology/ulcerative_colitis,hasSymptom,http://healthcarekg.org/ontology/purpura_thrombocytopenic_idiopathic,"ulcerative colitis","Purpura, Thrombocytopenic, Idiopathic"
http://healthcarekg.org/ontology/autistic_disorder,hasSymptom,http://healthcarekg.org/ontology/catatonia,"autistic disorder","Catatonia"
http://healthcarekg.org/ontology/head_and_neck_cancer,hasSymptom,http://healthcarekg.org/ontology/cerebrospinal_fluid_leak,"head and neck cancer","Cerebrospinal Fluid Leak"
http://healthcarekg.org/ontology/epilepsy_syndrome,treatedBy,http://healthcarekg.org/ontology/amobarbital,"epilepsy syndrome","Amobarbital"
http://healthcarekg.org/ontology/endogenous_depression,hasSymptom,http://healthcarekg.org/ontology/aphasia,"endogenous depression","Aphasia"
http://healthcarekg.org/ontology/germ_cell_cancer,hasSymptom,http://healthcarekg.org/ontology/hoarseness,"germ cell cancer","Hoarseness"
http://healthcarekg.org/ontology/graves_disease,hasSymptom,http://healthcarekg.org/ontology/hypergammaglobulinemia,"Graves' disease","Hypergammaglobulinemia"
http://healthcarekg.org/ontology/head_and_neck_cancer,hasSymptom,http://healthcarekg.org/ontology/paralysis,"head and neck cancer","Paralysis"
http://healthcarekg.org/ontology/chronic_kidney_failure,hasSymptom,http://healthcarekg.org/ontology/edema,"chronic kidney failure","Edema"
http://healthcarekg.org/ontology/prostate_cancer,treatedBy,http://healthcarekg.org/ontology/estradiol,"prostate cancer","Estradiol"
http://healthcarekg.org/ontology/kidney_cancer,hasSymptom,http://healthcarekg.org/ontology/low_back_pain,"kidney cancer","Low Back Pain"
http://healthcarekg.org/ontology/crohn_s_disease,hasSymptom,http://healthcarekg.org/ontology/purpura_thrombocytopenic_idiopathic,"Crohn's disease","Purpura, Thrombocytopenic, Idiopathic"
http://healthcarekg.org/ontology/narcolepsy,hasSymptom,http://healthcarekg.org/ontology/catalepsy,"Narcolepsy","Catalepsy"
http://healthcarekg.org/ontology/systemic_lupus_erythematosus,treatedBy,http://healthcarekg.org/ontology/dapsone,"systemic lupus erythematosus","Dapsone"
http://healthcarekg.org/ontology/colon_cancer,hasSymptom,http://healthcarekg.org/ontology/vomiting_anticipatory,"colon cancer","Vomiting, Anticipatory"
http://healthcarekg.org/ontology/coronary_artery_disease,hasSymptom,http://healthcarekg.org/ontology/edema_cardiac,"coronary artery disease","Edema, Cardiac"
http://healthcarekg.org/ontology/ulcerative_colitis,treatedBy,http://healthcarekg.org/ontology/budesonide,"ulcerative colitis","Budesonide"
http://healthcarekg.org/ontology/creutzfeldt_jakob_disease,hasSymptom,http://healthcarekg.org/ontology/gait_ataxia,"Creutzfeldt-Jakob disease","Gait Ataxia"
http://healthcarekg.org/ontology/primary_biliary_cirrhosis,hasSymptom,http://healthcarekg.org/ontology/hypergammaglobulinemia,"primary biliary cirrhosis","Hypergammaglobulinemia"
http://healthcarekg.org/ontology/germ_cell_cancer,hasSymptom,http://healthcarekg.org/ontology/sciatica,"germ cell cancer","Sciatica"
http://healthcarekg.org/ontology/lung_cancer,treatedBy,http://healthcarekg.org/ontology/erlotinib,"lung cancer","Erlotinib"
http://healthcarekg.org/ontology/multiple_sclerosis,hasSymptom,http://healthcarekg.org/ontology/muscle_weakness,"multiple sclerosis","Muscle Weakness"
http://healthcarekg.org/ontology/rheumatoid_arthritis,hasSymptom,http://healthcarekg.org/ontology/purpura_schoenlein_henoch,"rheumatoid arthritis","Purpura, Schoenlein-Henoch"
http://healthcarekg.org/ontology/type_2_diabetes_mellitus,hasSymptom,http://healthcarekg.org/ontology/albuminuria,"type 2 diabetes mellitus","Albuminuria"
http://healthcarekg.org/ontology/mediastinal_cancer,hasSymptom,http://healthcarekg.org/ontology/heart_murmurs,"mediastinal cancer","Heart Murmurs"
http://healthcarekg.org/ontology/vulva_cancer,hasSymptom,http://healthcarekg.org/ontology/pain,"vulva cancer","Pain"
http://healthcarekg.org/ontology/larynx_cancer,hasSymptom,http://healthcarekg.org/ontology/aphonia,"larynx cancer","Aphonia"
http://healthcarekg.org/ontology/hypertension,hasSymptom,http://healthcarekg.org/ontology/cardiac_output_low,"hypertension","Cardiac Output, Low"
http://healthcarekg.org/ontology/germ_cell_cancer,hasSymptom,http://healthcarekg.org/ontology/cardiac_output_high,"germ cell cancer","Cardiac Output, High"
http://healthcarekg.org/ontology/autistic_disorder,hasSymptom,http://healthcarekg.org/ontology/echolalia,"autistic disorder","Echolalia"
http://healthcarekg.org/ontology/hypothyroidism,treatedBy,http://healthcarekg.org/ontology/dextrothyroxine,"hypothyroidism","Dextrothyroxine"
http://healthcarekg.org/ontology/anemia,hasSymptom,http://healthcarekg.org/ontology/mucopolysaccharidosis_ii,"anemia","Mucopolysaccharidosis II"
http://healthcarekg.org/ontology/germ_cell_cancer,hasSymptom,http://healthcarekg.org/ontology/failure_to_thrive,"germ cell cancer","Failure to Thrive"
http://healthcarekg.org/ontology/gout,treatedBy,http://healthcarekg.org/ontology/prednisone,"gout","Prednisone"
http://healthcarekg.org/ontology/rectum_cancer,hasSymptom,http://healthcarekg.org/ontology/pain_postoperative,"rectum cancer","Pain, Postoperative"
http://healthcarekg.org/ontology/hematologic_cancer,treatedBy,http://healthcarekg.org/ontology/doxorubicin,"hematologic cancer","Doxorubicin"
http://healthcarekg.org/ontology/lymphatic_system_cancer,treatedBy,http://healthcarekg.org/ontology/cytarabine,"lymphatic system cancer","Cytarabine"
http://healthcarekg.org/ontology/polycystic_ovary_syndrome,treatedBy,http://healthcarekg.org/ontology/metformin,"polycystic ovary syndrome","Metformin"
http://healthcarekg.org/ontology/ovarian_cancer,treatedBy,http://healthcarekg.org/ontology/epirubicin,"ovarian cancer","Epirubicin"
http://healthcarekg.org/ontology/bone_cancer,treatedBy,http://healthcarekg.org/ontology/methotrexate,"bone cancer","Methotrexate"
http://healthcarekg.org/ontology/dental_caries,hasSymptom,http://healthcarekg.org/ontology/facial_pain,"dental caries","Facial Pain"
http://healthcarekg.org/ontology/osteoporosis,hasSymptom,http://healthcarekg.org/ontology/hot_flashes,"osteoporosis","Hot Flashes"
http://healthcarekg.org/ontology/retroperitoneal_cancer,hasSymptom,http://healthcarekg.org/ontology/abdominal_pain,"retroperitoneal cancer","Abdominal Pain"
http://healthcarekg.org/ontology/anemia,hasSymptom,http://healthcarekg.org/ontology/reticulocytosis,"anemia","Reticulocytosis"
http://healthcarekg.org/ontology/malignant_glioma,hasSymptom,http://healthcarekg.org/ontology/hearing_loss_sensorineural,"malignant glioma","Hearing Loss, Sensorineural"
http://healthcarekg.org/ontology/acquired_immunodeficiency_syndrome,hasSymptom,http://healthcarekg.org/ontology/anorexia,"acquired immunodeficiency syndrome","Anorexia"
http://healthcarekg.org/ontology/graves_disease,hasSymptom,http://healthcarekg.org/ontology/edema,"Graves' disease","Edema"
http://healthcarekg.org/ontology/celiac_disease,hasSymptom,http://healthcarekg.org/ontology/down_syndrome,"celiac disease","Down Syndrome"
http://healthcarekg.org/ontology/colon_cancer,treatedBy,http://healthcarekg.org/ontology/methotrexate,"colon cancer","Methotrexate"
http://healthcarekg.org/ontology/asthma,treatedBy,http://healthcarekg.org/ontology/pirbuterol,"asthma","Pirbuterol"
http://healthcarekg.org/ontology/systemic_lupus_erythematosus,treatedBy,http://healthcarekg.org/ontology/prednisone,"systemic lupus erythematosus","Prednisone"
http://healthcarekg.org/ontology/obesity,treatedBy,http://healthcarekg.org/ontology/orlistat,"Obesity","Orlistat"
http://healthcarekg.org/ontology/schizophrenia,hasSymptom,http://healthcarekg.org/ontology/insulin_coma,"schizophrenia","Insulin Coma"
http://healthcarekg.org/ontology/dilated_cardiomyopathy,hasSymptom,http://healthcarekg.org/ontology/fetal_hypoxia,"dilated cardiomyopathy","Fetal Hypoxia"
http://healthcarekg.org/ontology/breast_cancer,treatedBy,http://healthcarekg.org/ontology/tamoxifen,"breast cancer","Tamoxifen"
http://healthcarekg.org/ontology/meningioma,hasSymptom,http://healthcarekg.org/ontology/hearing_loss_sensorineural,"meningioma","Hearing Loss, Sensorineural"
http://healthcarekg.org/ontology/chronic_obstructive_pulmonary_disease,treatedBy,http://healthcarekg.org/ontology/prednisolone,"chronic obstructive pulmonary disease","Prednisolone"
http://healthcarekg.org/ontology/epilepsy_syndrome,treatedBy,http://healthcarekg.org/ontology/phenytoin,"epilepsy syndrome","Phenytoin"
http://healthcarekg.org/ontology/crohn_s_disease,hasSymptom,http://healthcarekg.org/ontology/low_back_pain,"Crohn's disease","Low Back Pain"
http://healthcarekg.org/ontology/thymus_cancer,hasSymptom,http://healthcarekg.org/ontology/hemoptysis,"thymus cancer","Hemoptysis"
http://healthcarekg.org/ontology/malignant_glioma,hasSymptom,http://healthcarekg.org/ontology/language_disorders,"malignant glioma","Language Disorders"
http://healthcarekg.org/ontology/multiple_sclerosis,hasSymptom,http://healthcarekg.org/ontology/mobility_limitation,"multiple sclerosis","Mobility Limitation"
http://healthcarekg.org/ontology/psoriasis,hasSymptom,http://healthcarekg.org/ontology/pruritus_vulvae,"psoriasis","Pruritus Vulvae"
http://healthcarekg.org/ontology/attention_deficit_hyperactivity_disorder,hasSymptom,http://healthcarekg.org/ontology/apraxias,"attention deficit hyperactivity disorder","Apraxias"
http://healthcarekg.org/ontology/chronic_obstructive_pulmonary_disease,hasSymptom,http://healthcarekg.org/ontology/tachypnea,"chronic obstructive pulmonary disease","Tachypnea"
http://healthcarekg.org/ontology/parkinson_s_disease,hasSymptom,http://healthcarekg.org/ontology/cerebellar_ataxia,"Parkinson's disease","Cerebellar Ataxia"
http://healthcarekg.org/ontology/migraine,hasSymptom,http://healthcarekg.org/ontology/hallucinations,"migraine","Hallucinations"
http://healthcarekg.org/ontology/lung_cancer,treatedBy,http://healthcarekg.org/ontology/methotrexate,"lung cancer","Methotrexate"
http://healthcarekg.org/ontology/prostate_cancer,hasSymptom,http://healthcarekg.org/ontology/nociceptive_pain,"prostate cancer","Nociceptive Pain"
http://healthcarekg.org/ontology/coronary_artery_disease,treatedBy,http://healthcarekg.org/ontology/furosemide,"coronary artery disease","Furosemide"
http://healthcarekg.org/ontology/peripheral_nervous_system_neoplasm,hasSymptom,http://healthcarekg.org/ontology/horner_syndrome,"peripheral nervous system neoplasm","Horner Syndrome"
http://healthcarekg.org/ontology/asthma,treatedBy,http://healthcarekg.org/ontology/isoetarine,"asthma","Isoetarine"
http://healthcarekg.org/ontology/schizophrenia,hasSymptom,http://healthcarekg.org/ontology/auditory_perceptual_disorders,"schizophrenia","Auditory Perceptual Disorders"
http://healthcarekg.org/ontology/abdominal_aortic_aneurysm,hasSymptom,http://healthcarekg.org/ontology/cardiac_output_high,"abdominal aortic aneurysm","Cardiac Output, High"
http://healthcarekg.org/ontology/endogenous_depression,hasSymptom,http://healthcarekg.org/ontology/pain_threshold,"endogenous depression","Pain Threshold"
http://healthcarekg.org/ontology/thoracic_aortic_aneurysm,hasSymptom,http://healthcarekg.org/ontology/paraparesis,"thoracic aortic aneurysm","Paraparesis"
http://healthcarekg.org/ontology/mediastinal_cancer,hasSymptom,http://healthcarekg.org/ontology/opsoclonus_myoclonus_syndrome,"mediastinal cancer","Opsoclonus-Myoclonus Syndrome"
http://healthcarekg.org/ontology/amyotrophic_lateral_sclerosis,hasSymptom,http://healthcarekg.org/ontology/sleep_apnea_central,"amyotrophic lateral sclerosis","Sleep Apnea, Central"
http://healthcarekg.org/ontology/breast_cancer,hasSymptom,http://healthcarekg.org/ontology/paresthesia,"breast cancer","Paresthesia"
http://healthcarekg.org/ontology/penile_cancer,hasSymptom,http://healthcarekg.org/ontology/pain,"penile cancer","Pain"
http://healthcarekg.org/ontology/ovarian_cancer,hasSymptom,http://healthcarekg.org/ontology/virilism,"ovarian cancer","Virilism"
http://healthcarekg.org/ontology/migraine,hasSymptom,http://healthcarekg.org/ontology/neurogenic_inflammation,"migraine","Neurogenic Inflammation"
http://healthcarekg.org/ontology/behcet_s_disease,hasSymptom,http://healthcarekg.org/ontology/dysarthria,"Behcet's disease","Dysarthria"
http://healthcarekg.org/ontology/urinary_bladder_cancer,hasSymptom,http://healthcarekg.org/ontology/urinary_incontinence_stress,"urinary bladder cancer","Urinary Incontinence, Stress"
http://healthcarekg.org/ontology/type_1_diabetes_mellitus,hasSymptom,http://healthcarekg.org/ontology/color_vision_defects,"type 1 diabetes mellitus","Color Vision Defects"
http://healthcarekg.org/ontology/lymphatic_system_cancer,treatedBy,http://healthcarekg.org/ontology/teniposide,"lymphatic system cancer","Teniposide"
http://healthcarekg.org/ontology/melanoma,treatedBy,http://healthcarekg.org/ontology/temozolomide,"melanoma","Temozolomide"
http://healthcarekg.org/ontology/testicular_cancer,treatedBy,http://healthcarekg.org/ontology/carboplatin,"testicular cancer","Carboplatin"
http://healthcarekg.org/ontology/kidney_cancer,hasSymptom,http://healthcarekg.org/ontology/oliguria,"kidney cancer","Oliguria"
http://healthcarekg.org/ontology/allergic_rhinitis,treatedBy,http://healthcarekg.org/ontology/desloratadine,"allergic rhinitis","Desloratadine"
http://healthcarekg.org/ontology/urinary_bladder_cancer,treatedBy,http://healthcarekg.org/ontology/methotrexate,"urinary bladder cancer","Methotrexate"
http://healthcarekg.org/ontology/pancreatitis,hasSymptom,http://healthcarekg.org/ontology/retinal_hemorrhage,"pancreatitis","Retinal Hemorrhage"
http://healthcarekg.org/ontology/vaginal_cancer,hasSymptom,http://healthcarekg.org/ontology/pain,"vaginal cancer","Pain"
http://healthcarekg.org/ontology/gallbladder_cancer,hasSymptom,http://healthcarekg.org/ontology/jaundice_obstructive,"gallbladder cancer","Jaundice, Obstructive"
http://healthcarekg.org/ontology/barrett_s_esophagus,hasSymptom,http://healthcarekg.org/ontology/dyspepsia,"Barrett's esophagus","Dyspepsia"
http://healthcarekg.org/ontology/attention_deficit_hyperactivity_disorder,hasSymptom,http://healthcarekg.org/ontology/perceptual_disorders,"attention deficit hyperactivity disorder","Perceptual Disorders"
http://healthcarekg.org/ontology/lymphatic_system_cancer,treatedBy,http://healthcarekg.org/ontology/bleomycin,"lymphatic system cancer","Bleomycin"
http://healthcarekg.org/ontology/parkinson_s_disease,hasSymptom,http://healthcarekg.org/ontology/sleep_initiation_and_maintenance_disorders,"Parkinson's disease","Sleep Initiation and Maintenance Disorders"
http://healthcarekg.org/ontology/behcet_s_disease,hasSymptom,http://healthcarekg.org/ontology/retinal_hemorrhage,"Behcet's disease","Retinal Hemorrhage"
http://healthcarekg.org/ontology/narcolepsy,hasSymptom,http://healthcarekg.org/ontology/rem_sleep_parasomnias,"Narcolepsy","REM Sleep Parasomnias"
http://healthcarekg.org/ontology/nephrolithiasis,hasSymptom,http://healthcarekg.org/ontology/back_pain,"nephrolithiasis","Back Pain"
http://healthcarekg.org/ontology/dental_caries,hasSymptom,http://healthcarekg.org/ontology/thinness,"dental caries","Thinness"
http://healthcarekg.org/ontology/idiopathic_pulmonary_fibrosis,hasSymptom,http://healthcarekg.org/ontology/aging_premature,"idiopathic pulmonary fibrosis","Aging, Premature"
http://healthcarekg.org/ontology/liver_cancer,treatedBy,http://healthcarekg.org/ontology/doxorubicin,"liver cancer","Doxorubicin"
http://healthcarekg.org/ontology/muscle_cancer,hasSymptom,http://healthcarekg.org/ontology/torticollis,"muscle cancer","Torticollis"
http://healthcarekg.org/ontology/malignant_glioma,hasSymptom,http://healthcarekg.org/ontology/gait_disorders_neurologic,"malignant glioma","Gait Disorders, Neurologic"
http://healthcarekg.org/ontology/uterine_cancer,hasSymptom,http://healthcarekg.org/ontology/pain_intractable,"uterine cancer","Pain, Intractable"
http://healthcarekg.org/ontology/coronary_artery_disease,treatedBy,http://healthcarekg.org/ontology/valsartan,"coronary artery disease","Valsartan"
http://healthcarekg.org/ontology/brain_cancer,hasSymptom,http://healthcarekg.org/ontology/reflex_abnormal,"brain cancer","Reflex, Abnormal"
http://healthcarekg.org/ontology/colon_cancer,hasSymptom,http://healthcarekg.org/ontology/vomiting,"colon cancer","Vomiting"
http://healthcarekg.org/ontology/panic_disorder,hasSymptom,http://healthcarekg.org/ontology/hypocapnia,"panic disorder","Hypocapnia"
http://healthcarekg.org/ontology/refractive_error,hasSymptom,http://healthcarekg.org/ontology/down_syndrome,"refractive error","Down Syndrome"
http://healthcarekg.org/ontology/skin_cancer,hasSymptom,http://healthcarekg.org/ontology/hyperalgesia,"skin cancer","Hyperalgesia"
http://healthcarekg.org/ontology/multiple_sclerosis,hasSymptom,http://healthcarekg.org/ontology/pseudobulbar_palsy,"multiple sclerosis","Pseudobulbar Palsy"
http://healthcarekg.org/ontology/head_and_neck_cancer,hasSymptom,http://healthcarekg.org/ontology/diarrhea,"head and neck cancer","Diarrhea"
http://healthcarekg.org/ontology/malignant_mesothelioma,hasSymptom,http://healthcarekg.org/ontology/hemoptysis,"malignant mesothelioma","Hemoptysis"
http://healthcarekg.org/ontology/coronary_artery_disease,treatedBy,http://healthcarekg.org/ontology/gemfibrozil,"coronary artery disease","Gemfibrozil"
http://healthcarekg.org/ontology/multiple_sclerosis,hasSymptom,http://healthcarekg.org/ontology/huntington_disease,"multiple sclerosis","Huntington Disease"
http://healthcarekg.org/ontology/chronic_kidney_failure,hasSymptom,http://healthcarekg.org/ontology/muscle_cramp,"chronic kidney failure","Muscle Cramp"
http://healthcarekg.org/ontology/cleft_lip,hasSymptom,http://healthcarekg.org/ontology/birth_weight,"cleft lip","Birth Weight"
http://healthcarekg.org/ontology/meningioma,hasSymptom,http://healthcarekg.org/ontology/hearing_disorders,"meningioma","Hearing Disorders"
http://healthcarekg.org/ontology/germ_cell_cancer,hasSymptom,http://healthcarekg.org/ontology/tinea_pedis,"germ cell cancer","Tinea Pedis"
http://healthcarekg.org/ontology/multiple_sclerosis,hasSymptom,http://healthcarekg.org/ontology/urinary_incontinence_urge,"multiple sclerosis","Urinary Incontinence, Urge"
http://healthcarekg.org/ontology/germ_cell_cancer,hasSymptom,http://healthcarekg.org/ontology/hemifacial_spasm,"germ cell cancer","Hemifacial Spasm"
http://healthcarekg.org/ontology/panic_disorder,hasSymptom,http://healthcarekg.org/ontology/hallucinations,"panic disorder","Hallucinations"
http://healthcarekg.org/ontology/osteoarthritis,hasSymptom,http://healthcarekg.org/ontology/neck_pain,"osteoarthritis","Neck Pain"
http://healthcarekg.org/ontology/coronary_artery_disease,hasSymptom,http://healthcarekg.org/ontology/angina_pectoris_variant,"coronary artery disease","Angina Pectoris, Variant"
http://healthcarekg.org/ontology/hypothyroidism,hasSymptom,http://healthcarekg.org/ontology/coma,"hypothyroidism","Coma"
http://healthcarekg.org/ontology/pancreatic_cancer,hasSymptom,http://healthcarekg.org/ontology/diarrhea,"pancreatic cancer","Diarrhea"
http://healthcarekg.org/ontology/testicular_cancer,hasSymptom,http://healthcarekg.org/ontology/abdomen_acute,"testicular cancer","Abdomen, Acute"
http://healthcarekg.org/ontology/obesity,hasSymptom,http://healthcarekg.org/ontology/obesity_morbid,"Obesity","Obesity, Morbid"
http://healthcarekg.org/ontology/malaria,hasSymptom,http://healthcarekg.org/ontology/fever,"malaria","Fever"
http://healthcarekg.org/ontology/migraine,hasSymptom,http://healthcarekg.org/ontology/prosopagnosia,"migraine","Prosopagnosia"
http://healthcarekg.org/ontology/hypertension,treatedBy,http://healthcarekg.org/ontology/furosemide,"hypertension","Furosemide"
http://healthcarekg.org/ontology/kidney_cancer,hasSymptom,http://healthcarekg.org/ontology/asthenia,"kidney cancer","Asthenia"
http://healthcarekg.org/ontology/asthma,hasSymptom,http://healthcarekg.org/ontology/hypocapnia,"asthma","Hypocapnia"
http://healthcarekg.org/ontology/kidney_cancer,hasSymptom,http://healthcarekg.org/ontology/abdominal_pain,"kidney cancer","Abdominal Pain"
http://healthcarekg.org/ontology/asthma,hasSymptom,http://healthcarekg.org/ontology/snoring,"asthma","Snoring"
http://healthcarekg.org/ontology/ocular_cancer,hasSymptom,http://healthcarekg.org/ontology/retinal_hemorrhage,"ocular cancer","Retinal Hemorrhage"
http://healthcarekg.org/ontology/migraine,treatedBy,http://healthcarekg.org/ontology/gabapentin,"migraine","Gabapentin"
http://healthcarekg.org/ontology/pharynx_cancer,hasSymptom,http://healthcarekg.org/ontology/facial_pain,"pharynx cancer","Facial Pain"
http://healthcarekg.org/ontology/ankylosing_spondylitis,treatedBy,http://healthcarekg.org/ontology/dexamethasone,"ankylosing spondylitis","Dexamethasone"
http://healthcarekg.org/ontology/systemic_scleroderma,hasSymptom,http://healthcarekg.org/ontology/spasm,"systemic scleroderma","Spasm"
http://healthcarekg.org/ontology/glaucoma,treatedBy,http://healthcarekg.org/ontology/echothiophate,"glaucoma","Echothiophate"
http://healthcarekg.org/ontology/systemic_scleroderma,hasSymptom,http://healthcarekg.org/ontology/cyanosis,"systemic scleroderma","Cyanosis"
http://healthcarekg.org/ontology/skin_cancer,hasSymptom,http://healthcarekg.org/ontology/nausea,"skin cancer","Nausea"
http://healthcarekg.org/ontology/fallopian_tube_cancer,hasSymptom,http://healthcarekg.org/ontology/cerebellar_ataxia,"fallopian tube cancer","Cerebellar Ataxia"
http://healthcarekg.org/ontology/head_and_neck_cancer,hasSymptom,http://healthcarekg.org/ontology/hemoptysis,"head and neck cancer","Hemoptysis"
http://healthcarekg.org/ontology/coronary_artery_disease,treatedBy,http://healthcarekg.org/ontology/ticagrelor,"coronary artery disease","Ticagrelor"
http://healthcarekg.org/ontology/primary_biliary_cirrhosis,hasSymptom,http://healthcarekg.org/ontology/jaundice_obstructive,"primary biliary cirrhosis","Jaundice, Obstructive"
http://healthcarekg.org/ontology/coronary_artery_disease,treatedBy,http://healthcarekg.org/ontology/enalapril,"coronary artery disease","Enalapril"
http://healthcarekg.org/ontology/migraine,treatedBy,http://healthcarekg.org/ontology/valproic_acid,"migraine","Valproic Acid"
http://healthcarekg.org/ontology/type_2_diabetes_mellitus,hasSymptom,http://healthcarekg.org/ontology/overweight,"type 2 diabetes mellitus","Overweight"
http://healthcarekg.org/ontology/amyotrophic_lateral_sclerosis,hasSymptom,http://healthcarekg.org/ontology/dyspnea,"amyotrophic lateral sclerosis","Dyspnea"
http://healthcarekg.org/ontology/thyroid_cancer,hasSymptom,http://healthcarekg.org/ontology/pain_postoperative,"thyroid cancer","Pain, Postoperative"
http://healthcarekg.org/ontology/attention_deficit_hyperactivity_disorder,hasSymptom,http://healthcarekg.org/ontology/williams_syndrome,"attention deficit hyperactivity disorder","Williams Syndrome"
http://healthcarekg.org/ontology/breast_cancer,treatedBy,http://healthcarekg.org/ontology/idarubicin,"breast cancer","Idarubicin"
http://healthcarekg.org/ontology/alcohol_dependence,hasSymptom,http://healthcarekg.org/ontology/psychophysiologic_disorders,"alcohol dependence","Psychophysiologic Disorders"
http://healthcarekg.org/ontology/parkinson_s_disease,hasSymptom,http://healthcarekg.org/ontology/phantom_limb,"Parkinson's disease","Phantom Limb"
http://healthcarekg.org/ontology/muscle_cancer,hasSymptom,http://healthcarekg.org/ontology/eye_hemorrhage,"muscle cancer","Eye Hemorrhage"
http://healthcarekg.org/ontology/malignant_glioma,hasSymptom,http://healthcarekg.org/ontology/confusion,"malignant glioma","Confusion"
http://healthcarekg.org/ontology/spinal_cancer,hasSymptom,http://healthcarekg.org/ontology/torticollis,"spinal cancer","Torticollis"
http://healthcarekg.org/ontology/malignant_glioma,hasSymptom,http://healthcarekg.org/ontology/vertigo,"malignant glioma","Vertigo"
http://healthcarekg.org/ontology/pancreatic_cancer,treatedBy,http://healthcarekg.org/ontology/irinotecan,"pancreatic cancer","Irinotecan"
http://healthcarekg.org/ontology/malignant_glioma,hasSymptom,http://healthcarekg.org/ontology/myoclonus,"malignant glioma","Myoclonus"
http://healthcarekg.org/ontology/sarcoma,treatedBy,http://healthcarekg.org/ontology/dacarbazine,"sarcoma","Dacarbazine"
http://healthcarekg.org/ontology/uterine_cancer,hasSymptom,http://healthcarekg.org/ontology/nausea,"uterine cancer","Nausea"
http://healthcarekg.org/ontology/kidney_cancer,hasSymptom,http://healthcarekg.org/ontology/fatigue,"kidney cancer","Fatigue"
http://healthcarekg.org/ontology/meningioma,hasSymptom,http://healthcarekg.org/ontology/confusion,"meningioma","Confusion"
http://healthcarekg.org/ontology/kidney_cancer,treatedBy,http://healthcarekg.org/ontology/sorafenib,"kidney cancer","Sorafenib"
http://healthcarekg.org/ontology/uterine_fibroid,hasSymptom,http://healthcarekg.org/ontology/pain_postoperative,"uterine fibroid","Pain, Postoperative"
http://healthcarekg.org/ontology/parkinson_s_disease,hasSymptom,http://healthcarekg.org/ontology/dystonia,"Parkinson's disease","Dystonia"
http://healthcarekg.org/ontology/pharynx_cancer,hasSymptom,http://healthcarekg.org/ontology/myokymia,"pharynx cancer","Myokymia"
http://healthcarekg.org/ontology/stomach_cancer,hasSymptom,http://healthcarekg.org/ontology/eructation,"stomach cancer","Eructation"
http://healthcarekg.org/ontology/peripheral_nervous_system_neoplasm,treatedBy,http://healthcarekg.org/ontology/topotecan,"peripheral nervous system neoplasm","Topotecan"
http://healthcarekg.org/ontology/primary_biliary_cirrhosis,hasSymptom,http://healthcarekg.org/ontology/night_blindness,"primary biliary cirrhosis","Night Blindness"
http://healthcarekg.org/ontology/alzheimer_s_disease,hasSymptom,http://healthcarekg.org/ontology/persistent_vegetative_state,"Alzheimer's disease","Persistent Vegetative State"
http://healthcarekg.org/ontology/ulcerative_colitis,treatedBy,http://healthcarekg.org/ontology/mercaptopurine,"ulcerative colitis","Mercaptopurine"
http://healthcarekg.org/ontology/alzheimer_s_disease,hasSymptom,http://healthcarekg.org/ontology/communication_disorders,"Alzheimer's disease","Communication Disorders"
http://healthcarekg.org/ontology/allergic_rhinitis,hasSymptom,http://healthcarekg.org/ontology/sleep_apnea_obstructive,"allergic rhinitis","Sleep Apnea, Obstructive"
http://healthcarekg.org/ontology/atopic_dermatitis,hasSymptom,http://healthcarekg.org/ontology/hypergammaglobulinemia,"atopic dermatitis","Hypergammaglobulinemia"
http://healthcarekg.org/ontology/systemic_lupus_erythematosus,hasSymptom,http://healthcarekg.org/ontology/purpura_schoenlein_henoch,"systemic lupus erythematosus","Purpura, Schoenlein-Henoch"
http://healthcarekg.org/ontology/anemia,hasSymptom,http://healthcarekg.org/ontology/skin_manifestations,"anemia","Skin Manifestations"
http://healthcarekg.org/ontology/asthma,hasSymptom,http://healthcarekg.org/ontology/neurogenic_inflammation,"asthma","Neurogenic Inflammation"
http://healthcarekg.org/ontology/epilepsy_syndrome,hasSymptom,http://healthcarekg.org/ontology/cerebellar_ataxia,"epilepsy syndrome","Cerebellar Ataxia"
http://healthcarekg.org/ontology/type_2_diabetes_mellitus,hasSymptom,http://healthcarekg.org/ontology/weight_gain,"type 2 diabetes mellitus","Weight Gain"
http://healthcarekg.org/ontology/azoospermia,treatedBy,http://healthcarekg.org/ontology/clomifene,"azoospermia","Clomifene"
http://healthcarekg.org/ontology/ulcerative_colitis,hasSymptom,http://healthcarekg.org/ontology/abdominal_pain,"ulcerative colitis","Abdominal Pain"
http://healthcarekg.org/ontology/amyotrophic_lateral_sclerosis,hasSymptom,http://healthcarekg.org/ontology/cerebellar_ataxia,"amyotrophic lateral sclerosis","Cerebellar Ataxia"
http://healthcarekg.org/ontology/multiple_sclerosis,hasSymptom,http://healthcarekg.org/ontology/hearing_disorders,"multiple sclerosis","Hearing Disorders"
http://healthcarekg.org/ontology/attention_deficit_hyperactivity_disorder,hasSymptom,http://healthcarekg.org/ontology/language_development_disorders,"attention deficit hyperactivity disorder","Language Development Disorders"
http://healthcarekg.org/ontology/adrenal_gland_cancer,hasSymptom,http://healthcarekg.org/ontology/pain_postoperative,"adrenal gland cancer","Pain, Postoperative"
http://healthcarekg.org/ontology/chronic_kidney_failure,hasSymptom,http://healthcarekg.org/ontology/anoxia,"chronic kidney failure","Anoxia"
http://healthcarekg.org/ontology/narcolepsy,hasSymptom,http://healthcarekg.org/ontology/kleine_levin_syndrome,"Narcolepsy","Kleine-Levin Syndrome"
http://healthcarekg.org/ontology/meningioma,hasSymptom,http://healthcarekg.org/ontology/cerebrospinal_fluid_leak,"meningioma","Cerebrospinal Fluid Leak"
http://healthcarekg.org/ontology/malignant_glioma,hasSymptom,http://healthcarekg.org/ontology/paralysis,"malignant glioma","Paralysis"
http://healthcarekg.org/ontology/psoriasis,treatedBy,http://healthcarekg.org/ontology/mycophenolate_mofetil,"psoriasis","Mycophenolate mofetil"
http://healthcarekg.org/ontology/hypertension,treatedBy,http://healthcarekg.org/ontology/valsartan,"hypertension","Valsartan"
http://healthcarekg.org/ontology/epilepsy_syndrome,hasSymptom,http://healthcarekg.org/ontology/hemiplegia,"epilepsy syndrome","Hemiplegia"
http://healthcarekg.org/ontology/attention_deficit_hyperactivity_disorder,hasSymptom,http://healthcarekg.org/ontology/nocturnal_myoclonus_syndrome,"attention deficit hyperactivity disorder","Nocturnal Myoclonus Syndrome"
http://healthcarekg.org/ontology/salivary_gland_cancer,hasSymptom,http://healthcarekg.org/ontology/trismus,"salivary gland cancer","Trismus"
http://healthcarekg.org/ontology/nephrolithiasis,hasSymptom,http://healthcarekg.org/ontology/flank_pain,"nephrolithiasis","Flank Pain"
http://healthcarekg.org/ontology/duodenum_cancer,hasSymptom,http://healthcarekg.org/ontology/jaundice_obstructive,"duodenum cancer","Jaundice, Obstructive"
http://healthcarekg.org/ontology/ankylosing_spondylitis,treatedBy,http://healthcarekg.org/ontology/betamethasone,"ankylosing spondylitis","Betamethasone"
http://healthcarekg.org/ontology/meningioma,hasSymptom,http://healthcarekg.org/ontology/paralysis,"meningioma","Paralysis"
http://healthcarekg.org/ontology/crohn_s_disease,treatedBy,http://healthcarekg.org/ontology/mercaptopurine,"Crohn's disease","Mercaptopurine"
http://healthcarekg.org/ontology/salivary_gland_cancer,hasSymptom,http://healthcarekg.org/ontology/earache,"salivary gland cancer","Earache"
http://healthcarekg.org/ontology/muscle_cancer,hasSymptom,http://healthcarekg.org/ontology/hoarseness,"muscle cancer","Hoarseness"
http://healthcarekg.org/ontology/coronary_artery_disease,treatedBy,http://healthcarekg.org/ontology/niacin,"coronary artery disease","Niacin"
http://healthcarekg.org/ontology/crohn_s_disease,hasSymptom,http://healthcarekg.org/ontology/abdominal_pain,"Crohn's disease","Abdominal Pain"
http://healthcarekg.org/ontology/thoracic_aortic_aneurysm,hasSymptom,http://healthcarekg.org/ontology/paresis,"thoracic aortic aneurysm","Paresis"
http://healthcarekg.org/ontology/uterine_fibroid,hasSymptom,http://healthcarekg.org/ontology/edema,"uterine fibroid","Edema"
http://healthcarekg.org/ontology/migraine,treatedBy,http://healthcarekg.org/ontology/propranolol,"migraine","Propranolol"
http://healthcarekg.org/ontology/amyotrophic_lateral_sclerosis,hasSymptom,http://healthcarekg.org/ontology/fasciculation,"amyotrophic lateral sclerosis","Fasciculation"
http://healthcarekg.org/ontology/abdominal_aortic_aneurysm,hasSymptom,http://healthcarekg.org/ontology/back_pain,"abdominal aortic aneurysm","Back Pain"
http://healthcarekg.org/ontology/attention_deficit_hyperactivity_disorder,hasSymptom,http://healthcarekg.org/ontology/snoring,"attention deficit hyperactivity disorder","Snoring"
http://healthcarekg.org/ontology/gestational_diabetes,treatedBy,http://healthcarekg.org/ontology/glyburide,"gestational diabetes","Glyburide"
http://healthcarekg.org/ontology/gestational_diabetes,hasSymptom,http://healthcarekg.org/ontology/overweight,"gestational diabetes","Overweight"
http://healthcarekg.org/ontology/pancreatitis,hasSymptom,http://healthcarekg.org/ontology/abdominal_pain,"pancreatitis","Abdominal Pain"
http://healthcarekg.org/ontology/prostate_cancer,hasSymptom,http://healthcarekg.org/ontology/flatulence,"prostate cancer","Flatulence"
http://healthcarekg.org/ontology/hematologic_cancer,treatedBy,http://healthcarekg.org/ontology/procarbazine,"hematologic cancer","Procarbazine"
http://healthcarekg.org/ontology/ankylosing_spondylitis,hasSymptom,http://healthcarekg.org/ontology/sciatica,"ankylosing spondylitis","Sciatica"
http://healthcarekg.org/ontology/spinal_cancer,hasSymptom,http://healthcarekg.org/ontology/ataxia,"spinal cancer","Ataxia"
http://healthcarekg.org/ontology/systemic_scleroderma,hasSymptom,http://healthcarekg.org/ontology/gastroparesis,"systemic scleroderma","Gastroparesis"
http://healthcarekg.org/ontology/behcet_s_disease,hasSymptom,http://healthcarekg.org/ontology/abdominal_pain,"Behcet's disease","Abdominal Pain"
http://healthcarekg.org/ontology/breast_cancer,hasSymptom,http://healthcarekg.org/ontology/chronic_pain,"breast cancer","Chronic Pain"
http://healthcarekg.org/ontology/psoriasis,treatedBy,http://healthcarekg.org/ontology/dexamethasone,"psoriasis","Dexamethasone"
http://healthcarekg.org/ontology/cleft_lip,hasSymptom,http://healthcarekg.org/ontology/language_development_disorders,"cleft lip","Language Development Disorders"
http://healthcarekg.org/ontology/osteoarthritis,hasSymptom,http://healthcarekg.org/ontology/dyspepsia,"osteoarthritis","Dyspepsia"
http://healthcarekg.org/ontology/breast_cancer,treatedBy,http://healthcarekg.org/ontology/capecitabine,"breast cancer","Capecitabine"
http://healthcarekg.org/ontology/vulva_cancer,hasSymptom,http://healthcarekg.org/ontology/pruritus,"vulva cancer","Pruritus"
http://healthcarekg.org/ontology/psoriasis,treatedBy,http://healthcarekg.org/ontology/cyclosporine,"psoriasis","Cyclosporine"
http://healthcarekg.org/ontology/cervical_cancer,hasSymptom,http://healthcarekg.org/ontology/diarrhea,"cervical cancer","Diarrhea"
http://healthcarekg.org/ontology/age_related_macular_degeneration,hasSymptom,http://healthcarekg.org/ontology/choroid_hemorrhage,"age related macular degeneration","Choroid Hemorrhage"
http://healthcarekg.org/ontology/otosclerosis,hasSymptom,http://healthcarekg.org/ontology/tinnitus,"otosclerosis","Tinnitus"
http://healthcarekg.org/ontology/chronic_obstructive_pulmonary_disease,hasSymptom,http://healthcarekg.org/ontology/cough,"chronic obstructive pulmonary disease","Cough"
http://healthcarekg.org/ontology/acquired_immunodeficiency_syndrome,hasSymptom,http://healthcarekg.org/ontology/neuralgia,"acquired immunodeficiency syndrome","Neuralgia"
http://healthcarekg.org/ontology/gestational_diabetes,hasSymptom,http://healthcarekg.org/ontology/weight_gain,"gestational diabetes","Weight Gain"
http://healthcarekg.org/ontology/graves_disease,hasSymptom,http://healthcarekg.org/ontology/eye_manifestations,"Graves' disease","Eye Manifestations"
http://healthcarekg.org/ontology/alzheimer_s_disease,hasSymptom,http://healthcarekg.org/ontology/down_syndrome,"Alzheimer's disease","Down Syndrome"
http://healthcarekg.org/ontology/breast_cancer,hasSymptom,http://healthcarekg.org/ontology/pain,"breast cancer","Pain"
http://healthcarekg.org/ontology/age_related_macular_degeneration,hasSymptom,http://healthcarekg.org/ontology/amblyopia,"age related macular degeneration","Amblyopia"
http://healthcarekg.org/ontology/systemic_scleroderma,hasSymptom,http://healthcarekg.org/ontology/edema_cardiac,"systemic scleroderma","Edema, Cardiac"
http://healthcarekg.org/ontology/rheumatoid_arthritis,hasSymptom,http://healthcarekg.org/ontology/hyperalgesia,"rheumatoid arthritis","Hyperalgesia"
http://healthcarekg.org/ontology/coronary_artery_disease,hasSymptom,http://healthcarekg.org/ontology/chest_pain,"coronary artery disease","Chest Pain"
http://healthcarekg.org/ontology/epilepsy_syndrome,treatedBy,http://healthcarekg.org/ontology/topiramate,"epilepsy syndrome","Topiramate"
http://healthcarekg.org/ontology/hypertension,treatedBy,http://healthcarekg.org/ontology/bendroflumethiazide,"hypertension","Bendroflumethiazide"
http://healthcarekg.org/ontology/hypertension,treatedBy,http://healthcarekg.org/ontology/fenoldopam,"hypertension","Fenoldopam"
http://healthcarekg.org/ontology/hypertension,treatedBy,http://healthcarekg.org/ontology/enalapril,"hypertension","Enalapril"
http://healthcarekg.org/ontology/ovarian_cancer,hasSymptom,http://healthcarekg.org/ontology/opsoclonus_myoclonus_syndrome,"ovarian cancer","Opsoclonus-Myoclonus Syndrome"
http://healthcarekg.org/ontology/rectum_cancer,hasSymptom,http://healthcarekg.org/ontology/pelvic_pain,"rectum cancer","Pelvic Pain"
http://healthcarekg.org/ontology/head_and_neck_cancer,hasSymptom,http://healthcarekg.org/ontology/ecchymosis,"head and neck cancer","Ecchymosis"
http://healthcarekg.org/ontology/chronic_kidney_failure,hasSymptom,http://healthcarekg.org/ontology/sleep_disorders,"chronic kidney failure","Sleep Disorders"
http://healthcarekg.org/ontology/coronary_artery_disease,treatedBy,http://healthcarekg.org/ontology/lisinopril,"coronary artery disease","Lisinopril"
http://healthcarekg.org/ontology/migraine,hasSymptom,http://healthcarekg.org/ontology/mydriasis,"migraine","Mydriasis"
http://healthcarekg.org/ontology/pharynx_cancer,hasSymptom,http://healthcarekg.org/ontology/olfaction_disorders,"pharynx cancer","Olfaction Disorders"
http://healthcarekg.org/ontology/anemia,hasSymptom,http://healthcarekg.org/ontology/cardiac_output_low,"anemia","Cardiac Output, Low"
http://healthcarekg.org/ontology/multiple_sclerosis,hasSymptom,http://healthcarekg.org/ontology/paralysis,"multiple sclerosis","Paralysis"
http://healthcarekg.org/ontology/creutzfeldt_jakob_disease,hasSymptom,http://healthcarekg.org/ontology/memory_disorders,"Creutzfeldt-Jakob disease","Memory Disorders"
http://healthcarekg.org/ontology/nicotine_dependence,hasSymptom,http://healthcarekg.org/ontology/pain_threshold,"nicotine dependence","Pain Threshold"
http://healthcarekg.org/ontology/prostate_cancer,hasSymptom,http://healthcarekg.org/ontology/pain_intractable,"prostate cancer","Pain, Intractable"
http://healthcarekg.org/ontology/colon_cancer,treatedBy,http://healthcarekg.org/ontology/fluorouracil,"colon cancer","Fluorouracil"
http://healthcarekg.org/ontology/malaria,hasSymptom,http://healthcarekg.org/ontology/retinal_hemorrhage,"malaria","Retinal Hemorrhage"
http://healthcarekg.org/ontology/psoriasis,treatedBy,http://healthcarekg.org/ontology/betamethasone,"psoriasis","Betamethasone"
http://healthcarekg.org/ontology/intracranial_aneurysm,hasSymptom,http://healthcarekg.org/ontology/dyslexia_acquired,"intracranial aneurysm","Dyslexia, Acquired"
http://healthcarekg.org/ontology/mediastinal_cancer,hasSymptom,http://healthcarekg.org/ontology/hoarseness,"mediastinal cancer","Hoarseness"
http://healthcarekg.org/ontology/bipolar_disorder,hasSymptom,http://healthcarekg.org/ontology/sleep_deprivation,"bipolar disorder","Sleep Deprivation"
http://healthcarekg.org/ontology/kidney_cancer,hasSymptom,http://healthcarekg.org/ontology/anorexia,"kidney cancer","Anorexia"
http://healthcarekg.org/ontology/crohn_s_disease,hasSymptom,http://healthcarekg.org/ontology/dyspepsia,"Crohn's disease","Dyspepsia"
http://healthcarekg.org/ontology/hypertension,treatedBy,http://healthcarekg.org/ontology/nadolol,"hypertension","Nadolol"
http://healthcarekg.org/ontology/germ_cell_cancer,hasSymptom,http://healthcarekg.org/ontology/ataxia_telangiectasia,"germ cell cancer","Ataxia Telangiectasia"
http://healthcarekg.org/ontology/migraine,hasSymptom,http://healthcarekg.org/ontology/colic,"migraine","Colic"
http://healthcarekg.org/ontology/osteoporosis,hasSymptom,http://healthcarekg.org/ontology/tetany,"osteoporosis","Tetany"
http://healthcarekg.org/ontology/schizophrenia,hasSymptom,http://healthcarekg.org/ontology/communication_disorders,"schizophrenia","Communication Disorders"
http://healthcarekg.org/ontology/vaginal_cancer,hasSymptom,http://healthcarekg.org/ontology/vomiting,"vaginal cancer","Vomiting"
http://healthcarekg.org/ontology/head_and_neck_cancer,hasSymptom,http://healthcarekg.org/ontology/dizziness,"head and neck cancer","Dizziness"
http://healthcarekg.org/ontology/allergic_rhinitis,treatedBy,http://healthcarekg.org/ontology/dimenhydrinate,"allergic rhinitis","Dimenhydrinate"
http://healthcarekg.org/ontology/glaucoma,treatedBy,http://healthcarekg.org/ontology/travoprost,"glaucoma","Travoprost"
http://healthcarekg.org/ontology/rheumatoid_arthritis,hasSymptom,http://healthcarekg.org/ontology/nausea,"rheumatoid arthritis","Nausea"
http://healthcarekg.org/ontology/breast_cancer,hasSymptom,http://healthcarekg.org/ontology/pain_intractable,"breast cancer","Pain, Intractable"
http://healthcarekg.org/ontology/malignant_glioma,hasSymptom,http://healthcarekg.org/ontology/vision_low,"malignant glioma","Vision, Low"
http://healthcarekg.org/ontology/barrett_s_esophagus,hasSymptom,http://healthcarekg.org/ontology/obesity_abdominal,"Barrett's esophagus","Obesity, Abdominal"
http://healthcarekg.org/ontology/salivary_gland_cancer,hasSymptom,http://healthcarekg.org/ontology/muscle_weakness,"salivary gland cancer","Muscle Weakness"
http://healthcarekg.org/ontology/nicotine_dependence,hasSymptom,http://healthcarekg.org/ontology/weight_gain,"nicotine dependence","Weight Gain"
http://healthcarekg.org/ontology/germ_cell_cancer,hasSymptom,http://healthcarekg.org/ontology/reflex_abnormal,"germ cell cancer","Reflex, Abnormal"
http://healthcarekg.org/ontology/meningioma,hasSymptom,http://healthcarekg.org/ontology/diplopia,"meningioma","Diplopia"
http://healthcarekg.org/ontology/head_and_neck_cancer,hasSymptom,http://healthcarekg.org/ontology/facial_pain,"head and neck cancer","Facial Pain"
http://healthcarekg.org/ontology/malaria,hasSymptom,http://healthcarekg.org/ontology/unconsciousness,"malaria","Unconsciousness"
http://healthcarekg.org/ontology/osteoporosis,hasSymptom,http://healthcarekg.org/ontology/emaciation,"osteoporosis","Emaciation"
http://healthcarekg.org/ontology/ileum_cancer,hasSymptom,http://healthcarekg.org/ontology/flushing,"ileum cancer","Flushing"
http://healthcarekg.org/ontology/spinal_cancer,hasSymptom,http://healthcarekg.org/ontology/sciatica,"spinal cancer","Sciatica"
http://healthcarekg.org/ontology/pancreatitis,treatedBy,http://healthcarekg.org/ontology/propantheline,"pancreatitis","Propantheline"
http://healthcarekg.org/ontology/breast_cancer,hasSymptom,http://healthcarekg.org/ontology/vomiting_anticipatory,"breast cancer","Vomiting, Anticipatory"
http://healthcarekg.org/ontology/ocular_cancer,hasSymptom,http://healthcarekg.org/ontology/horner_syndrome,"ocular cancer","Horner Syndrome"
http://healthcarekg.org/ontology/hypothyroidism,hasSymptom,http://healthcarekg.org/ontology/cerebellar_ataxia,"hypothyroidism","Cerebellar Ataxia"
http://healthcarekg.org/ontology/dilated_cardiomyopathy,treatedBy,http://healthcarekg.org/ontology/furosemide,"dilated cardiomyopathy","Furosemide"
http://healthcarekg.org/ontology/creutzfeldt_jakob_disease,hasSymptom,http://healthcarekg.org/ontology/dysarthria,"Creutzfeldt-Jakob disease","Dysarthria"
http://healthcarekg.org/ontology/autistic_disorder,hasSymptom,http://healthcarekg.org/ontology/fragile_x_syndrome,"autistic disorder","Fragile X Syndrome"
http://healthcarekg.org/ontology/ovarian_cancer,hasSymptom,http://healthcarekg.org/ontology/cachexia,"ovarian cancer","Cachexia"
http://healthcarekg.org/ontology/bile_duct_cancer,hasSymptom,http://healthcarekg.org/ontology/colic,"bile duct cancer","Colic"
http://healthcarekg.org/ontology/lung_cancer,hasSymptom,http://healthcarekg.org/ontology/neurologic_manifestations,"lung cancer","Neurologic Manifestations"
http://healthcarekg.org/ontology/systemic_scleroderma,hasSymptom,http://healthcarekg.org/ontology/dyspnea,"systemic scleroderma","Dyspnea"
http://healthcarekg.org/ontology/atopic_dermatitis,treatedBy,http://healthcarekg.org/ontology/dexamethasone,"atopic dermatitis","Dexamethasone"
http://healthcarekg.org/ontology/head_and_neck_cancer,hasSymptom,http://healthcarekg.org/ontology/myokymia,"head and neck cancer","Myokymia"
http://healthcarekg.org/ontology/muscle_cancer,hasSymptom,http://healthcarekg.org/ontology/ophthalmoplegia,"muscle cancer","Ophthalmoplegia"
http://healthcarekg.org/ontology/epilepsy_syndrome,hasSymptom,http://healthcarekg.org/ontology/dystonia,"epilepsy syndrome","Dystonia"
http://healthcarekg.org/ontology/abdominal_aortic_aneurysm,hasSymptom,http://healthcarekg.org/ontology/flank_pain,"abdominal aortic aneurysm","Flank Pain"
http://healthcarekg.org/ontology/head_and_neck_cancer,hasSymptom,http://healthcarekg.org/ontology/tetany,"head and neck cancer","Tetany"
http://healthcarekg.org/ontology/psoriasis,hasSymptom,http://healthcarekg.org/ontology/chills,"psoriasis","Chills"
http://healthcarekg.org/ontology/epilepsy_syndrome,hasSymptom,http://healthcarekg.org/ontology/amnesia_transient_global,"epilepsy syndrome","Amnesia, Transient Global"
http://healthcarekg.org/ontology/uterine_fibroid,hasSymptom,http://healthcarekg.org/ontology/colic,"uterine fibroid","Colic"
http://healthcarekg.org/ontology/osteoporosis,hasSymptom,http://healthcarekg.org/ontology/thinness,"osteoporosis","Thinness"
http://healthcarekg.org/ontology/larynx_cancer,hasSymptom,http://healthcarekg.org/ontology/dysphonia,"larynx cancer","Dysphonia"
http://healthcarekg.org/ontology/ankylosing_spondylitis,hasSymptom,http://healthcarekg.org/ontology/quadriplegia,"ankylosing spondylitis","Quadriplegia"
http://healthcarekg.org/ontology/bone_cancer,hasSymptom,http://healthcarekg.org/ontology/paraplegia,"bone cancer","Paraplegia"
http://healthcarekg.org/ontology/parkinson_s_disease,hasSymptom,http://healthcarekg.org/ontology/sleep_disorders_intrinsic,"Parkinson's disease","Sleep Disorders, Intrinsic"
http://healthcarekg.org/ontology/type_2_diabetes_mellitus,treatedBy,http://healthcarekg.org/ontology/metformin,"type 2 diabetes mellitus","Metformin"
http://healthcarekg.org/ontology/graves_disease,hasSymptom,http://healthcarekg.org/ontology/purpura_thrombocytopenic_idiopathic,"Graves' disease","Purpura, Thrombocytopenic, Idiopathic"
http://healthcarekg.org/ontology/migraine,hasSymptom,http://healthcarekg.org/ontology/photophobia,"migraine","Photophobia"
http://healthcarekg.org/ontology/prostate_cancer,hasSymptom,http://healthcarekg.org/ontology/nausea,"prostate cancer","Nausea"
http://healthcarekg.org/ontology/malaria,hasSymptom,http://healthcarekg.org/ontology/oliguria,"malaria","Oliguria"
http://healthcarekg.org/ontology/gilles_de_la_tourette_syndrome,hasSymptom,http://healthcarekg.org/ontology/dystonia,"Gilles de la Tourette syndrome","Dystonia"
http://healthcarekg.org/ontology/ovarian_cancer,treatedBy,http://healthcarekg.org/ontology/docetaxel,"ovarian cancer","Docetaxel"
http://healthcarekg.org/ontology/parkinson_s_disease,hasSymptom,http://healthcarekg.org/ontology/speech_disorders,"Parkinson's disease","Speech Disorders"
http://healthcarekg.org/ontology/sarcoma,hasSymptom,http://healthcarekg.org/ontology/paraplegia,"sarcoma","Paraplegia"
http://healthcarekg.org/ontology/osteoarthritis,hasSymptom,http://healthcarekg.org/ontology/arthralgia,"osteoarthritis","Arthralgia"
http://healthcarekg.org/ontology/ankylosing_spondylitis,hasSymptom,http://healthcarekg.org/ontology/shoulder_pain,"ankylosing spondylitis","Shoulder Pain"
http://healthcarekg.org/ontology/psoriasis,hasSymptom,http://healthcarekg.org/ontology/purpura,"psoriasis","Purpura"
http://healthcarekg.org/ontology/leprosy,hasSymptom,http://healthcarekg.org/ontology/hyperesthesia,"leprosy","Hyperesthesia"
http://healthcarekg.org/ontology/cleft_lip,hasSymptom,http://healthcarekg.org/ontology/pain_postoperative,"cleft lip","Pain, Postoperative"
http://healthcarekg.org/ontology/primary_biliary_cirrhosis,hasSymptom,http://healthcarekg.org/ontology/purpura_thrombocytopenic_idiopathic,"primary biliary cirrhosis","Purpura, Thrombocytopenic, Idiopathic"
http://healthcarekg.org/ontology/brain_cancer,hasSymptom,http://healthcarekg.org/ontology/apraxias,"brain cancer","Apraxias"
http://healthcarekg.org/ontology/hypertension,treatedBy,http://healthcarekg.org/ontology/lisinopril,"hypertension","Lisinopril"
http://healthcarekg.org/ontology/multiple_sclerosis,hasSymptom,http://healthcarekg.org/ontology/diplopia,"multiple sclerosis","Diplopia"
http://healthcarekg.org/ontology/malignant_mesothelioma,hasSymptom,http://healthcarekg.org/ontology/pelvic_pain,"malignant mesothelioma","Pelvic Pain"
http://healthcarekg.org/ontology/chronic_obstructive_pulmonary_disease,treatedBy,http://healthcarekg.org/ontology/montelukast,"chronic obstructive pulmonary disease","Montelukast"
http://healthcarekg.org/ontology/ankylosing_spondylitis,hasSymptom,http://healthcarekg.org/ontology/pain,"ankylosing spondylitis","Pain"
http://healthcarekg.org/ontology/osteoarthritis,hasSymptom,http://healthcarekg.org/ontology/pain_postoperative,"osteoarthritis","Pain, Postoperative"
http://healthcarekg.org/ontology/bipolar_disorder,hasSymptom,http://healthcarekg.org/ontology/perceptual_disorders,"bipolar disorder","Perceptual Disorders"
http://healthcarekg.org/ontology/atopic_dermatitis,treatedBy,http://healthcarekg.org/ontology/betamethasone,"atopic dermatitis","Betamethasone"
http://healthcarekg.org/ontology/alcohol_dependence,treatedBy,http://healthcarekg.org/ontology/acamprosate,"alcohol dependence","Acamprosate"
http://healthcarekg.org/ontology/germ_cell_cancer,treatedBy,http://healthcarekg.org/ontology/ifosfamide,"germ cell cancer","Ifosfamide"
http://healthcarekg.org/ontology/hematologic_cancer,treatedBy,http://healthcarekg.org/ontology/melphalan,"hematologic cancer","Melphalan"
http://healthcarekg.org/ontology/pancreatic_cancer,hasSymptom,http://healthcarekg.org/ontology/cachexia,"pancreatic cancer","Cachexia"
http://healthcarekg.org/ontology/creutzfeldt_jakob_disease,hasSymptom,http://healthcarekg.org/ontology/muscle_spasticity,"Creutzfeldt-Jakob disease","Muscle Spasticity"
http://healthcarekg.org/ontology/retroperitoneal_cancer,hasSymptom,http://healthcarekg.org/ontology/neuralgia,"retroperitoneal cancer","Neuralgia"
http://healthcarekg.org/ontology/muscle_cancer,hasSymptom,http://healthcarekg.org/ontology/pain,"muscle cancer","Pain"
http://healthcarekg.org/ontology/bone_cancer,hasSymptom,http://healthcarekg.org/ontology/cerebrospinal_fluid_otorrhea,"bone cancer","Cerebrospinal Fluid Otorrhea"
http://healthcarekg.org/ontology/obesity,hasSymptom,http://healthcarekg.org/ontology/overweight,"Obesity","Overweight"
http://healthcarekg.org/ontology/peripheral_nervous_system_neoplasm,hasSymptom,http://healthcarekg.org/ontology/neuralgia,"peripheral nervous system neoplasm","Neuralgia"
http://healthcarekg.org/ontology/osteoporosis,treatedBy,http://healthcarekg.org/ontology/estradiol,"osteoporosis","Estradiol"
http://healthcarekg.org/ontology/malaria,hasSymptom,http://healthcarekg.org/ontology/birth_weight,"malaria","Birth Weight"
http://healthcarekg.org/ontology/coronary_artery_disease,hasSymptom,http://healthcarekg.org/ontology/angina_stable,"coronary artery disease","Angina, Stable"
http://healthcarekg.org/ontology/sarcoma,hasSymptom,http://healthcarekg.org/ontology/body_weight,"sarcoma","Body Weight"
http://healthcarekg.org/ontology/otosclerosis,hasSymptom,http://healthcarekg.org/ontology/facial_paralysis,"otosclerosis","Facial Paralysis"
http://healthcarekg.org/ontology/crohn_s_disease,hasSymptom,http://healthcarekg.org/ontology/body_weight,"Crohn's disease","Body Weight"
http://healthcarekg.org/ontology/peripheral_nervous_system_neoplasm,hasSymptom,http://healthcarekg.org/ontology/paraparesis,"peripheral nervous system neoplasm","Paraparesis"
http://healthcarekg.org/ontology/hypothyroidism,hasSymptom,http://healthcarekg.org/ontology/hearing_loss,"hypothyroidism","Hearing Loss"
http://healthcarekg.org/ontology/head_and_neck_cancer,treatedBy,http://healthcarekg.org/ontology/docetaxel,"head and neck cancer","Docetaxel"
http://healthcarekg.org/ontology/stomach_cancer,hasSymptom,http://healthcarekg.org/ontology/nausea,"stomach cancer","Nausea"
http://healthcarekg.org/ontology/coronary_artery_disease,hasSymptom,http://healthcarekg.org/ontology/angina_unstable,"coronary artery disease","Angina, Unstable"
http://healthcarekg.org/ontology/psoriatic_arthritis,hasSymptom,http://healthcarekg.org/ontology/fatigue,"psoriatic arthritis","Fatigue"
http://healthcarekg.org/ontology/urinary_bladder_cancer,hasSymptom,http://healthcarekg.org/ontology/paraplegia,"urinary bladder cancer","Paraplegia"
http://healthcarekg.org/ontology/bone_cancer,hasSymptom,http://healthcarekg.org/ontology/pain_postoperative,"bone cancer","Pain, Postoperative"
http://healthcarekg.org/ontology/narcolepsy,hasSymptom,http://healthcarekg.org/ontology/muscle_hypotonia,"Narcolepsy","Muscle Hypotonia"
http://healthcarekg.org/ontology/peripheral_nervous_system_neoplasm,hasSymptom,http://healthcarekg.org/ontology/hyperacusis,"peripheral nervous system neoplasm","Hyperacusis"
http://healthcarekg.org/ontology/colon_cancer,hasSymptom,http://healthcarekg.org/ontology/abdomen_acute,"colon cancer","Abdomen, Acute"
http://healthcarekg.org/ontology/narcolepsy,hasSymptom,http://healthcarekg.org/ontology/sleep_initiation_and_maintenance_disorders,"Narcolepsy","Sleep Initiation and Maintenance Disorders"
http://healthcarekg.org/ontology/head_and_neck_cancer,hasSymptom,http://healthcarekg.org/ontology/torticollis,"head and neck cancer","Torticollis"
http://healthcarekg.org/ontology/malignant_glioma,hasSymptom,http://healthcarekg.org/ontology/sensation_disorders,"malignant glioma","Sensation Disorders"
http://healthcarekg.org/ontology/salivary_gland_cancer,hasSymptom,http://healthcarekg.org/ontology/hearing_loss_sensorineural,"salivary gland cancer","Hearing Loss, Sensorineural"
http://healthcarekg.org/ontology/urinary_bladder_cancer,treatedBy,http://healthcarekg.org/ontology/carboplatin,"urinary bladder cancer","Carboplatin"
http://healthcarekg.org/ontology/epilepsy_syndrome,hasSymptom,http://healthcarekg.org/ontology/apnea,"epilepsy syndrome","Apnea"
http://healthcarekg.org/ontology/hematologic_cancer,treatedBy,http://healthcarekg.org/ontology/irinotecan,"hematologic cancer","Irinotecan"
http://healthcarekg.org/ontology/osteoarthritis,hasSymptom,http://healthcarekg.org/ontology/edema,"osteoarthritis","Edema"
http://healthcarekg.org/ontology/prostate_cancer,treatedBy,http://healthcarekg.org/ontology/vitamin_c,"prostate cancer","Vitamin C"
http://healthcarekg.org/ontology/pharynx_cancer,hasSymptom,http://healthcarekg.org/ontology/syncope,"pharynx cancer","Syncope"
http://healthcarekg.org/ontology/brain_cancer,hasSymptom,http://healthcarekg.org/ontology/perceptual_disorders,"brain cancer","Perceptual Disorders"
http://healthcarekg.org/ontology/pharynx_cancer,hasSymptom,http://healthcarekg.org/ontology/deafness,"pharynx cancer","Deafness"
http://healthcarekg.org/ontology/spinal_cancer,hasSymptom,http://healthcarekg.org/ontology/quadriplegia,"spinal cancer","Quadriplegia"
http://healthcarekg.org/ontology/endogenous_depression,hasSymptom,http://healthcarekg.org/ontology/failure_to_thrive,"endogenous depression","Failure to Thrive"
http://healthcarekg.org/ontology/lung_cancer,hasSymptom,http://healthcarekg.org/ontology/pain_postoperative,"lung cancer","Pain, Postoperative"
http://healthcarekg.org/ontology/vascular_cancer,hasSymptom,http://healthcarekg.org/ontology/hemoptysis,"vascular cancer","Hemoptysis"
http://healthcarekg.org/ontology/urinary_bladder_cancer,hasSymptom,http://healthcarekg.org/ontology/urinary_bladder_overactive,"urinary bladder cancer","Urinary Bladder, Overactive"
http://healthcarekg.org/ontology/obesity,treatedBy,http://healthcarekg.org/ontology/phenylpropanolamine,"Obesity","Phenylpropanolamine"
http://healthcarekg.org/ontology/rheumatoid_arthritis,hasSymptom,http://healthcarekg.org/ontology/tonic_pupil,"rheumatoid arthritis","Tonic Pupil"
http://healthcarekg.org/ontology/autistic_disorder,hasSymptom,http://healthcarekg.org/ontology/mental_retardation_x_linked,"autistic disorder","Mental Retardation, X-Linked"
http://healthcarekg.org/ontology/urinary_bladder_cancer,hasSymptom,http://healthcarekg.org/ontology/body_weight,"urinary bladder cancer","Body Weight"
http://healthcarekg.org/ontology/peripheral_nervous_system_neoplasm,treatedBy,http://healthcarekg.org/ontology/tretinoin,"peripheral nervous system neoplasm","Tretinoin"
http://healthcarekg.org/ontology/brain_cancer,hasSymptom,http://healthcarekg.org/ontology/dyslexia_acquired,"brain cancer","Dyslexia, Acquired"
http://healthcarekg.org/ontology/breast_cancer,hasSymptom,http://healthcarekg.org/ontology/hypesthesia,"breast cancer","Hypesthesia"
http://healthcarekg.org/ontology/pharynx_cancer,hasSymptom,http://healthcarekg.org/ontology/sleep_apnea_syndromes,"pharynx cancer","Sleep Apnea Syndromes"
http://healthcarekg.org/ontology/hypertension,treatedBy,http://healthcarekg.org/ontology/propranolol,"hypertension","Propranolol"
http://healthcarekg.org/ontology/schizophrenia,hasSymptom,http://healthcarekg.org/ontology/fetal_hypoxia,"schizophrenia","Fetal Hypoxia"
http://healthcarekg.org/ontology/refractive_error,hasSymptom,http://healthcarekg.org/ontology/rubinstein_taybi_syndrome,"refractive error","Rubinstein-Taybi Syndrome"
http://healthcarekg.org/ontology/restless_legs_syndrome,hasSymptom,http://healthcarekg.org/ontology/parasomnias,"Restless Legs Syndrome","Parasomnias"
http://healthcarekg.org/ontology/psoriasis,hasSymptom,http://healthcarekg.org/ontology/pain,"psoriasis","Pain"
http://healthcarekg.org/ontology/creutzfeldt_jakob_disease,hasSymptom,http://healthcarekg.org/ontology/hemianopsia,"Creutzfeldt-Jakob disease","Hemianopsia"
http://healthcarekg.org/ontology/psoriasis,hasSymptom,http://healthcarekg.org/ontology/tinea_pedis,"psoriasis","Tinea Pedis"
http://healthcarekg.org/ontology/hepatitis_b,treatedBy,http://healthcarekg.org/ontology/adefovir_dipivoxil,"hepatitis B","Adefovir Dipivoxil"
http://healthcarekg.org/ontology/breast_cancer,treatedBy,http://healthcarekg.org/ontology/vinblastine,"breast cancer","Vinblastine"
http://healthcarekg.org/ontology/graves_disease,treatedBy,http://healthcarekg.org/ontology/propylthiouracil,"Graves' disease","Propylthiouracil"
http://healthcarekg.org/ontology/spinal_cancer,hasSymptom,http://healthcarekg.org/ontology/pain,"spinal cancer","Pain"
http://healthcarekg.org/ontology/breast_cancer,hasSymptom,http://healthcarekg.org/ontology/vomiting,"breast cancer","Vomiting"
http://healthcarekg.org/ontology/anemia,hasSymptom,http://healthcarekg.org/ontology/hematemesis,"anemia","Hematemesis"
http://healthcarekg.org/ontology/skin_cancer,hasSymptom,http://healthcarekg.org/ontology/pruritus_vulvae,"skin cancer","Pruritus Vulvae"
http://healthcarekg.org/ontology/dental_caries,hasSymptom,http://healthcarekg.org/ontology/mouth_breathing,"dental caries","Mouth Breathing"
http://healthcarekg.org/ontology/creutzfeldt_jakob_disease,hasSymptom,http://healthcarekg.org/ontology/perceptual_disorders,"Creutzfeldt-Jakob disease","Perceptual Disorders"
http://healthcarekg.org/ontology/hypertension,treatedBy,http://healthcarekg.org/ontology/chlorthalidone,"hypertension","Chlorthalidone"
http://healthcarekg.org/ontology/alcohol_dependence,hasSymptom,http://healthcarekg.org/ontology/ataxia,"alcohol dependence","Ataxia"
http://healthcarekg.org/ontology/melanoma,hasSymptom,http://healthcarekg.org/ontology/anorexia,"melanoma","Anorexia"
http://healthcarekg.org/ontology/periodontitis,hasSymptom,http://healthcarekg.org/ontology/down_syndrome,"periodontitis","Down Syndrome"
http://healthcarekg.org/ontology/liver_cancer,hasSymptom,http://healthcarekg.org/ontology/nausea,"liver cancer","Nausea"
http://healthcarekg.org/ontology/coronary_artery_disease,treatedBy,http://healthcarekg.org/ontology/captopril,"coronary artery disease","Captopril"
http://healthcarekg.org/ontology/cervical_cancer,hasSymptom,http://healthcarekg.org/ontology/fever_of_unknown_origin,"cervical cancer","Fever of Unknown Origin"
http://healthcarekg.org/ontology/urinary_bladder_cancer,hasSymptom,http://healthcarekg.org/ontology/pain_postoperative,"urinary bladder cancer","Pain, Postoperative"
http://healthcarekg.org/ontology/stomach_cancer,treatedBy,http://healthcarekg.org/ontology/epirubicin,"stomach cancer","Epirubicin"
http://healthcarekg.org/ontology/attention_deficit_hyperactivity_disorder,hasSymptom,http://healthcarekg.org/ontology/illusions,"attention deficit hyperactivity disorder","Illusions"
http://healthcarekg.org/ontology/type_1_diabetes_mellitus,hasSymptom,http://healthcarekg.org/ontology/polyuria,"type 1 diabetes mellitus","Polyuria"
http://healthcarekg.org/ontology/kawasaki_disease,hasSymptom,http://healthcarekg.org/ontology/purpura_schoenlein_henoch,"Kawasaki disease","Purpura, Schoenlein-Henoch"
http://healthcarekg.org/ontology/stomach_cancer,hasSymptom,http://healthcarekg.org/ontology/gastroparesis,"stomach cancer","Gastroparesis"
http://healthcarekg.org/ontology/amyotrophic_lateral_sclerosis,hasSymptom,http://healthcarekg.org/ontology/apraxia_ideomotor,"amyotrophic lateral sclerosis","Apraxia, Ideomotor"
http://healthcarekg.org/ontology/uterine_cancer,treatedBy,http://healthcarekg.org/ontology/epirubicin,"uterine cancer","Epirubicin"
http://healthcarekg.org/ontology/autistic_disorder,hasSymptom,http://healthcarekg.org/ontology/ataxia,"autistic disorder","Ataxia"
http://healthcarekg.org/ontology/alzheimer_s_disease,hasSymptom,http://healthcarekg.org/ontology/agraphia,"Alzheimer's disease","Agraphia"
http://healthcarekg.org/ontology/attention_deficit_hyperactivity_disorder,hasSymptom,http://healthcarekg.org/ontology/psychomotor_agitation,"attention deficit hyperactivity disorder","Psychomotor Agitation"
http://healthcarekg.org/ontology/celiac_disease,hasSymptom,http://healthcarekg.org/ontology/dyspepsia,"celiac disease","Dyspepsia"
http://healthcarekg.org/ontology/germ_cell_cancer,hasSymptom,http://healthcarekg.org/ontology/agraphia,"germ cell cancer","Agraphia"
http://healthcarekg.org/ontology/retroperitoneal_cancer,hasSymptom,http://healthcarekg.org/ontology/pelvic_pain,"retroperitoneal cancer","Pelvic Pain"
http://healthcarekg.org/ontology/migraine,hasSymptom,http://healthcarekg.org/ontology/somatosensory_disorders,"migraine","Somatosensory Disorders"
http://healthcarekg.org/ontology/ankylosing_spondylitis,treatedBy,http://healthcarekg.org/ontology/methotrexate,"ankylosing spondylitis","Methotrexate"
http://healthcarekg.org/ontology/breast_cancer,treatedBy,http://healthcarekg.org/ontology/chlorambucil,"breast cancer","Chlorambucil"
http://healthcarekg.org/ontology/chronic_kidney_failure,hasSymptom,http://healthcarekg.org/ontology/taste_disorders,"chronic kidney failure","Taste Disorders"
http://healthcarekg.org/ontology/pharynx_cancer,hasSymptom,http://healthcarekg.org/ontology/ophthalmoplegia,"pharynx cancer","Ophthalmoplegia"
http://healthcarekg.org/ontology/breast_cancer,treatedBy,http://healthcarekg.org/ontology/exemestane,"breast cancer","Exemestane"
http://healthcarekg.org/ontology/skin_cancer,treatedBy,http://healthcarekg.org/ontology/vemurafenib,"skin cancer","Vemurafenib"
http://healthcarekg.org/ontology/psoriasis,treatedBy,http://healthcarekg.org/ontology/methoxsalen,"psoriasis","Methoxsalen"
http://healthcarekg.org/ontology/schizophrenia,hasSymptom,http://healthcarekg.org/ontology/dyskinesia_drug_induced,"schizophrenia","Dyskinesia, Drug-Induced"
http://healthcarekg.org/ontology/anemia,hasSymptom,http://healthcarekg.org/ontology/waterhouse_friderichsen_syndrome,"anemia","Waterhouse-Friderichsen Syndrome"
http://healthcarekg.org/ontology/brain_cancer,hasSymptom,http://healthcarekg.org/ontology/blindness,"brain cancer","Blindness"
http://healthcarekg.org/ontology/dilated_cardiomyopathy,hasSymptom,http://healthcarekg.org/ontology/body_weight,"dilated cardiomyopathy","Body Weight"
http://healthcarekg.org/ontology/intracranial_aneurysm,hasSymptom,http://healthcarekg.org/ontology/alcohol_amnestic_disorder,"intracranial aneurysm","Alcohol Amnestic Disorder"
http://healthcarekg.org/ontology/iga_glomerulonephritis,hasSymptom,http://healthcarekg.org/ontology/purpura_schoenlein_henoch,"IgA glomerulonephritis","Purpura, Schoenlein-Henoch"
http://healthcarekg.org/ontology/leprosy,treatedBy,http://healthcarekg.org/ontology/dapsone,"leprosy","Dapsone"
http://healthcarekg.org/ontology/urinary_bladder_cancer,hasSymptom,http://healthcarekg.org/ontology/edema,"urinary bladder cancer","Edema"
http://healthcarekg.org/ontology/head_and_neck_cancer,hasSymptom,http://healthcarekg.org/ontology/paresthesia,"head and neck cancer","Paresthesia"
http://healthcarekg.org/ontology/uterine_fibroid,hasSymptom,http://healthcarekg.org/ontology/fever,"uterine fibroid","Fever"
http://healthcarekg.org/ontology/chronic_kidney_failure,hasSymptom,http://healthcarekg.org/ontology/acute_coronary_syndrome,"chronic kidney failure","Acute Coronary Syndrome"
http://healthcarekg.org/ontology/amyotrophic_lateral_sclerosis,hasSymptom,http://healthcarekg.org/ontology/speech_disorders,"amyotrophic lateral sclerosis","Speech Disorders"
http://healthcarekg.org/ontology/brain_cancer,hasSymptom,http://healthcarekg.org/ontology/seizures,"brain cancer","Seizures"
http://healthcarekg.org/ontology/glaucoma,hasSymptom,http://healthcarekg.org/ontology/choroid_hemorrhage,"glaucoma","Choroid Hemorrhage"
http://healthcarekg.org/ontology/vitiligo,hasSymptom,http://healthcarekg.org/ontology/hearing_loss,"vitiligo","Hearing Loss"
http://healthcarekg.org/ontology/graves_disease,hasSymptom,http://healthcarekg.org/ontology/chorea,"Graves' disease","Chorea"
http://healthcarekg.org/ontology/kidney_cancer,hasSymptom,http://healthcarekg.org/ontology/paraparesis,"kidney cancer","Paraparesis"
http://healthcarekg.org/ontology/alcohol_dependence,hasSymptom,http://healthcarekg.org/ontology/auditory_perceptual_disorders,"alcohol dependence","Auditory Perceptual Disorders"
http://healthcarekg.org/ontology/abdominal_aortic_aneurysm,hasSymptom,http://healthcarekg.org/ontology/low_back_pain,"abdominal aortic aneurysm","Low Back Pain"
http://healthcarekg.org/ontology/endogenous_depression,hasSymptom,http://healthcarekg.org/ontology/hypotension_orthostatic,"endogenous depression","Hypotension, Orthostatic"
http://healthcarekg.org/ontology/gestational_diabetes,hasSymptom,http://healthcarekg.org/ontology/fetal_distress,"gestational diabetes","Fetal Distress"
http://healthcarekg.org/ontology/epilepsy_syndrome,hasSymptom,http://healthcarekg.org/ontology/classical_lissencephalies_and_subcortical_band_heterotopias,"epilepsy syndrome","Classical Lissencephalies and Subcortical Band Heterotopias"
http://healthcarekg.org/ontology/hepatitis_b,hasSymptom,http://healthcarekg.org/ontology/jaundice,"hepatitis B","Jaundice"
http://healthcarekg.org/ontology/pancreatic_cancer,hasSymptom,http://healthcarekg.org/ontology/insulin_coma,"pancreatic cancer","Insulin Coma"
http://healthcarekg.org/ontology/glaucoma,treatedBy,http://healthcarekg.org/ontology/physostigmine,"glaucoma","Physostigmine"
http://healthcarekg.org/ontology/systemic_lupus_erythematosus,hasSymptom,http://healthcarekg.org/ontology/livedo_reticularis,"systemic lupus erythematosus","Livedo Reticularis"
http://healthcarekg.org/ontology/uterine_cancer,hasSymptom,http://healthcarekg.org/ontology/fever_of_unknown_origin,"uterine cancer","Fever of Unknown Origin"
http://healthcarekg.org/ontology/type_2_diabetes_mellitus,treatedBy,http://healthcarekg.org/ontology/miglitol,"type 2 diabetes mellitus","Miglitol"
http://healthcarekg.org/ontology/asthma,hasSymptom,http://healthcarekg.org/ontology/anoxia,"asthma","Anoxia"
http://healthcarekg.org/ontology/brain_cancer,hasSymptom,http://healthcarekg.org/ontology/amnesia_anterograde,"brain cancer","Amnesia, Anterograde"
http://healthcarekg.org/ontology/thyroid_cancer,hasSymptom,http://healthcarekg.org/ontology/vocal_cord_paralysis,"thyroid cancer","Vocal Cord Paralysis"
http://healthcarekg.org/ontology/mediastinal_cancer,hasSymptom,http://healthcarekg.org/ontology/respiratory_sounds,"mediastinal cancer","Respiratory Sounds"
http://healthcarekg.org/ontology/adrenal_gland_cancer,hasSymptom,http://healthcarekg.org/ontology/polyuria,"adrenal gland cancer","Polyuria"
http://healthcarekg.org/ontology/osteoporosis,hasSymptom,http://healthcarekg.org/ontology/muscular_atrophy,"osteoporosis","Muscular Atrophy"
http://healthcarekg.org/ontology/gilles_de_la_tourette_syndrome,hasSymptom,http://healthcarekg.org/ontology/speech_disorders,"Gilles de la Tourette syndrome","Speech Disorders"
http://healthcarekg.org/ontology/leprosy,hasSymptom,http://healthcarekg.org/ontology/neuralgia,"leprosy","Neuralgia"
http://healthcarekg.org/ontology/intracranial_aneurysm,hasSymptom,http://healthcarekg.org/ontology/amnesia,"intracranial aneurysm","Amnesia"
http://healthcarekg.org/ontology/autistic_disorder,hasSymptom,http://healthcarekg.org/ontology/auditory_perceptual_disorders,"autistic disorder","Auditory Perceptual Disorders"
http://healthcarekg.org/ontology/endogenous_depression,hasSymptom,http://healthcarekg.org/ontology/pain,"endogenous depression","Pain"
http://healthcarekg.org/ontology/malignant_glioma,hasSymptom,http://healthcarekg.org/ontology/dizziness,"malignant glioma","Dizziness"
http://healthcarekg.org/ontology/conduct_disorder,hasSymptom,http://healthcarekg.org/ontology/intellectual_disability,"conduct disorder","Intellectual Disability"
http://healthcarekg.org/ontology/migraine,hasSymptom,http://healthcarekg.org/ontology/headache,"migraine","Headache"
http://healthcarekg.org/ontology/gallbladder_cancer,hasSymptom,http://healthcarekg.org/ontology/abdominal_pain,"gallbladder cancer","Abdominal Pain"
http://healthcarekg.org/ontology/chronic_kidney_failure,hasSymptom,http://healthcarekg.org/ontology/alkalosis_respiratory,"chronic kidney failure","Alkalosis, Respiratory"
http://healthcarekg.org/ontology/type_1_diabetes_mellitus,hasSymptom,http://healthcarekg.org/ontology/deafness,"type 1 diabetes mellitus","Deafness"
http://healthcarekg.org/ontology/degenerative_disc_disease,hasSymptom,http://healthcarekg.org/ontology/failed_back_surgery_syndrome,"degenerative disc disease","Failed Back Surgery Syndrome"
http://healthcarekg.org/ontology/type_2_diabetes_mellitus,hasSymptom,http://healthcarekg.org/ontology/microvascular_angina,"type 2 diabetes mellitus","Microvascular Angina"
http://healthcarekg.org/ontology/asthma,treatedBy,http://healthcarekg.org/ontology/dyphylline,"asthma","Dyphylline"
http://healthcarekg.org/ontology/systemic_lupus_erythematosus,hasSymptom,http://healthcarekg.org/ontology/albuminuria,"systemic lupus erythematosus","Albuminuria"
http://healthcarekg.org/ontology/bone_cancer,hasSymptom,http://healthcarekg.org/ontology/neuralgia,"bone cancer","Neuralgia"
http://healthcarekg.org/ontology/refractive_error,hasSymptom,http://healthcarekg.org/ontology/blindness,"refractive error","Blindness"
http://healthcarekg.org/ontology/multiple_sclerosis,hasSymptom,http://healthcarekg.org/ontology/aphasia_broca,"multiple sclerosis","Aphasia, Broca"
http://healthcarekg.org/ontology/lymphatic_system_cancer,treatedBy,http://healthcarekg.org/ontology/mitoxantrone,"lymphatic system cancer","Mitoxantrone"
http://healthcarekg.org/ontology/otosclerosis,hasSymptom,http://healthcarekg.org/ontology/presbycusis,"otosclerosis","Presbycusis"
http://healthcarekg.org/ontology/alzheimer_s_disease,hasSymptom,http://healthcarekg.org/ontology/apraxias,"Alzheimer's disease","Apraxias"
http://healthcarekg.org/ontology/hypertension,treatedBy,http://healthcarekg.org/ontology/captopril,"hypertension","Captopril"
http://healthcarekg.org/ontology/restless_legs_syndrome,hasSymptom,http://healthcarekg.org/ontology/snoring,"Restless Legs Syndrome","Snoring"
http://healthcarekg.org/ontology/epilepsy_syndrome,hasSymptom,http://healthcarekg.org/ontology/pyruvate_dehydrogenase_complex_deficiency_disease,"epilepsy syndrome","Pyruvate Dehydrogenase Complex Deficiency Disease"
http://healthcarekg.org/ontology/bone_cancer,hasSymptom,http://healthcarekg.org/ontology/paraparesis,"bone cancer","Paraparesis"
http://healthcarekg.org/ontology/chronic_kidney_failure,hasSymptom,http://healthcarekg.org/ontology/fatigue,"chronic kidney failure","Fatigue"
http://healthcarekg.org/ontology/asthma,treatedBy,http://healthcarekg.org/ontology/orciprenaline,"asthma","Orciprenaline"
http://healthcarekg.org/ontology/glaucoma,hasSymptom,http://healthcarekg.org/ontology/amaurosis_fugax,"glaucoma","Amaurosis Fugax"
http://healthcarekg.org/ontology/hypertension,treatedBy,http://healthcarekg.org/ontology/methyldopa,"hypertension","Methyldopa"
http://healthcarekg.org/ontology/alcohol_dependence,hasSymptom,http://healthcarekg.org/ontology/muscular_atrophy,"alcohol dependence","Muscular Atrophy"
http://healthcarekg.org/ontology/systemic_lupus_erythematosus,hasSymptom,http://healthcarekg.org/ontology/diplopia,"systemic lupus erythematosus","Diplopia"
http://healthcarekg.org/ontology/germ_cell_cancer,hasSymptom,http://healthcarekg.org/ontology/apraxias,"germ cell cancer","Apraxias"
http://healthcarekg.org/ontology/creutzfeldt_jakob_disease,hasSymptom,http://healthcarekg.org/ontology/agnosia,"Creutzfeldt-Jakob disease","Agnosia"
http://healthcarekg.org/ontology/pharynx_cancer,hasSymptom,http://healthcarekg.org/ontology/dysphonia,"pharynx cancer","Dysphonia"
http://healthcarekg.org/ontology/panic_disorder,hasSymptom,http://healthcarekg.org/ontology/sleep_disorders,"panic disorder","Sleep Disorders"
http://healthcarekg.org/ontology/head_and_neck_cancer,hasSymptom,http://healthcarekg.org/ontology/syncope,"head and neck cancer","Syncope"
http://healthcarekg.org/ontology/kawasaki_disease,hasSymptom,http://healthcarekg.org/ontology/angina_pectoris,"Kawasaki disease","Angina Pectoris"
http://healthcarekg.org/ontology/osteoporosis,hasSymptom,http://healthcarekg.org/ontology/hypercalciuria,"osteoporosis","Hypercalciuria"
http://healthcarekg.org/ontology/vitiligo,hasSymptom,http://healthcarekg.org/ontology/dystonia,"vitiligo","Dystonia"
http://healthcarekg.org/ontology/nephrolithiasis,hasSymptom,http://healthcarekg.org/ontology/abdominal_pain,"nephrolithiasis","Abdominal Pain"
http://healthcarekg.org/ontology/panic_disorder,hasSymptom,http://healthcarekg.org/ontology/somatosensory_disorders,"panic disorder","Somatosensory Disorders"
http://healthcarekg.org/ontology/sarcoma,hasSymptom,http://healthcarekg.org/ontology/paraparesis,"sarcoma","Paraparesis"
http://healthcarekg.org/ontology/psoriasis,hasSymptom,http://healthcarekg.org/ontology/down_syndrome,"psoriasis","Down Syndrome"
http://healthcarekg.org/ontology/type_2_diabetes_mellitus,treatedBy,http://healthcarekg.org/ontology/chlorpropamide,"type 2 diabetes mellitus","Chlorpropamide"
http://healthcarekg.org/ontology/hypertension,treatedBy,http://healthcarekg.org/ontology/hydroflumethiazide,"hypertension","Hydroflumethiazide"
http://healthcarekg.org/ontology/paget_s_disease_of_bone,hasSymptom,http://healthcarekg.org/ontology/pain,"Paget's disease of bone","Pain"
http://healthcarekg.org/ontology/celiac_disease,hasSymptom,http://healthcarekg.org/ontology/body_weight,"celiac disease","Body Weight"
http://healthcarekg.org/ontology/salivary_gland_cancer,hasSymptom,http://healthcarekg.org/ontology/paralysis,"salivary gland cancer","Paralysis"
http://healthcarekg.org/ontology/tracheal_cancer,hasSymptom,http://healthcarekg.org/ontology/hoarseness,"tracheal cancer","Hoarseness"
http://healthcarekg.org/ontology/hypertension,hasSymptom,http://healthcarekg.org/ontology/nocturia,"hypertension","Nocturia"
http://healthcarekg.org/ontology/atherosclerosis,treatedBy,http://healthcarekg.org/ontology/niacin,"atherosclerosis","Niacin"
http://healthcarekg.org/ontology/malignant_glioma,hasSymptom,http://healthcarekg.org/ontology/emaciation,"malignant glioma","Emaciation"
http://healthcarekg.org/ontology/peripheral_nervous_system_neoplasm,hasSymptom,http://healthcarekg.org/ontology/vocal_cord_paralysis,"peripheral nervous system neoplasm","Vocal Cord Paralysis"
http://healthcarekg.org/ontology/asthma,hasSymptom,http://healthcarekg.org/ontology/sleep_disorders,"asthma","Sleep Disorders"
http://healthcarekg.org/ontology/pancreatitis,hasSymptom,http://healthcarekg.org/ontology/tetany,"pancreatitis","Tetany"
http://healthcarekg.org/ontology/endogenous_depression,hasSymptom,http://healthcarekg.org/ontology/persistent_vegetative_state,"endogenous depression","Persistent Vegetative State"
http://healthcarekg.org/ontology/malignant_glioma,hasSymptom,http://healthcarekg.org/ontology/cachexia,"malignant glioma","Cachexia"
http://healthcarekg.org/ontology/larynx_cancer,hasSymptom,http://healthcarekg.org/ontology/dyspnea,"larynx cancer","Dyspnea"
http://healthcarekg.org/ontology/germ_cell_cancer,hasSymptom,http://healthcarekg.org/ontology/neck_pain,"germ cell cancer","Neck Pain"
http://healthcarekg.org/ontology/brain_cancer,hasSymptom,http://healthcarekg.org/ontology/aphasia_wernicke,"brain cancer","Aphasia, Wernicke"
http://healthcarekg.org/ontology/attention_deficit_hyperactivity_disorder,hasSymptom,http://healthcarekg.org/ontology/psychomotor_disorders,"attention deficit hyperactivity disorder","Psychomotor Disorders"
http://healthcarekg.org/ontology/parkinson_s_disease,hasSymptom,http://healthcarekg.org/ontology/communication_disorders,"Parkinson's disease","Communication Disorders"
http://healthcarekg.org/ontology/age_related_macular_degeneration,hasSymptom,http://healthcarekg.org/ontology/diplopia,"age related macular degeneration","Diplopia"
http://healthcarekg.org/ontology/breast_cancer,treatedBy,http://healthcarekg.org/ontology/vinorelbine,"breast cancer","Vinorelbine"
http://healthcarekg.org/ontology/rheumatoid_arthritis,treatedBy,http://healthcarekg.org/ontology/hydrocortisone,"rheumatoid arthritis","Hydrocortisone"
http://healthcarekg.org/ontology/alzheimer_s_disease,hasSymptom,http://healthcarekg.org/ontology/dyslexia_acquired,"Alzheimer's disease","Dyslexia, Acquired"
http://healthcarekg.org/ontology/epilepsy_syndrome,treatedBy,http://healthcarekg.org/ontology/gabapentin,"epilepsy syndrome","Gabapentin"
http://healthcarekg.org/ontology/anemia,hasSymptom,http://healthcarekg.org/ontology/chest_pain,"anemia","Chest Pain"
http://healthcarekg.org/ontology/coronary_artery_disease,treatedBy,http://healthcarekg.org/ontology/ezetimibe,"coronary artery disease","Ezetimibe"
http://healthcarekg.org/ontology/malignant_glioma,hasSymptom,http://healthcarekg.org/ontology/aphasia_conduction,"malignant glioma","Aphasia, Conduction"
http://healthcarekg.org/ontology/bone_cancer,hasSymptom,http://healthcarekg.org/ontology/trismus,"bone cancer","Trismus"
http://healthcarekg.org/ontology/ovarian_cancer,treatedBy,http://healthcarekg.org/ontology/paclitaxel,"ovarian cancer","Paclitaxel"
http://healthcarekg.org/ontology/abdominal_aortic_aneurysm,hasSymptom,http://healthcarekg.org/ontology/intermittent_claudication,"abdominal aortic aneurysm","Intermittent Claudication"
http://healthcarekg.org/ontology/germ_cell_cancer,hasSymptom,http://healthcarekg.org/ontology/dyslexia_acquired,"germ cell cancer","Dyslexia, Acquired"
http://healthcarekg.org/ontology/epilepsy_syndrome,treatedBy,http://healthcarekg.org/ontology/valproic_acid,"epilepsy syndrome","Valproic Acid"
http://healthcarekg.org/ontology/amyotrophic_lateral_sclerosis,hasSymptom,http://healthcarekg.org/ontology/cough,"amyotrophic lateral sclerosis","Cough"
http://healthcarekg.org/ontology/schizophrenia,hasSymptom,http://healthcarekg.org/ontology/hyperkinesis,"schizophrenia","Hyperkinesis"
http://healthcarekg.org/ontology/brain_cancer,hasSymptom,http://healthcarekg.org/ontology/cerebrospinal_fluid_otorrhea,"brain cancer","Cerebrospinal Fluid Otorrhea"
http://healthcarekg.org/ontology/chronic_kidney_failure,hasSymptom,http://healthcarekg.org/ontology/urinary_bladder_neurogenic,"chronic kidney failure","Urinary Bladder, Neurogenic"
http://healthcarekg.org/ontology/type_2_diabetes_mellitus,treatedBy,http://healthcarekg.org/ontology/losartan,"type 2 diabetes mellitus","Losartan"
http://healthcarekg.org/ontology/head_and_neck_cancer,hasSymptom,http://healthcarekg.org/ontology/ophthalmoplegia,"head and neck cancer","Ophthalmoplegia"
http://healthcarekg.org/ontology/spinal_cancer,hasSymptom,http://healthcarekg.org/ontology/hypesthesia,"spinal cancer","Hypesthesia"
http://healthcarekg.org/ontology/primary_biliary_cirrhosis,hasSymptom,http://healthcarekg.org/ontology/fatigue,"primary biliary cirrhosis","Fatigue"
http://healthcarekg.org/ontology/acquired_immunodeficiency_syndrome,treatedBy,http://healthcarekg.org/ontology/abacavir,"acquired immunodeficiency syndrome","Abacavir"
http://healthcarekg.org/ontology/peripheral_nervous_system_neoplasm,hasSymptom,http://healthcarekg.org/ontology/deafness,"peripheral nervous system neoplasm","Deafness"
http://healthcarekg.org/ontology/allergic_rhinitis,hasSymptom,http://healthcarekg.org/ontology/olfaction_disorders,"allergic rhinitis","Olfaction Disorders"
http://healthcarekg.org/ontology/prostate_cancer,treatedBy,http://healthcarekg.org/ontology/epirubicin,"prostate cancer","Epirubicin"
http://healthcarekg.org/ontology/rheumatoid_arthritis,hasSymptom,http://healthcarekg.org/ontology/fever_of_unknown_origin,"rheumatoid arthritis","Fever of Unknown Origin"
http://healthcarekg.org/ontology/hepatitis_b,hasSymptom,http://healthcarekg.org/ontology/purpura,"hepatitis B","Purpura"
http://healthcarekg.org/ontology/alcohol_dependence,hasSymptom,http://healthcarekg.org/ontology/quadriplegia,"alcohol dependence","Quadriplegia"
http://healthcarekg.org/ontology/esophageal_cancer,hasSymptom,http://healthcarekg.org/ontology/dyspepsia,"esophageal cancer","Dyspepsia"
http://healthcarekg.org/ontology/kidney_cancer,treatedBy,http://healthcarekg.org/ontology/doxorubicin,"kidney cancer","Doxorubicin"
http://healthcarekg.org/ontology/malignant_glioma,hasSymptom,http://healthcarekg.org/ontology/torticollis,"malignant glioma","Torticollis"
http://healthcarekg.org/ontology/lung_cancer,hasSymptom,http://healthcarekg.org/ontology/earache,"lung cancer","Earache"
http://healthcarekg.org/ontology/rheumatoid_arthritis,hasSymptom,http://healthcarekg.org/ontology/cachexia,"rheumatoid arthritis","Cachexia"
http://healthcarekg.org/ontology/head_and_neck_cancer,treatedBy,http://healthcarekg.org/ontology/vinblastine,"head and neck cancer","Vinblastine"
http://healthcarekg.org/ontology/autistic_disorder,hasSymptom,http://healthcarekg.org/ontology/cri_du_chat_syndrome,"autistic disorder","Cri-du-Chat Syndrome"
http://healthcarekg.org/ontology/chronic_kidney_failure,hasSymptom,http://healthcarekg.org/ontology/lesch_nyhan_syndrome,"chronic kidney failure","Lesch-Nyhan Syndrome"
http://healthcarekg.org/ontology/ulcerative_colitis,treatedBy,http://healthcarekg.org/ontology/cholecalciferol,"ulcerative colitis","Cholecalciferol"
http://healthcarekg.org/ontology/testicular_cancer,treatedBy,http://healthcarekg.org/ontology/dactinomycin,"testicular cancer","Dactinomycin"
http://healthcarekg.org/ontology/anemia,hasSymptom,http://healthcarekg.org/ontology/apnea,"anemia","Apnea"
http://healthcarekg.org/ontology/barrett_s_esophagus,hasSymptom,http://healthcarekg.org/ontology/obesity,"Barrett's esophagus","Obesity"
http://healthcarekg.org/ontology/brain_cancer,hasSymptom,http://healthcarekg.org/ontology/lethargy,"brain cancer","Lethargy"
http://healthcarekg.org/ontology/malignant_glioma,hasSymptom,http://healthcarekg.org/ontology/pupil_disorders,"malignant glioma","Pupil Disorders"
http://healthcarekg.org/ontology/brain_cancer,hasSymptom,http://healthcarekg.org/ontology/amnesia,"brain cancer","Amnesia"
http://healthcarekg.org/ontology/peritoneum_cancer,hasSymptom,http://healthcarekg.org/ontology/vomiting,"peritoneum cancer","Vomiting"
http://healthcarekg.org/ontology/kidney_cancer,hasSymptom,http://healthcarekg.org/ontology/polyuria,"kidney cancer","Polyuria"
http://healthcarekg.org/ontology/sarcoma,hasSymptom,http://healthcarekg.org/ontology/anoxia,"sarcoma","Anoxia"
http://healthcarekg.org/ontology/breast_cancer,treatedBy,http://healthcarekg.org/ontology/eribulin,"breast cancer","Eribulin"
http://healthcarekg.org/ontology/germ_cell_cancer,hasSymptom,http://healthcarekg.org/ontology/blindness,"germ cell cancer","Blindness"
http://healthcarekg.org/ontology/psoriasis,hasSymptom,http://healthcarekg.org/ontology/pruritus,"psoriasis","Pruritus"
http://healthcarekg.org/ontology/lung_cancer,hasSymptom,http://healthcarekg.org/ontology/anoxia,"lung cancer","Anoxia"
http://healthcarekg.org/ontology/bone_cancer,treatedBy,http://healthcarekg.org/ontology/doxorubicin,"bone cancer","Doxorubicin"
http://healthcarekg.org/ontology/osteoarthritis,hasSymptom,http://healthcarekg.org/ontology/muscle_weakness,"osteoarthritis","Muscle Weakness"
http://healthcarekg.org/ontology/vitiligo,hasSymptom,http://healthcarekg.org/ontology/cafe_au_lait_spots,"vitiligo","Cafe-au-Lait Spots"
http://healthcarekg.org/ontology/hypothyroidism,hasSymptom,http://healthcarekg.org/ontology/failure_to_thrive,"hypothyroidism","Failure to Thrive"
http://healthcarekg.org/ontology/migraine,hasSymptom,http://healthcarekg.org/ontology/hemianopsia,"migraine","Hemianopsia"
http://healthcarekg.org/ontology/meningioma,hasSymptom,http://healthcarekg.org/ontology/anisocoria,"meningioma","Anisocoria"
http://healthcarekg.org/ontology/refractive_error,hasSymptom,http://healthcarekg.org/ontology/pain_postoperative,"refractive error","Pain, Postoperative"
http://healthcarekg.org/ontology/leprosy,hasSymptom,http://healthcarekg.org/ontology/muscle_weakness,"leprosy","Muscle Weakness"
http://healthcarekg.org/ontology/jejunal_cancer,hasSymptom,http://healthcarekg.org/ontology/gastroparesis,"jejunal cancer","Gastroparesis"
http://healthcarekg.org/ontology/malignant_glioma,hasSymptom,http://healthcarekg.org/ontology/ataxia,"malignant glioma","Ataxia"
http://healthcarekg.org/ontology/bone_cancer,hasSymptom,http://healthcarekg.org/ontology/breakthrough_pain,"bone cancer","Breakthrough Pain"
http://healthcarekg.org/ontology/ovarian_cancer,hasSymptom,http://healthcarekg.org/ontology/vomiting_anticipatory,"ovarian cancer","Vomiting, Anticipatory"
http://healthcarekg.org/ontology/sarcoma,treatedBy,http://healthcarekg.org/ontology/doxorubicin,"sarcoma","Doxorubicin"
http://healthcarekg.org/ontology/nephrolithiasis,hasSymptom,http://healthcarekg.org/ontology/paraplegia,"nephrolithiasis","Paraplegia"
http://healthcarekg.org/ontology/migraine,hasSymptom,http://healthcarekg.org/ontology/vertigo,"migraine","Vertigo"
http://healthcarekg.org/ontology/meningioma,hasSymptom,http://healthcarekg.org/ontology/ataxia,"meningioma","Ataxia"
http://healthcarekg.org/ontology/germ_cell_cancer,hasSymptom,http://healthcarekg.org/ontology/amnesia_anterograde,"germ cell cancer","Amnesia, Anterograde"
http://healthcarekg.org/ontology/hematologic_cancer,hasSymptom,http://healthcarekg.org/ontology/fever_of_unknown_origin,"hematologic cancer","Fever of Unknown Origin"
http://healthcarekg.org/ontology/parkinson_s_disease,hasSymptom,http://healthcarekg.org/ontology/reflex_abnormal,"Parkinson's disease","Reflex, Abnormal"
http://healthcarekg.org/ontology/breast_cancer,treatedBy,http://healthcarekg.org/ontology/fluoxymesterone,"breast cancer","Fluoxymesterone"
http://healthcarekg.org/ontology/obesity,treatedBy,http://healthcarekg.org/ontology/methamphetamine,"Obesity","Methamphetamine"
http://healthcarekg.org/ontology/duodenum_cancer,hasSymptom,http://healthcarekg.org/ontology/dyspepsia,"duodenum cancer","Dyspepsia"
http://healthcarekg.org/ontology/bone_cancer,hasSymptom,http://healthcarekg.org/ontology/muscle_weakness,"bone cancer","Muscle Weakness"
http://healthcarekg.org/ontology/epilepsy_syndrome,treatedBy,http://healthcarekg.org/ontology/oxcarbazepine,"epilepsy syndrome","Oxcarbazepine"
http://healthcarekg.org/ontology/osteoporosis,treatedBy,http://healthcarekg.org/ontology/calcitriol,"osteoporosis","Calcitriol"
http://healthcarekg.org/ontology/multiple_sclerosis,hasSymptom,http://healthcarekg.org/ontology/lower_urinary_tract_symptoms,"multiple sclerosis","Lower Urinary Tract Symptoms"
http://healthcarekg.org/ontology/thyroid_cancer,hasSymptom,http://healthcarekg.org/ontology/taste_disorders,"thyroid cancer","Taste Disorders"
http://healthcarekg.org/ontology/systemic_scleroderma,treatedBy,http://healthcarekg.org/ontology/pentoxifylline,"systemic scleroderma","Pentoxifylline"
http://healthcarekg.org/ontology/migraine,hasSymptom,http://healthcarekg.org/ontology/toothache,"migraine","Toothache"
http://healthcarekg.org/ontology/vascular_cancer,hasSymptom,http://healthcarekg.org/ontology/paresis,"vascular cancer","Paresis"
http://healthcarekg.org/ontology/lung_cancer,hasSymptom,http://healthcarekg.org/ontology/breakthrough_pain,"lung cancer","Breakthrough Pain"
http://healthcarekg.org/ontology/adrenal_gland_cancer,hasSymptom,http://healthcarekg.org/ontology/feminization,"adrenal gland cancer","Feminization"
http://healthcarekg.org/ontology/ulcerative_colitis,hasSymptom,http://healthcarekg.org/ontology/purpura_schoenlein_henoch,"ulcerative colitis","Purpura, Schoenlein-Henoch"
http://healthcarekg.org/ontology/head_and_neck_cancer,hasSymptom,http://healthcarekg.org/ontology/pain_intractable,"head and neck cancer","Pain, Intractable"
http://healthcarekg.org/ontology/graves_disease,hasSymptom,http://healthcarekg.org/ontology/scotoma,"Graves' disease","Scotoma"
http://healthcarekg.org/ontology/alcohol_dependence,treatedBy,http://healthcarekg.org/ontology/citalopram,"alcohol dependence","Citalopram"
http://healthcarekg.org/ontology/sclerosing_cholangitis,hasSymptom,http://healthcarekg.org/ontology/jaundice,"sclerosing cholangitis","Jaundice"
http://healthcarekg.org/ontology/periodontitis,hasSymptom,http://healthcarekg.org/ontology/gingival_hemorrhage,"periodontitis","Gingival Hemorrhage"
http://healthcarekg.org/ontology/lung_cancer,hasSymptom,http://healthcarekg.org/ontology/muscle_weakness,"lung cancer","Muscle Weakness"
http://healthcarekg.org/ontology/malignant_glioma,hasSymptom,http://healthcarekg.org/ontology/paresthesia,"malignant glioma","Paresthesia"
http://healthcarekg.org/ontology/acquired_immunodeficiency_syndrome,hasSymptom,http://healthcarekg.org/ontology/nausea,"acquired immunodeficiency syndrome","Nausea"
http://healthcarekg.org/ontology/germ_cell_cancer,hasSymptom,http://healthcarekg.org/ontology/neurologic_manifestations,"germ cell cancer","Neurologic Manifestations"
http://healthcarekg.org/ontology/osteoarthritis,hasSymptom,http://healthcarekg.org/ontology/mobility_limitation,"osteoarthritis","Mobility Limitation"
http://healthcarekg.org/ontology/behcet_s_disease,hasSymptom,http://healthcarekg.org/ontology/paresis,"Behcet's disease","Paresis"
http://healthcarekg.org/ontology/lung_cancer,hasSymptom,http://healthcarekg.org/ontology/fever,"lung cancer","Fever"
http://healthcarekg.org/ontology/vulva_cancer,hasSymptom,http://healthcarekg.org/ontology/edema,"vulva cancer","Edema"
http://healthcarekg.org/ontology/alzheimer_s_disease,hasSymptom,http://healthcarekg.org/ontology/supranuclear_palsy_progressive,"Alzheimer's disease","Supranuclear Palsy, Progressive"
http://healthcarekg.org/ontology/liver_cancer,treatedBy,http://healthcarekg.org/ontology/epirubicin,"liver cancer","Epirubicin"
http://healthcarekg.org/ontology/alzheimer_s_disease,hasSymptom,http://healthcarekg.org/ontology/hallucinations,"Alzheimer's disease","Hallucinations"
http://healthcarekg.org/ontology/pancreatic_cancer,hasSymptom,http://healthcarekg.org/ontology/pain_intractable,"pancreatic cancer","Pain, Intractable"
http://healthcarekg.org/ontology/esophageal_cancer,hasSymptom,http://healthcarekg.org/ontology/body_weight,"esophageal cancer","Body Weight"
http://healthcarekg.org/ontology/epilepsy_syndrome,hasSymptom,http://healthcarekg.org/ontology/intellectual_disability,"epilepsy syndrome","Intellectual Disability"
http://healthcarekg.org/ontology/crohn_s_disease,hasSymptom,http://healthcarekg.org/ontology/purpura_schoenlein_henoch,"Crohn's disease","Purpura, Schoenlein-Henoch"
http://healthcarekg.org/ontology/migraine,hasSymptom,http://healthcarekg.org/ontology/horner_syndrome,"migraine","Horner Syndrome"
http://healthcarekg.org/ontology/pancreatic_cancer,treatedBy,http://healthcarekg.org/ontology/docetaxel,"pancreatic cancer","Docetaxel"
http://healthcarekg.org/ontology/malignant_glioma,hasSymptom,http://healthcarekg.org/ontology/vision_disorders,"malignant glioma","Vision Disorders"
http://healthcarekg.org/ontology/bipolar_disorder,hasSymptom,http://healthcarekg.org/ontology/psychomotor_agitation,"bipolar disorder","Psychomotor Agitation"
http://healthcarekg.org/ontology/stomach_cancer,hasSymptom,http://healthcarekg.org/ontology/cachexia,"stomach cancer","Cachexia"
http://healthcarekg.org/ontology/parkinson_s_disease,hasSymptom,http://healthcarekg.org/ontology/voice_disorders,"Parkinson's disease","Voice Disorders"
http://healthcarekg.org/ontology/pharynx_cancer,hasSymptom,http://healthcarekg.org/ontology/hearing_loss_sudden,"pharynx cancer","Hearing Loss, Sudden"
http://healthcarekg.org/ontology/pancreatic_cancer,hasSymptom,http://healthcarekg.org/ontology/skin_manifestations,"pancreatic cancer","Skin Manifestations"
http://healthcarekg.org/ontology/malignant_mesothelioma,hasSymptom,http://healthcarekg.org/ontology/nausea,"malignant mesothelioma","Nausea"
http://healthcarekg.org/ontology/atherosclerosis,hasSymptom,http://healthcarekg.org/ontology/angina_stable,"atherosclerosis","Angina, Stable"
http://healthcarekg.org/ontology/peripheral_nervous_system_neoplasm,hasSymptom,http://healthcarekg.org/ontology/hearing_disorders,"peripheral nervous system neoplasm","Hearing Disorders"
http://healthcarekg.org/ontology/meningioma,hasSymptom,http://healthcarekg.org/ontology/vision_disorders,"meningioma","Vision Disorders"
http://healthcarekg.org/ontology/pancreatic_cancer,hasSymptom,http://healthcarekg.org/ontology/vomiting_anticipatory,"pancreatic cancer","Vomiting, Anticipatory"
http://healthcarekg.org/ontology/systemic_scleroderma,hasSymptom,http://healthcarekg.org/ontology/purpura,"systemic scleroderma","Purpura"
http://healthcarekg.org/ontology/attention_deficit_hyperactivity_disorder,hasSymptom,http://healthcarekg.org/ontology/language_disorders,"attention deficit hyperactivity disorder","Language Disorders"
http://healthcarekg.org/ontology/skin_cancer,hasSymptom,http://healthcarekg.org/ontology/purpura,"skin cancer","Purpura"
http://healthcarekg.org/ontology/atherosclerosis,hasSymptom,http://healthcarekg.org/ontology/angina_unstable,"atherosclerosis","Angina, Unstable"
http://healthcarekg.org/ontology/alzheimer_s_disease,hasSymptom,http://healthcarekg.org/ontology/neurogenic_inflammation,"Alzheimer's disease","Neurogenic Inflammation"
http://healthcarekg.org/ontology/bone_cancer,hasSymptom,http://healthcarekg.org/ontology/mobility_limitation,"bone cancer","Mobility Limitation"
http://healthcarekg.org/ontology/polycystic_ovary_syndrome,hasSymptom,http://healthcarekg.org/ontology/body_weight,"polycystic ovary syndrome","Body Weight"
http://healthcarekg.org/ontology/type_2_diabetes_mellitus,treatedBy,http://healthcarekg.org/ontology/glipizide,"type 2 diabetes mellitus","Glipizide"
http://healthcarekg.org/ontology/anemia,hasSymptom,http://healthcarekg.org/ontology/pallor,"anemia","Pallor"
http://healthcarekg.org/ontology/alzheimer_s_disease,hasSymptom,http://healthcarekg.org/ontology/neurobehavioral_manifestations,"Alzheimer's disease","Neurobehavioral Manifestations"
http://healthcarekg.org/ontology/obesity,hasSymptom,http://healthcarekg.org/ontology/pediatric_obesity,"Obesity","Pediatric Obesity"
http://healthcarekg.org/ontology/lung_cancer,hasSymptom,http://healthcarekg.org/ontology/vocal_cord_paralysis,"lung cancer","Vocal Cord Paralysis"
http://healthcarekg.org/ontology/multiple_sclerosis,hasSymptom,http://healthcarekg.org/ontology/ataxia,"multiple sclerosis","Ataxia"
http://healthcarekg.org/ontology/age_related_macular_degeneration,hasSymptom,http://healthcarekg.org/ontology/eye_pain,"age related macular degeneration","Eye Pain"
http://healthcarekg.org/ontology/malignant_mesothelioma,hasSymptom,http://healthcarekg.org/ontology/coma,"malignant mesothelioma","Coma"
http://healthcarekg.org/ontology/germ_cell_cancer,hasSymptom,http://healthcarekg.org/ontology/paraplegia,"germ cell cancer","Paraplegia"
http://healthcarekg.org/ontology/esophageal_cancer,hasSymptom,http://healthcarekg.org/ontology/pain_postoperative,"esophageal cancer","Pain, Postoperative"
http://healthcarekg.org/ontology/thoracic_aortic_aneurysm,hasSymptom,http://healthcarekg.org/ontology/heart_murmurs,"thoracic aortic aneurysm","Heart Murmurs"
http://healthcarekg.org/ontology/rectum_cancer,hasSymptom,http://healthcarekg.org/ontology/diarrhea,"rectum cancer","Diarrhea"
http://healthcarekg.org/ontology/colon_cancer,hasSymptom,http://healthcarekg.org/ontology/colic,"colon cancer","Colic"
http://healthcarekg.org/ontology/amyotrophic_lateral_sclerosis,hasSymptom,http://healthcarekg.org/ontology/myotonia,"amyotrophic lateral sclerosis","Myotonia"
http://healthcarekg.org/ontology/skin_cancer,treatedBy,http://healthcarekg.org/ontology/docetaxel,"skin cancer","Docetaxel"
http://healthcarekg.org/ontology/urinary_bladder_cancer,hasSymptom,http://healthcarekg.org/ontology/fever,"urinary bladder cancer","Fever"
http://healthcarekg.org/ontology/barrett_s_esophagus,treatedBy,http://healthcarekg.org/ontology/omeprazole,"Barrett's esophagus","Omeprazole"
http://healthcarekg.org/ontology/hypertension,treatedBy,http://healthcarekg.org/ontology/reserpine,"hypertension","Reserpine"
http://healthcarekg.org/ontology/multiple_sclerosis,treatedBy,http://healthcarekg.org/ontology/dexamethasone,"multiple sclerosis","Dexamethasone"
http://healthcarekg.org/ontology/peripheral_nervous_system_neoplasm,treatedBy,http://healthcarekg.org/ontology/isotretinoin,"peripheral nervous system neoplasm","Isotretinoin"
http://healthcarekg.org/ontology/melanoma,hasSymptom,http://healthcarekg.org/ontology/anoxia,"melanoma","Anoxia"
http://healthcarekg.org/ontology/meningioma,hasSymptom,http://healthcarekg.org/ontology/sciatica,"meningioma","Sciatica"
http://healthcarekg.org/ontology/salivary_gland_cancer,hasSymptom,http://healthcarekg.org/ontology/sensation_disorders,"salivary gland cancer","Sensation Disorders"
http://healthcarekg.org/ontology/vitiligo,hasSymptom,http://healthcarekg.org/ontology/aging_premature,"vitiligo","Aging, Premature"
http://healthcarekg.org/ontology/panic_disorder,hasSymptom,http://healthcarekg.org/ontology/vertigo,"panic disorder","Vertigo"
http://healthcarekg.org/ontology/liver_cancer,hasSymptom,http://healthcarekg.org/ontology/fever_of_unknown_origin,"liver cancer","Fever of Unknown Origin"
http://healthcarekg.org/ontology/meningioma,hasSymptom,http://healthcarekg.org/ontology/blindness_cortical,"meningioma","Blindness, Cortical"
http://healthcarekg.org/ontology/allergic_rhinitis,hasSymptom,http://healthcarekg.org/ontology/sleep_apnea_syndromes,"allergic rhinitis","Sleep Apnea Syndromes"
http://healthcarekg.org/ontology/gout,treatedBy,http://healthcarekg.org/ontology/hydrocortisone,"gout","Hydrocortisone"
http://healthcarekg.org/ontology/cervical_cancer,hasSymptom,http://healthcarekg.org/ontology/pain,"cervical cancer","Pain"
http://healthcarekg.org/ontology/pharynx_cancer,hasSymptom,http://healthcarekg.org/ontology/hearing_loss_conductive,"pharynx cancer","Hearing Loss, Conductive"
http://healthcarekg.org/ontology/endogenous_depression,hasSymptom,http://healthcarekg.org/ontology/dyskinesia_drug_induced,"endogenous depression","Dyskinesia, Drug-Induced"
http://healthcarekg.org/ontology/cleft_lip,hasSymptom,http://healthcarekg.org/ontology/language_disorders,"cleft lip","Language Disorders"
http://healthcarekg.org/ontology/ovarian_cancer,hasSymptom,http://healthcarekg.org/ontology/hirsutism,"ovarian cancer","Hirsutism"
http://healthcarekg.org/ontology/degenerative_disc_disease,hasSymptom,http://healthcarekg.org/ontology/chronic_pain,"degenerative disc disease","Chronic Pain"
http://healthcarekg.org/ontology/systemic_scleroderma,hasSymptom,http://healthcarekg.org/ontology/purpura_thrombotic_thrombocytopenic,"systemic scleroderma","Purpura, Thrombotic Thrombocytopenic"
http://healthcarekg.org/ontology/intracranial_aneurysm,hasSymptom,http://healthcarekg.org/ontology/muscle_weakness,"intracranial aneurysm","Muscle Weakness"
http://healthcarekg.org/ontology/chronic_kidney_failure,hasSymptom,http://healthcarekg.org/ontology/weight_gain,"chronic kidney failure","Weight Gain"
http://healthcarekg.org/ontology/rheumatoid_arthritis,hasSymptom,http://healthcarekg.org/ontology/hoarseness,"rheumatoid arthritis","Hoarseness"
http://healthcarekg.org/ontology/anemia,hasSymptom,http://healthcarekg.org/ontology/hypergammaglobulinemia,"anemia","Hypergammaglobulinemia"
http://healthcarekg.org/ontology/vascular_cancer,hasSymptom,http://healthcarekg.org/ontology/syncope,"vascular cancer","Syncope"
http://healthcarekg.org/ontology/systemic_lupus_erythematosus,treatedBy,http://healthcarekg.org/ontology/hydrocortisone,"systemic lupus erythematosus","Hydrocortisone"
http://healthcarekg.org/ontology/type_1_diabetes_mellitus,hasSymptom,http://healthcarekg.org/ontology/albuminuria,"type 1 diabetes mellitus","Albuminuria"
http://healthcarekg.org/ontology/ocular_cancer,hasSymptom,http://healthcarekg.org/ontology/choroid_hemorrhage,"ocular cancer","Choroid Hemorrhage"
http://healthcarekg.org/ontology/germ_cell_cancer,hasSymptom,http://healthcarekg.org/ontology/cerebrospinal_fluid_otorrhea,"germ cell cancer","Cerebrospinal Fluid Otorrhea"
http://healthcarekg.org/ontology/anemia,hasSymptom,http://healthcarekg.org/ontology/cardiac_output_high,"anemia","Cardiac Output, High"
http://healthcarekg.org/ontology/allergic_rhinitis,treatedBy,http://healthcarekg.org/ontology/flunisolide,"allergic rhinitis","Flunisolide"
http://healthcarekg.org/ontology/autistic_disorder,hasSymptom,http://healthcarekg.org/ontology/down_syndrome,"autistic disorder","Down Syndrome"
http://healthcarekg.org/ontology/penile_cancer,hasSymptom,http://healthcarekg.org/ontology/edema,"penile cancer","Edema"
http://healthcarekg.org/ontology/endogenous_depression,hasSymptom,http://healthcarekg.org/ontology/glossalgia,"endogenous depression","Glossalgia"
http://healthcarekg.org/ontology/pharynx_cancer,hasSymptom,http://healthcarekg.org/ontology/dyspnea,"pharynx cancer","Dyspnea"
http://healthcarekg.org/ontology/psoriasis,treatedBy,http://healthcarekg.org/ontology/fluocinolone_acetonide,"psoriasis","Fluocinolone Acetonide"
http://healthcarekg.org/ontology/chronic_obstructive_pulmonary_disease,hasSymptom,http://healthcarekg.org/ontology/sleep_apnea_obstructive,"chronic obstructive pulmonary disease","Sleep Apnea, Obstructive"
http://healthcarekg.org/ontology/tracheal_cancer,hasSymptom,http://healthcarekg.org/ontology/respiratory_sounds,"tracheal cancer","Respiratory Sounds"
http://healthcarekg.org/ontology/dental_caries,hasSymptom,http://healthcarekg.org/ontology/bulimia,"dental caries","Bulimia"
http://healthcarekg.org/ontology/migraine,hasSymptom,http://healthcarekg.org/ontology/alice_in_wonderland_syndrome,"migraine","Alice in Wonderland Syndrome"
http://healthcarekg.org/ontology/bone_cancer,hasSymptom,http://healthcarekg.org/ontology/hearing_loss_sensorineural,"bone cancer","Hearing Loss, Sensorineural"
http://healthcarekg.org/ontology/peripheral_nervous_system_neoplasm,hasSymptom,http://healthcarekg.org/ontology/cerebrospinal_fluid_leak,"peripheral nervous system neoplasm","Cerebrospinal Fluid Leak"
http://healthcarekg.org/ontology/systemic_scleroderma,treatedBy,http://healthcarekg.org/ontology/mycophenolate_mofetil,"systemic scleroderma","Mycophenolate mofetil"
http://healthcarekg.org/ontology/ocular_cancer,hasSymptom,http://healthcarekg.org/ontology/amblyopia,"ocular cancer","Amblyopia"
http://healthcarekg.org/ontology/abdominal_aortic_aneurysm,hasSymptom,http://healthcarekg.org/ontology/paraplegia,"abdominal aortic aneurysm","Paraplegia"
http://healthcarekg.org/ontology/multiple_sclerosis,treatedBy,http://healthcarekg.org/ontology/betamethasone,"multiple sclerosis","Betamethasone"
http://healthcarekg.org/ontology/alzheimer_s_disease,hasSymptom,http://healthcarekg.org/ontology/alcohol_amnestic_disorder,"Alzheimer's disease","Alcohol Amnestic Disorder"
http://healthcarekg.org/ontology/alzheimer_s_disease,treatedBy,http://healthcarekg.org/ontology/galantamine,"Alzheimer's disease","Galantamine"
http://healthcarekg.org/ontology/chronic_obstructive_pulmonary_disease,hasSymptom,http://healthcarekg.org/ontology/fatigue,"chronic obstructive pulmonary disease","Fatigue"
http://healthcarekg.org/ontology/alzheimer_s_disease,hasSymptom,http://healthcarekg.org/ontology/prosopagnosia,"Alzheimer's disease","Prosopagnosia"
http://healthcarekg.org/ontology/peripheral_nervous_system_neoplasm,hasSymptom,http://healthcarekg.org/ontology/paralysis,"peripheral nervous system neoplasm","Paralysis"
http://healthcarekg.org/ontology/systemic_lupus_erythematosus,hasSymptom,http://healthcarekg.org/ontology/fever_of_unknown_origin,"systemic lupus erythematosus","Fever of Unknown Origin"
http://healthcarekg.org/ontology/thymus_cancer,hasSymptom,http://healthcarekg.org/ontology/dyspnea,"thymus cancer","Dyspnea"
http://healthcarekg.org/ontology/melanoma,hasSymptom,http://healthcarekg.org/ontology/muscle_weakness,"melanoma","Muscle Weakness"
http://healthcarekg.org/ontology/rheumatoid_arthritis,hasSymptom,http://healthcarekg.org/ontology/sciatica,"rheumatoid arthritis","Sciatica"
http://healthcarekg.org/ontology/ankylosing_spondylitis,hasSymptom,http://healthcarekg.org/ontology/neck_pain,"ankylosing spondylitis","Neck Pain"
http://healthcarekg.org/ontology/schizophrenia,hasSymptom,http://healthcarekg.org/ontology/hallucinations,"schizophrenia","Hallucinations"
http://healthcarekg.org/ontology/liver_cancer,hasSymptom,http://healthcarekg.org/ontology/brain_death,"liver cancer","Brain Death"
http://healthcarekg.org/ontology/ovarian_cancer,hasSymptom,http://healthcarekg.org/ontology/vomiting,"ovarian cancer","Vomiting"
http://healthcarekg.org/ontology/type_1_diabetes_mellitus,hasSymptom,http://healthcarekg.org/ontology/gastroparesis,"type 1 diabetes mellitus","Gastroparesis"
http://healthcarekg.org/ontology/melanoma,hasSymptom,http://healthcarekg.org/ontology/choroid_hemorrhage,"melanoma","Choroid Hemorrhage"
http://healthcarekg.org/ontology/crohn_s_disease,hasSymptom,http://healthcarekg.org/ontology/eructation,"Crohn's disease","Eructation"
http://healthcarekg.org/ontology/systemic_scleroderma,hasSymptom,http://healthcarekg.org/ontology/pain,"systemic scleroderma","Pain"
http://healthcarekg.org/ontology/brain_cancer,treatedBy,http://healthcarekg.org/ontology/hydroxyurea,"brain cancer","Hydroxyurea"
http://healthcarekg.org/ontology/esophageal_cancer,hasSymptom,http://healthcarekg.org/ontology/obesity_abdominal,"esophageal cancer","Obesity, Abdominal"
http://healthcarekg.org/ontology/skin_cancer,hasSymptom,http://healthcarekg.org/ontology/pain,"skin cancer","Pain"
http://healthcarekg.org/ontology/hematologic_cancer,treatedBy,http://healthcarekg.org/ontology/tioguanine,"hematologic cancer","Tioguanine"
http://healthcarekg.org/ontology/hepatitis_b,hasSymptom,http://healthcarekg.org/ontology/down_syndrome,"hepatitis B","Down Syndrome"
http://healthcarekg.org/ontology/skin_cancer,hasSymptom,http://healthcarekg.org/ontology/tinea_pedis,"skin cancer","Tinea Pedis"
http://healthcarekg.org/ontology/migraine,hasSymptom,http://healthcarekg.org/ontology/miosis,"migraine","Miosis"
http://healthcarekg.org/ontology/asthma,treatedBy,http://healthcarekg.org/ontology/ciclesonide,"asthma","Ciclesonide"
http://healthcarekg.org/ontology/lung_cancer,treatedBy,http://healthcarekg.org/ontology/gemcitabine,"lung cancer","Gemcitabine"
http://healthcarekg.org/ontology/asthma,hasSymptom,http://healthcarekg.org/ontology/alkalosis_respiratory,"asthma","Alkalosis, Respiratory"
http://healthcarekg.org/ontology/hypertension,treatedBy,http://healthcarekg.org/ontology/bumetanide,"hypertension","Bumetanide"
http://healthcarekg.org/ontology/amyotrophic_lateral_sclerosis,hasSymptom,http://healthcarekg.org/ontology/reflex_abnormal,"amyotrophic lateral sclerosis","Reflex, Abnormal"
http://healthcarekg.org/ontology/pancreatitis,treatedBy,http://healthcarekg.org/ontology/hyoscyamine,"pancreatitis","Hyoscyamine"
http://healthcarekg.org/ontology/asthma,hasSymptom,http://healthcarekg.org/ontology/sneezing,"asthma","Sneezing"
http://healthcarekg.org/ontology/ocular_cancer,hasSymptom,http://healthcarekg.org/ontology/amaurosis_fugax,"ocular cancer","Amaurosis Fugax"
http://healthcarekg.org/ontology/head_and_neck_cancer,hasSymptom,http://healthcarekg.org/ontology/hypesthesia,"head and neck cancer","Hypesthesia"
http://healthcarekg.org/ontology/polycystic_ovary_syndrome,hasSymptom,http://healthcarekg.org/ontology/obesity_abdominal,"polycystic ovary syndrome","Obesity, Abdominal"
http://healthcarekg.org/ontology/schizophrenia,hasSymptom,http://healthcarekg.org/ontology/neurobehavioral_manifestations,"schizophrenia","Neurobehavioral Manifestations"
http://healthcarekg.org/ontology/malignant_glioma,hasSymptom,http://healthcarekg.org/ontology/ophthalmoplegia,"malignant glioma","Ophthalmoplegia"
http://healthcarekg.org/ontology/alcohol_dependence,hasSymptom,http://healthcarekg.org/ontology/vomiting,"alcohol dependence","Vomiting"
http://healthcarekg.org/ontology/schizophrenia,hasSymptom,http://healthcarekg.org/ontology/stuttering,"schizophrenia","Stuttering"
http://healthcarekg.org/ontology/migraine,hasSymptom,http://healthcarekg.org/ontology/scotoma,"migraine","Scotoma"
http://healthcarekg.org/ontology/osteoarthritis,hasSymptom,http://healthcarekg.org/ontology/gait_disorders_neurologic,"osteoarthritis","Gait Disorders, Neurologic"
http://healthcarekg.org/ontology/germ_cell_cancer,hasSymptom,http://healthcarekg.org/ontology/edema,"germ cell cancer","Edema"
http://healthcarekg.org/ontology/malignant_glioma,hasSymptom,http://healthcarekg.org/ontology/cerebrospinal_fluid_rhinorrhea,"malignant glioma","Cerebrospinal Fluid Rhinorrhea"
http://healthcarekg.org/ontology/gilles_de_la_tourette_syndrome,hasSymptom,http://healthcarekg.org/ontology/reflex_abnormal,"Gilles de la Tourette syndrome","Reflex, Abnormal"
http://healthcarekg.org/ontology/head_and_neck_cancer,hasSymptom,http://healthcarekg.org/ontology/vomiting,"head and neck cancer","Vomiting"
http://healthcarekg.org/ontology/bipolar_disorder,hasSymptom,http://healthcarekg.org/ontology/psychomotor_disorders,"bipolar disorder","Psychomotor Disorders"
http://healthcarekg.org/ontology/migraine,hasSymptom,http://healthcarekg.org/ontology/optical_illusions,"migraine","Optical Illusions"
http://healthcarekg.org/ontology/stomach_cancer,hasSymptom,http://healthcarekg.org/ontology/hyperemesis_gravidarum,"stomach cancer","Hyperemesis Gravidarum"
http://healthcarekg.org/ontology/cleft_lip,hasSymptom,http://healthcarekg.org/ontology/hearing_disorders,"cleft lip","Hearing Disorders"
http://healthcarekg.org/ontology/meningioma,hasSymptom,http://healthcarekg.org/ontology/cerebrospinal_fluid_rhinorrhea,"meningioma","Cerebrospinal Fluid Rhinorrhea"
http://healthcarekg.org/ontology/uterine_fibroid,hasSymptom,http://healthcarekg.org/ontology/hot_flashes,"uterine fibroid","Hot Flashes"
http://healthcarekg.org/ontology/malignant_glioma,hasSymptom,http://healthcarekg.org/ontology/quadriplegia,"malignant glioma","Quadriplegia"
http://healthcarekg.org/ontology/thoracic_aortic_aneurysm,hasSymptom,http://healthcarekg.org/ontology/fever_of_unknown_origin,"thoracic aortic aneurysm","Fever of Unknown Origin"
http://healthcarekg.org/ontology/germ_cell_cancer,hasSymptom,http://healthcarekg.org/ontology/flushing,"germ cell cancer","Flushing"
http://healthcarekg.org/ontology/uterine_fibroid,hasSymptom,http://healthcarekg.org/ontology/constipation,"uterine fibroid","Constipation"
http://healthcarekg.org/ontology/abdominal_aortic_aneurysm,hasSymptom,http://healthcarekg.org/ontology/pain_postoperative,"abdominal aortic aneurysm","Pain, Postoperative"
http://healthcarekg.org/ontology/anemia,hasSymptom,http://healthcarekg.org/ontology/monoclonal_gammopathy_of_undetermined_significance,"anemia","Monoclonal Gammopathy of Undetermined Significance"
http://healthcarekg.org/ontology/thymus_cancer,hasSymptom,http://healthcarekg.org/ontology/fasciculation,"thymus cancer","Fasciculation"
http://healthcarekg.org/ontology/urinary_bladder_cancer,treatedBy,http://healthcarekg.org/ontology/gemcitabine,"urinary bladder cancer","Gemcitabine"
http://healthcarekg.org/ontology/ocular_cancer,hasSymptom,http://healthcarekg.org/ontology/deafness,"ocular cancer","Deafness"
http://healthcarekg.org/ontology/meningioma,hasSymptom,http://healthcarekg.org/ontology/quadriplegia,"meningioma","Quadriplegia"
http://healthcarekg.org/ontology/pancreatic_cancer,hasSymptom,http://healthcarekg.org/ontology/vomiting,"pancreatic cancer","Vomiting"
http://healthcarekg.org/ontology/hypothyroidism,hasSymptom,http://healthcarekg.org/ontology/myotonia,"hypothyroidism","Myotonia"
http://healthcarekg.org/ontology/rheumatoid_arthritis,hasSymptom,http://healthcarekg.org/ontology/purpura,"rheumatoid arthritis","Purpura"
http://healthcarekg.org/ontology/head_and_neck_cancer,hasSymptom,http://healthcarekg.org/ontology/hearing_loss_sudden,"head and neck cancer","Hearing Loss, Sudden"
http://healthcarekg.org/ontology/glaucoma,treatedBy,http://healthcarekg.org/ontology/diclofenamide,"glaucoma","Diclofenamide"
http://healthcarekg.org/ontology/amyotrophic_lateral_sclerosis,hasSymptom,http://healthcarekg.org/ontology/voice_disorders,"amyotrophic lateral sclerosis","Voice Disorders"
http://healthcarekg.org/ontology/hypertension,treatedBy,http://healthcarekg.org/ontology/torasemide,"hypertension","Torasemide"
http://healthcarekg.org/ontology/hematologic_cancer,treatedBy,http://healthcarekg.org/ontology/thiotepa,"hematologic cancer","Thiotepa"
http://healthcarekg.org/ontology/refractive_error,hasSymptom,http://healthcarekg.org/ontology/photophobia,"refractive error","Photophobia"
http://healthcarekg.org/ontology/obesity,hasSymptom,http://healthcarekg.org/ontology/hypoventilation,"Obesity","Hypoventilation"
http://healthcarekg.org/ontology/malaria,treatedBy,http://healthcarekg.org/ontology/pentoxifylline,"malaria","Pentoxifylline"
http://healthcarekg.org/ontology/atopic_dermatitis,treatedBy,http://healthcarekg.org/ontology/fluocinolone_acetonide,"atopic dermatitis","Fluocinolone Acetonide"
http://healthcarekg.org/ontology/thymus_cancer,hasSymptom,http://healthcarekg.org/ontology/muscle_hypotonia,"thymus cancer","Muscle Hypotonia"
http://healthcarekg.org/ontology/psoriasis,hasSymptom,http://healthcarekg.org/ontology/neck_pain,"psoriasis","Neck Pain"
http://healthcarekg.org/ontology/endogenous_depression,hasSymptom,http://healthcarekg.org/ontology/sleep_deprivation,"endogenous depression","Sleep Deprivation"
http://healthcarekg.org/ontology/migraine,hasSymptom,http://healthcarekg.org/ontology/hyperesthesia,"migraine","Hyperesthesia"
http://healthcarekg.org/ontology/uterine_fibroid,hasSymptom,http://healthcarekg.org/ontology/dysuria,"uterine fibroid","Dysuria"
http://healthcarekg.org/ontology/testicular_cancer,hasSymptom,http://healthcarekg.org/ontology/hemianopsia,"testicular cancer","Hemianopsia"
http://healthcarekg.org/ontology/spinal_cancer,hasSymptom,http://healthcarekg.org/ontology/neck_pain,"spinal cancer","Neck Pain"
http://healthcarekg.org/ontology/malignant_mesothelioma,hasSymptom,http://healthcarekg.org/ontology/dyspnea,"malignant mesothelioma","Dyspnea"
http://healthcarekg.org/ontology/pharynx_cancer,hasSymptom,http://healthcarekg.org/ontology/hearing_loss,"pharynx cancer","Hearing Loss"
http://healthcarekg.org/ontology/brain_cancer,hasSymptom,http://healthcarekg.org/ontology/psychomotor_disorders,"brain cancer","Psychomotor Disorders"
http://healthcarekg.org/ontology/thyroid_cancer,hasSymptom,http://healthcarekg.org/ontology/diarrhea,"thyroid cancer","Diarrhea"
http://healthcarekg.org/ontology/bipolar_disorder,hasSymptom,http://healthcarekg.org/ontology/polyuria,"bipolar disorder","Polyuria"
http://healthcarekg.org/ontology/peripheral_nervous_system_neoplasm,hasSymptom,http://healthcarekg.org/ontology/diplopia,"peripheral nervous system neoplasm","Diplopia"
http://healthcarekg.org/ontology/atopic_dermatitis,treatedBy,http://healthcarekg.org/ontology/dimenhydrinate,"atopic dermatitis","Dimenhydrinate"
http://healthcarekg.org/ontology/pancreatitis,hasSymptom,http://healthcarekg.org/ontology/chronic_pain,"pancreatitis","Chronic Pain"
http://healthcarekg.org/ontology/larynx_cancer,hasSymptom,http://healthcarekg.org/ontology/speech_disorders,"larynx cancer","Speech Disorders"
http://healthcarekg.org/ontology/schizophrenia,hasSymptom,http://healthcarekg.org/ontology/prosopagnosia,"schizophrenia","Prosopagnosia"
http://healthcarekg.org/ontology/bipolar_disorder,hasSymptom,http://healthcarekg.org/ontology/prodromal_symptoms,"bipolar disorder","Prodromal Symptoms"
http://healthcarekg.org/ontology/peripheral_nervous_system_neoplasm,treatedBy,http://healthcarekg.org/ontology/epirubicin,"peripheral nervous system neoplasm","Epirubicin"
http://healthcarekg.org/ontology/sarcoma,treatedBy,http://healthcarekg.org/ontology/dactinomycin,"sarcoma","Dactinomycin"
http://healthcarekg.org/ontology/brain_cancer,hasSymptom,http://healthcarekg.org/ontology/hearing_loss_bilateral,"brain cancer","Hearing Loss, Bilateral"
http://healthcarekg.org/ontology/allergic_rhinitis,hasSymptom,http://healthcarekg.org/ontology/mouth_breathing,"allergic rhinitis","Mouth Breathing"
http://healthcarekg.org/ontology/adrenal_gland_cancer,hasSymptom,http://healthcarekg.org/ontology/virilism,"adrenal gland cancer","Virilism"
http://healthcarekg.org/ontology/muscle_cancer,treatedBy,http://healthcarekg.org/ontology/vincristine,"muscle cancer","Vincristine"
http://healthcarekg.org/ontology/parkinson_s_disease,hasSymptom,http://healthcarekg.org/ontology/hyperkinesis,"Parkinson's disease","Hyperkinesis"
http://healthcarekg.org/ontology/prostate_cancer,hasSymptom,http://healthcarekg.org/ontology/nocturia,"prostate cancer","Nocturia"
http://healthcarekg.org/ontology/rheumatoid_arthritis,hasSymptom,http://healthcarekg.org/ontology/quadriplegia,"rheumatoid arthritis","Quadriplegia"
http://healthcarekg.org/ontology/glaucoma,hasSymptom,http://healthcarekg.org/ontology/tonic_pupil,"glaucoma","Tonic Pupil"
http://healthcarekg.org/ontology/colon_cancer,hasSymptom,http://healthcarekg.org/ontology/fever,"colon cancer","Fever"
http://healthcarekg.org/ontology/membranous_glomerulonephritis,hasSymptom,http://healthcarekg.org/ontology/monoclonal_gammopathy_of_undetermined_significance,"membranous glomerulonephritis","Monoclonal Gammopathy of Undetermined Significance"
http://healthcarekg.org/ontology/larynx_cancer,hasSymptom,http://healthcarekg.org/ontology/hoarseness,"larynx cancer","Hoarseness"
http://healthcarekg.org/ontology/malaria,treatedBy,http://healthcarekg.org/ontology/doxycycline,"malaria","Doxycycline"
http://healthcarekg.org/ontology/dilated_cardiomyopathy,hasSymptom,http://healthcarekg.org/ontology/hearing_loss_sensorineural,"dilated cardiomyopathy","Hearing Loss, Sensorineural"
http://healthcarekg.org/ontology/thyroid_cancer,treatedBy,http://healthcarekg.org/ontology/vandetanib,"thyroid cancer","Vandetanib"
http://healthcarekg.org/ontology/adrenal_gland_cancer,hasSymptom,http://healthcarekg.org/ontology/diarrhea,"adrenal gland cancer","Diarrhea"
http://healthcarekg.org/ontology/migraine,hasSymptom,http://healthcarekg.org/ontology/psychophysiologic_disorders,"migraine","Psychophysiologic Disorders"
http://healthcarekg.org/ontology/testicular_cancer,hasSymptom,http://healthcarekg.org/ontology/abdominal_pain,"testicular cancer","Abdominal Pain"
http://healthcarekg.org/ontology/graves_disease,hasSymptom,http://healthcarekg.org/ontology/tetany,"Graves' disease","Tetany"
http://healthcarekg.org/ontology/migraine,hasSymptom,http://healthcarekg.org/ontology/somnambulism,"migraine","Somnambulism"
http://healthcarekg.org/ontology/behcet_s_disease,hasSymptom,http://healthcarekg.org/ontology/hearing_disorders,"Behcet's disease","Hearing Disorders"
http://healthcarekg.org/ontology/nicotine_dependence,hasSymptom,http://healthcarekg.org/ontology/fetal_hypoxia,"nicotine dependence","Fetal Hypoxia"
http://healthcarekg.org/ontology/adrenal_gland_cancer,hasSymptom,http://healthcarekg.org/ontology/tonic_pupil,"adrenal gland cancer","Tonic Pupil"
http://healthcarekg.org/ontology/multiple_sclerosis,hasSymptom,http://healthcarekg.org/ontology/quadriplegia,"multiple sclerosis","Quadriplegia"
http://healthcarekg.org/ontology/brain_cancer,hasSymptom,http://healthcarekg.org/ontology/muscle_weakness,"brain cancer","Muscle Weakness"
http://healthcarekg.org/ontology/type_2_diabetes_mellitus,treatedBy,http://healthcarekg.org/ontology/valsartan,"type 2 diabetes mellitus","Valsartan"
http://healthcarekg.org/ontology/parkinson_s_disease,hasSymptom,http://healthcarekg.org/ontology/apraxias,"Parkinson's disease","Apraxias"
http://healthcarekg.org/ontology/periodontitis,hasSymptom,http://healthcarekg.org/ontology/neurogenic_inflammation,"periodontitis","Neurogenic Inflammation"
http://healthcarekg.org/ontology/thyroid_cancer,hasSymptom,http://healthcarekg.org/ontology/hemoptysis,"thyroid cancer","Hemoptysis"
http://healthcarekg.org/ontology/rheumatoid_arthritis,hasSymptom,http://healthcarekg.org/ontology/shoulder_pain,"rheumatoid arthritis","Shoulder Pain"
http://healthcarekg.org/ontology/hematologic_cancer,hasSymptom,http://healthcarekg.org/ontology/purpura,"hematologic cancer","Purpura"
http://healthcarekg.org/ontology/peritoneum_cancer,hasSymptom,http://healthcarekg.org/ontology/abdomen_acute,"peritoneum cancer","Abdomen, Acute"
http://healthcarekg.org/ontology/brain_cancer,hasSymptom,http://healthcarekg.org/ontology/polyuria,"brain cancer","Polyuria"
http://healthcarekg.org/ontology/ureter_cancer,hasSymptom,http://healthcarekg.org/ontology/urinoma,"ureter cancer","Urinoma"
http://healthcarekg.org/ontology/asthma,hasSymptom,http://healthcarekg.org/ontology/hypercapnia,"asthma","Hypercapnia"
http://healthcarekg.org/ontology/asthma,treatedBy,http://healthcarekg.org/ontology/zileuton,"asthma","Zileuton"
http://healthcarekg.org/ontology/hypothyroidism,hasSymptom,http://healthcarekg.org/ontology/reflex_abnormal,"hypothyroidism","Reflex, Abnormal"
http://healthcarekg.org/ontology/skin_cancer,hasSymptom,http://healthcarekg.org/ontology/down_syndrome,"skin cancer","Down Syndrome"
http://healthcarekg.org/ontology/rheumatoid_arthritis,hasSymptom,http://healthcarekg.org/ontology/pain,"rheumatoid arthritis","Pain"
http://healthcarekg.org/ontology/leprosy,hasSymptom,http://healthcarekg.org/ontology/paralysis,"leprosy","Paralysis"
http://healthcarekg.org/ontology/ankylosing_spondylitis,hasSymptom,http://healthcarekg.org/ontology/neurologic_manifestations,"ankylosing spondylitis","Neurologic Manifestations"
http://healthcarekg.org/ontology/retroperitoneal_cancer,hasSymptom,http://healthcarekg.org/ontology/virilism,"retroperitoneal cancer","Virilism"
http://healthcarekg.org/ontology/schizophrenia,hasSymptom,http://healthcarekg.org/ontology/flushing,"schizophrenia","Flushing"
http://healthcarekg.org/ontology/pancreatic_cancer,treatedBy,http://healthcarekg.org/ontology/sunitinib,"pancreatic cancer","Sunitinib"
http://healthcarekg.org/ontology/asthma,treatedBy,http://healthcarekg.org/ontology/hydrocortisone,"asthma","Hydrocortisone"
http://healthcarekg.org/ontology/epilepsy_syndrome,hasSymptom,http://healthcarekg.org/ontology/memory_disorders,"epilepsy syndrome","Memory Disorders"
http://healthcarekg.org/ontology/germ_cell_cancer,hasSymptom,http://healthcarekg.org/ontology/colic,"germ cell cancer","Colic"
http://healthcarekg.org/ontology/creutzfeldt_jakob_disease,hasSymptom,http://healthcarekg.org/ontology/paresis,"Creutzfeldt-Jakob disease","Paresis"
http://healthcarekg.org/ontology/bone_cancer,hasSymptom,http://healthcarekg.org/ontology/cerebrospinal_fluid_leak,"bone cancer","Cerebrospinal Fluid Leak"
http://healthcarekg.org/ontology/lung_cancer,hasSymptom,http://healthcarekg.org/ontology/confusion,"lung cancer","Confusion"
http://healthcarekg.org/ontology/asthma,treatedBy,http://healthcarekg.org/ontology/ketotifen,"asthma","Ketotifen"
http://healthcarekg.org/ontology/restless_legs_syndrome,hasSymptom,http://healthcarekg.org/ontology/sleep_disorders,"Restless Legs Syndrome","Sleep Disorders"
http://healthcarekg.org/ontology/atherosclerosis,treatedBy,http://healthcarekg.org/ontology/ezetimibe,"atherosclerosis","Ezetimibe"
http://healthcarekg.org/ontology/kidney_cancer,hasSymptom,http://healthcarekg.org/ontology/nausea,"kidney cancer","Nausea"
http://healthcarekg.org/ontology/multiple_sclerosis,hasSymptom,http://healthcarekg.org/ontology/pain,"multiple sclerosis","Pain"
http://healthcarekg.org/ontology/testicular_cancer,treatedBy,http://healthcarekg.org/ontology/etoposide,"testicular cancer","Etoposide"
http://healthcarekg.org/ontology/head_and_neck_cancer,hasSymptom,http://healthcarekg.org/ontology/hearing_loss_mixed_conductive_sensorineural,"head and neck cancer","Hearing Loss, Mixed Conductive-Sensorineural"
http://healthcarekg.org/ontology/pancreatitis,hasSymptom,http://healthcarekg.org/ontology/pain_intractable,"pancreatitis","Pain, Intractable"
http://healthcarekg.org/ontology/anemia,hasSymptom,http://healthcarekg.org/ontology/intellectual_disability,"anemia","Intellectual Disability"
http://healthcarekg.org/ontology/kawasaki_disease,hasSymptom,http://healthcarekg.org/ontology/heart_murmurs,"Kawasaki disease","Heart Murmurs"
http://healthcarekg.org/ontology/head_and_neck_cancer,hasSymptom,http://healthcarekg.org/ontology/hematemesis,"head and neck cancer","Hematemesis"
http://healthcarekg.org/ontology/cervical_cancer,hasSymptom,http://healthcarekg.org/ontology/vomiting,"cervical cancer","Vomiting"
http://healthcarekg.org/ontology/anemia,hasSymptom,http://healthcarekg.org/ontology/jaundice_obstructive,"anemia","Jaundice, Obstructive"
http://healthcarekg.org/ontology/bone_cancer,hasSymptom,http://healthcarekg.org/ontology/paralysis,"bone cancer","Paralysis"
http://healthcarekg.org/ontology/glaucoma,hasSymptom,http://healthcarekg.org/ontology/vitreous_hemorrhage,"glaucoma","Vitreous Hemorrhage"
http://healthcarekg.org/ontology/focal_segmental_glomerulosclerosis,hasSymptom,http://healthcarekg.org/ontology/proteinuria,"focal segmental glomerulosclerosis","Proteinuria"
http://healthcarekg.org/ontology/cleft_lip,hasSymptom,http://healthcarekg.org/ontology/cyanosis,"cleft lip","Cyanosis"
http://healthcarekg.org/ontology/skin_cancer,hasSymptom,http://healthcarekg.org/ontology/ataxia_telangiectasia,"skin cancer","Ataxia Telangiectasia"
http://healthcarekg.org/ontology/ileum_cancer,hasSymptom,http://healthcarekg.org/ontology/diarrhea,"ileum cancer","Diarrhea"
http://healthcarekg.org/ontology/coronary_artery_disease,hasSymptom,http://healthcarekg.org/ontology/intermittent_claudication,"coronary artery disease","Intermittent Claudication"
http://healthcarekg.org/ontology/pancreatic_cancer,hasSymptom,http://healthcarekg.org/ontology/hematemesis,"pancreatic cancer","Hematemesis"
http://healthcarekg.org/ontology/malaria,hasSymptom,http://healthcarekg.org/ontology/jet_lag_syndrome,"malaria","Jet Lag Syndrome"
http://healthcarekg.org/ontology/parkinson_s_disease,hasSymptom,http://healthcarekg.org/ontology/perceptual_disorders,"Parkinson's disease","Perceptual Disorders"
http://healthcarekg.org/ontology/ankylosing_spondylitis,hasSymptom,http://healthcarekg.org/ontology/paraplegia,"ankylosing spondylitis","Paraplegia"
http://healthcarekg.org/ontology/systemic_scleroderma,hasSymptom,http://healthcarekg.org/ontology/reflex_abnormal,"systemic scleroderma","Reflex, Abnormal"
http://healthcarekg.org/ontology/hematologic_cancer,hasSymptom,http://healthcarekg.org/ontology/purpura_thrombotic_thrombocytopenic,"hematologic cancer","Purpura, Thrombotic Thrombocytopenic"
http://healthcarekg.org/ontology/sarcoma,hasSymptom,http://healthcarekg.org/ontology/paralysis,"sarcoma","Paralysis"
http://healthcarekg.org/ontology/lung_cancer,hasSymptom,http://healthcarekg.org/ontology/paralysis,"lung cancer","Paralysis"
http://healthcarekg.org/ontology/pancreatitis,hasSymptom,http://healthcarekg.org/ontology/hyperalgesia,"pancreatitis","Hyperalgesia"
http://healthcarekg.org/ontology/panic_disorder,hasSymptom,http://healthcarekg.org/ontology/lipoid_proteinosis_of_urbach_and_wiethe,"panic disorder","Lipoid Proteinosis of Urbach and Wiethe"
http://healthcarekg.org/ontology/type_2_diabetes_mellitus,treatedBy,http://healthcarekg.org/ontology/acarbose,"type 2 diabetes mellitus","Acarbose"
http://healthcarekg.org/ontology/brain_cancer,hasSymptom,http://healthcarekg.org/ontology/postoperative_nausea_and_vomiting,"brain cancer","Postoperative Nausea and Vomiting"
http://healthcarekg.org/ontology/malaria,hasSymptom,http://healthcarekg.org/ontology/reticulocytosis,"malaria","Reticulocytosis"
http://healthcarekg.org/ontology/multiple_sclerosis,hasSymptom,http://healthcarekg.org/ontology/postural_orthostatic_tachycardia_syndrome,"multiple sclerosis","Postural Orthostatic Tachycardia Syndrome"
http://healthcarekg.org/ontology/hepatitis_b,treatedBy,http://healthcarekg.org/ontology/telbivudine,"hepatitis B","Telbivudine"
http://healthcarekg.org/ontology/ulcerative_colitis,hasSymptom,http://healthcarekg.org/ontology/nausea,"ulcerative colitis","Nausea"
http://healthcarekg.org/ontology/hypertension,treatedBy,http://healthcarekg.org/ontology/hydralazine,"hypertension","Hydralazine"
http://healthcarekg.org/ontology/hypertension,hasSymptom,http://healthcarekg.org/ontology/retinal_hemorrhage,"hypertension","Retinal Hemorrhage"
http://healthcarekg.org/ontology/panic_disorder,hasSymptom,http://healthcarekg.org/ontology/psychophysiologic_disorders,"panic disorder","Psychophysiologic Disorders"
http://healthcarekg.org/ontology/esophageal_cancer,hasSymptom,http://healthcarekg.org/ontology/anoxia,"esophageal cancer","Anoxia"
http://healthcarekg.org/ontology/glaucoma,hasSymptom,http://healthcarekg.org/ontology/eye_pain,"glaucoma","Eye Pain"
http://healthcarekg.org/ontology/thymus_cancer,hasSymptom,http://healthcarekg.org/ontology/chest_pain,"thymus cancer","Chest Pain"
http://healthcarekg.org/ontology/hypertension,treatedBy,http://healthcarekg.org/ontology/prazosin,"hypertension","Prazosin"
http://healthcarekg.org/ontology/stomach_cancer,hasSymptom,http://healthcarekg.org/ontology/purpura_thrombotic_thrombocytopenic,"stomach cancer","Purpura, Thrombotic Thrombocytopenic"
http://healthcarekg.org/ontology/abdominal_aortic_aneurysm,hasSymptom,http://healthcarekg.org/ontology/paraparesis,"abdominal aortic aneurysm","Paraparesis"
http://healthcarekg.org/ontology/refractive_error,hasSymptom,http://healthcarekg.org/ontology/dyslexia,"refractive error","Dyslexia"
http://healthcarekg.org/ontology/conduct_disorder,hasSymptom,http://healthcarekg.org/ontology/language_development_disorders,"conduct disorder","Language Development Disorders"
http://healthcarekg.org/ontology/hematologic_cancer,hasSymptom,http://healthcarekg.org/ontology/pain,"hematologic cancer","Pain"
http://healthcarekg.org/ontology/attention_deficit_hyperactivity_disorder,hasSymptom,http://healthcarekg.org/ontology/restless_legs_syndrome,"attention deficit hyperactivity disorder","Restless Legs Syndrome"
http://healthcarekg.org/ontology/hypertension,treatedBy,http://healthcarekg.org/ontology/pindolol,"hypertension","Pindolol"
http://healthcarekg.org/ontology/liver_cancer,hasSymptom,http://healthcarekg.org/ontology/purpura,"liver cancer","Purpura"
http://healthcarekg.org/ontology/migraine,hasSymptom,http://healthcarekg.org/ontology/motion_sickness,"migraine","Motion Sickness"
http://healthcarekg.org/ontology/ulcerative_colitis,treatedBy,http://healthcarekg.org/ontology/balsalazide,"ulcerative colitis","Balsalazide"
http://healthcarekg.org/ontology/lung_cancer,hasSymptom,http://healthcarekg.org/ontology/cyanosis,"lung cancer","Cyanosis"
http://healthcarekg.org/ontology/graves_disease,hasSymptom,http://healthcarekg.org/ontology/pupil_disorders,"Graves' disease","Pupil Disorders"
http://healthcarekg.org/ontology/spinal_cancer,hasSymptom,http://healthcarekg.org/ontology/neurologic_manifestations,"spinal cancer","Neurologic Manifestations"
http://healthcarekg.org/ontology/melanoma,hasSymptom,http://healthcarekg.org/ontology/dysphonia,"melanoma","Dysphonia"
http://healthcarekg.org/ontology/migraine,hasSymptom,http://healthcarekg.org/ontology/dizziness,"migraine","Dizziness"
http://healthcarekg.org/ontology/intracranial_aneurysm,hasSymptom,http://healthcarekg.org/ontology/confusion,"intracranial aneurysm","Confusion"
http://healthcarekg.org/ontology/germ_cell_cancer,hasSymptom,http://healthcarekg.org/ontology/earache,"germ cell cancer","Earache"
http://healthcarekg.org/ontology/ankylosing_spondylitis,hasSymptom,http://healthcarekg.org/ontology/arthralgia,"ankylosing spondylitis","Arthralgia"
http://healthcarekg.org/ontology/thoracic_aortic_aneurysm,hasSymptom,http://healthcarekg.org/ontology/hoarseness,"thoracic aortic aneurysm","Hoarseness"
http://healthcarekg.org/ontology/alcohol_dependence,hasSymptom,http://healthcarekg.org/ontology/hypothermia,"alcohol dependence","Hypothermia"
http://healthcarekg.org/ontology/psoriasis,treatedBy,http://healthcarekg.org/ontology/acitretin,"psoriasis","Acitretin"
http://healthcarekg.org/ontology/periodontitis,hasSymptom,http://healthcarekg.org/ontology/edema,"periodontitis","Edema"
http://healthcarekg.org/ontology/sclerosing_cholangitis,hasSymptom,http://healthcarekg.org/ontology/down_syndrome,"sclerosing cholangitis","Down Syndrome"
http://healthcarekg.org/ontology/migraine,hasSymptom,http://healthcarekg.org/ontology/illusions,"migraine","Illusions"
http://healthcarekg.org/ontology/asthma,hasSymptom,http://healthcarekg.org/ontology/psychophysiologic_disorders,"asthma","Psychophysiologic Disorders"
http://healthcarekg.org/ontology/brain_cancer,hasSymptom,http://healthcarekg.org/ontology/hearing_loss_sensorineural,"brain cancer","Hearing Loss, Sensorineural"
http://healthcarekg.org/ontology/age_related_macular_degeneration,hasSymptom,http://healthcarekg.org/ontology/usher_syndromes,"age related macular degeneration","Usher Syndromes"
http://healthcarekg.org/ontology/migraine,hasSymptom,http://healthcarekg.org/ontology/facial_pain,"migraine","Facial Pain"
http://healthcarekg.org/ontology/peripheral_nervous_system_neoplasm,hasSymptom,http://healthcarekg.org/ontology/hearing_loss_functional,"peripheral nervous system neoplasm","Hearing Loss, Functional"
http://healthcarekg.org/ontology/epilepsy_syndrome,treatedBy,http://healthcarekg.org/ontology/diazepam,"epilepsy syndrome","Diazepam"
http://healthcarekg.org/ontology/schizophrenia,hasSymptom,http://healthcarekg.org/ontology/intellectual_disability,"schizophrenia","Intellectual Disability"
http://healthcarekg.org/ontology/acquired_immunodeficiency_syndrome,hasSymptom,http://healthcarekg.org/ontology/fever_of_unknown_origin,"acquired immunodeficiency syndrome","Fever of Unknown Origin"
http://healthcarekg.org/ontology/epilepsy_syndrome,hasSymptom,http://healthcarekg.org/ontology/unconsciousness,"epilepsy syndrome","Unconsciousness"
http://healthcarekg.org/ontology/crohn_s_disease,treatedBy,http://healthcarekg.org/ontology/balsalazide,"Crohn's disease","Balsalazide"
http://healthcarekg.org/ontology/rheumatoid_arthritis,treatedBy,http://healthcarekg.org/ontology/ergocalciferol,"rheumatoid arthritis","Ergocalciferol"
http://healthcarekg.org/ontology/ovarian_cancer,treatedBy,http://healthcarekg.org/ontology/carboplatin,"ovarian cancer","Carboplatin"
http://healthcarekg.org/ontology/brain_cancer,hasSymptom,http://healthcarekg.org/ontology/language_disorders,"brain cancer","Language Disorders"
http://healthcarekg.org/ontology/alzheimer_s_disease,treatedBy,http://healthcarekg.org/ontology/donepezil,"Alzheimer's disease","Donepezil"
http://healthcarekg.org/ontology/intracranial_aneurysm,hasSymptom,http://healthcarekg.org/ontology/cerebrospinal_fluid_leak,"intracranial aneurysm","Cerebrospinal Fluid Leak"
http://healthcarekg.org/ontology/prostate_cancer,hasSymptom,http://healthcarekg.org/ontology/pudendal_neuralgia,"prostate cancer","Pudendal Neuralgia"
http://healthcarekg.org/ontology/alcohol_dependence,hasSymptom,http://healthcarekg.org/ontology/bulimia,"alcohol dependence","Bulimia"
http://healthcarekg.org/ontology/systemic_scleroderma,hasSymptom,http://healthcarekg.org/ontology/pruritus,"systemic scleroderma","Pruritus"
http://healthcarekg.org/ontology/psoriasis,hasSymptom,http://healthcarekg.org/ontology/neurogenic_inflammation,"psoriasis","Neurogenic Inflammation"
http://healthcarekg.org/ontology/testicular_cancer,hasSymptom,http://healthcarekg.org/ontology/anorexia,"testicular cancer","Anorexia"
http://healthcarekg.org/ontology/coronary_artery_disease,hasSymptom,http://healthcarekg.org/ontology/sleep_apnea_obstructive,"coronary artery disease","Sleep Apnea, Obstructive"
http://healthcarekg.org/ontology/skin_cancer,hasSymptom,http://healthcarekg.org/ontology/pruritus,"skin cancer","Pruritus"
http://healthcarekg.org/ontology/bone_cancer,hasSymptom,http://healthcarekg.org/ontology/diplopia,"bone cancer","Diplopia"
http://healthcarekg.org/ontology/intracranial_aneurysm,hasSymptom,http://healthcarekg.org/ontology/paralysis,"intracranial aneurysm","Paralysis"
http://healthcarekg.org/ontology/pancreatic_cancer,treatedBy,http://healthcarekg.org/ontology/erlotinib,"pancreatic cancer","Erlotinib"
http://healthcarekg.org/ontology/autistic_disorder,hasSymptom,http://healthcarekg.org/ontology/hyperkinesis,"autistic disorder","Hyperkinesis"
http://healthcarekg.org/ontology/mediastinal_cancer,hasSymptom,http://healthcarekg.org/ontology/paraplegia,"mediastinal cancer","Paraplegia"
http://healthcarekg.org/ontology/nephrolithiasis,hasSymptom,http://healthcarekg.org/ontology/polyuria,"nephrolithiasis","Polyuria"
http://healthcarekg.org/ontology/acquired_immunodeficiency_syndrome,hasSymptom,http://healthcarekg.org/ontology/cachexia,"acquired immunodeficiency syndrome","Cachexia"
http://healthcarekg.org/ontology/adrenal_gland_cancer,hasSymptom,http://healthcarekg.org/ontology/ecchymosis,"adrenal gland cancer","Ecchymosis"
http://healthcarekg.org/ontology/peripheral_nervous_system_neoplasm,treatedBy,http://healthcarekg.org/ontology/vincristine,"peripheral nervous system neoplasm","Vincristine"
http://healthcarekg.org/ontology/systemic_lupus_erythematosus,hasSymptom,http://healthcarekg.org/ontology/purpura,"systemic lupus erythematosus","Purpura"
http://healthcarekg.org/ontology/germ_cell_cancer,hasSymptom,http://healthcarekg.org/ontology/anoxia,"germ cell cancer","Anoxia"
http://healthcarekg.org/ontology/panic_disorder,hasSymptom,http://healthcarekg.org/ontology/sleep_paralysis,"panic disorder","Sleep Paralysis"
http://healthcarekg.org/ontology/malignant_glioma,hasSymptom,http://healthcarekg.org/ontology/hypesthesia,"malignant glioma","Hypesthesia"
http://healthcarekg.org/ontology/hypertension,hasSymptom,http://healthcarekg.org/ontology/intermittent_claudication,"hypertension","Intermittent Claudication"
http://healthcarekg.org/ontology/multiple_sclerosis,treatedBy,http://healthcarekg.org/ontology/methotrexate,"multiple sclerosis","Methotrexate"
http://healthcarekg.org/ontology/epilepsy_syndrome,hasSymptom,http://healthcarekg.org/ontology/chorea,"epilepsy syndrome","Chorea"
http://healthcarekg.org/ontology/hypertension,hasSymptom,http://healthcarekg.org/ontology/oliguria,"hypertension","Oliguria"
http://healthcarekg.org/ontology/meningioma,hasSymptom,http://healthcarekg.org/ontology/hypesthesia,"meningioma","Hypesthesia"
http://healthcarekg.org/ontology/sarcoma,hasSymptom,http://healthcarekg.org/ontology/diplopia,"sarcoma","Diplopia"
http://healthcarekg.org/ontology/kawasaki_disease,hasSymptom,http://healthcarekg.org/ontology/fever_of_unknown_origin,"Kawasaki disease","Fever of Unknown Origin"
http://healthcarekg.org/ontology/hypertension,treatedBy,http://healthcarekg.org/ontology/hydrochlorothiazide,"hypertension","Hydrochlorothiazide"
http://healthcarekg.org/ontology/narcolepsy,hasSymptom,http://healthcarekg.org/ontology/narcolepsy,"Narcolepsy","Narcolepsy"
http://healthcarekg.org/ontology/hematologic_cancer,treatedBy,http://healthcarekg.org/ontology/dasatinib,"hematologic cancer","Dasatinib"
http://healthcarekg.org/ontology/ankylosing_spondylitis,hasSymptom,http://healthcarekg.org/ontology/edema,"ankylosing spondylitis","Edema"
http://healthcarekg.org/ontology/gilles_de_la_tourette_syndrome,hasSymptom,http://healthcarekg.org/ontology/hyperkinesis,"Gilles de la Tourette syndrome","Hyperkinesis"
http://healthcarekg.org/ontology/multiple_sclerosis,treatedBy,http://healthcarekg.org/ontology/triamcinolone,"multiple sclerosis","Triamcinolone"
http://healthcarekg.org/ontology/malignant_glioma,hasSymptom,http://healthcarekg.org/ontology/vomiting,"malignant glioma","Vomiting"
http://healthcarekg.org/ontology/type_2_diabetes_mellitus,hasSymptom,http://healthcarekg.org/ontology/proteinuria,"type 2 diabetes mellitus","Proteinuria"
http://healthcarekg.org/ontology/malignant_mesothelioma,hasSymptom,http://healthcarekg.org/ontology/chest_pain,"malignant mesothelioma","Chest Pain"
http://healthcarekg.org/ontology/glaucoma,treatedBy,http://healthcarekg.org/ontology/timolol,"glaucoma","Timolol"
http://healthcarekg.org/ontology/parkinson_s_disease,hasSymptom,http://healthcarekg.org/ontology/nocturnal_myoclonus_syndrome,"Parkinson's disease","Nocturnal Myoclonus Syndrome"
http://healthcarekg.org/ontology/meningioma,hasSymptom,http://healthcarekg.org/ontology/vomiting,"meningioma","Vomiting"
http://healthcarekg.org/ontology/esophageal_cancer,hasSymptom,http://healthcarekg.org/ontology/vocal_cord_paralysis,"esophageal cancer","Vocal Cord Paralysis"
http://healthcarekg.org/ontology/germ_cell_cancer,hasSymptom,http://healthcarekg.org/ontology/hearing_loss_bilateral,"germ cell cancer","Hearing Loss, Bilateral"
http://healthcarekg.org/ontology/ovarian_cancer,hasSymptom,http://healthcarekg.org/ontology/abdomen_acute,"ovarian cancer","Abdomen, Acute"
http://healthcarekg.org/ontology/lung_cancer,hasSymptom,http://healthcarekg.org/ontology/constipation,"lung cancer","Constipation"
http://healthcarekg.org/ontology/thyroid_cancer,hasSymptom,http://healthcarekg.org/ontology/tetany,"thyroid cancer","Tetany"
http://healthcarekg.org/ontology/adrenal_gland_cancer,hasSymptom,http://healthcarekg.org/ontology/opsoclonus_myoclonus_syndrome,"adrenal gland cancer","Opsoclonus-Myoclonus Syndrome"
http://healthcarekg.org/ontology/chronic_kidney_failure,hasSymptom,http://healthcarekg.org/ontology/muscular_atrophy,"chronic kidney failure","Muscular Atrophy"
http://healthcarekg.org/ontology/creutzfeldt_jakob_disease,hasSymptom,http://healthcarekg.org/ontology/huntington_disease,"Creutzfeldt-Jakob disease","Huntington Disease"
http://healthcarekg.org/ontology/stomach_cancer,hasSymptom,http://healthcarekg.org/ontology/vomiting_anticipatory,"stomach cancer","Vomiting, Anticipatory"
http://healthcarekg.org/ontology/psoriasis,hasSymptom,http://healthcarekg.org/ontology/arthralgia,"psoriasis","Arthralgia"
http://healthcarekg.org/ontology/brain_cancer,treatedBy,http://healthcarekg.org/ontology/procarbazine,"brain cancer","Procarbazine"
http://healthcarekg.org/ontology/hypertension,hasSymptom,http://healthcarekg.org/ontology/birth_weight,"hypertension","Birth Weight"
http://healthcarekg.org/ontology/panic_disorder,hasSymptom,http://healthcarekg.org/ontology/motion_sickness,"panic disorder","Motion Sickness"
http://healthcarekg.org/ontology/psoriatic_arthritis,treatedBy,http://healthcarekg.org/ontology/methylprednisolone,"psoriatic arthritis","Methylprednisolone"
http://healthcarekg.org/ontology/germ_cell_cancer,hasSymptom,http://healthcarekg.org/ontology/necrolytic_migratory_erythema,"germ cell cancer","Necrolytic Migratory Erythema"
http://healthcarekg.org/ontology/hypertension,treatedBy,http://healthcarekg.org/ontology/guanethidine,"hypertension","Guanethidine"
http://healthcarekg.org/ontology/systemic_lupus_erythematosus,hasSymptom,http://healthcarekg.org/ontology/purpura_thrombotic_thrombocytopenic,"systemic lupus erythematosus","Purpura, Thrombotic Thrombocytopenic"
http://healthcarekg.org/ontology/panic_disorder,hasSymptom,http://healthcarekg.org/ontology/dizziness,"panic disorder","Dizziness"
http://healthcarekg.org/ontology/brain_cancer,hasSymptom,http://healthcarekg.org/ontology/gait_disorders_neurologic,"brain cancer","Gait Disorders, Neurologic"
http://healthcarekg.org/ontology/atopic_dermatitis,treatedBy,http://healthcarekg.org/ontology/tacrolimus,"atopic dermatitis","Tacrolimus"
http://healthcarekg.org/ontology/chronic_kidney_failure,hasSymptom,http://healthcarekg.org/ontology/sleep_apnea_syndromes,"chronic kidney failure","Sleep Apnea Syndromes"
http://healthcarekg.org/ontology/endogenous_depression,hasSymptom,http://healthcarekg.org/ontology/hallucinations,"endogenous depression","Hallucinations"
http://healthcarekg.org/ontology/germ_cell_cancer,hasSymptom,http://healthcarekg.org/ontology/muscle_weakness,"germ cell cancer","Muscle Weakness"
http://healthcarekg.org/ontology/pharynx_cancer,hasSymptom,http://healthcarekg.org/ontology/speech_disorders,"pharynx cancer","Speech Disorders"
http://healthcarekg.org/ontology/urinary_bladder_cancer,hasSymptom,http://healthcarekg.org/ontology/urinary_bladder_neurogenic,"urinary bladder cancer","Urinary Bladder, Neurogenic"
http://healthcarekg.org/ontology/malignant_glioma,treatedBy,http://healthcarekg.org/ontology/carmustine,"malignant glioma","Carmustine"
http://healthcarekg.org/ontology/germ_cell_cancer,hasSymptom,http://healthcarekg.org/ontology/fever,"germ cell cancer","Fever"
http://healthcarekg.org/ontology/attention_deficit_hyperactivity_disorder,hasSymptom,http://healthcarekg.org/ontology/hearing_loss_functional,"attention deficit hyperactivity disorder","Hearing Loss, Functional"
http://healthcarekg.org/ontology/alzheimer_s_disease,hasSymptom,http://healthcarekg.org/ontology/prodromal_symptoms,"Alzheimer's disease","Prodromal Symptoms"
http://healthcarekg.org/ontology/systemic_lupus_erythematosus,treatedBy,http://healthcarekg.org/ontology/mycophenolate_mofetil,"systemic lupus erythematosus","Mycophenolate mofetil"
http://healthcarekg.org/ontology/head_and_neck_cancer,hasSymptom,http://healthcarekg.org/ontology/chest_pain,"head and neck cancer","Chest Pain"
http://healthcarekg.org/ontology/brain_cancer,hasSymptom,http://healthcarekg.org/ontology/hearing_disorders,"brain cancer","Hearing Disorders"
http://healthcarekg.org/ontology/stomach_cancer,treatedBy,http://healthcarekg.org/ontology/mitomycin,"stomach cancer","Mitomycin"
http://healthcarekg.org/ontology/alzheimer_s_disease,hasSymptom,http://healthcarekg.org/ontology/sleep_disorders,"Alzheimer's disease","Sleep Disorders"
http://healthcarekg.org/ontology/bipolar_disorder,hasSymptom,http://healthcarekg.org/ontology/confusion,"bipolar disorder","Confusion"
http://healthcarekg.org/ontology/adrenal_gland_cancer,hasSymptom,http://healthcarekg.org/ontology/fever_of_unknown_origin,"adrenal gland cancer","Fever of Unknown Origin"
http://healthcarekg.org/ontology/muscle_cancer,hasSymptom,http://healthcarekg.org/ontology/facial_paralysis,"muscle cancer","Facial Paralysis"
http://healthcarekg.org/ontology/multiple_sclerosis,hasSymptom,http://healthcarekg.org/ontology/hypesthesia,"multiple sclerosis","Hypesthesia"
http://healthcarekg.org/ontology/lung_cancer,hasSymptom,http://healthcarekg.org/ontology/diarrhea,"lung cancer","Diarrhea"
http://healthcarekg.org/ontology/endogenous_depression,hasSymptom,http://healthcarekg.org/ontology/neurobehavioral_manifestations,"endogenous depression","Neurobehavioral Manifestations"
http://healthcarekg.org/ontology/malignant_glioma,hasSymptom,http://healthcarekg.org/ontology/hearing_loss_central,"malignant glioma","Hearing Loss, Central"
http://healthcarekg.org/ontology/epilepsy_syndrome,hasSymptom,http://healthcarekg.org/ontology/night_terrors,"epilepsy syndrome","Night Terrors"
http://healthcarekg.org/ontology/lymphatic_system_cancer,treatedBy,http://healthcarekg.org/ontology/mechlorethamine,"lymphatic system cancer","Mechlorethamine"
http://healthcarekg.org/ontology/sclerosing_cholangitis,hasSymptom,http://healthcarekg.org/ontology/pruritus,"sclerosing cholangitis","Pruritus"
http://healthcarekg.org/ontology/systemic_scleroderma,treatedBy,http://healthcarekg.org/ontology/methotrexate,"systemic scleroderma","Methotrexate"
http://healthcarekg.org/ontology/uterine_cancer,hasSymptom,http://healthcarekg.org/ontology/urinary_incontinence_stress,"uterine cancer","Urinary Incontinence, Stress"
http://healthcarekg.org/ontology/chronic_obstructive_pulmonary_disease,treatedBy,http://healthcarekg.org/ontology/prednisone,"chronic obstructive pulmonary disease","Prednisone"
http://healthcarekg.org/ontology/epilepsy_syndrome,hasSymptom,http://healthcarekg.org/ontology/athetosis,"epilepsy syndrome","Athetosis"
http://healthcarekg.org/ontology/lung_cancer,hasSymptom,http://healthcarekg.org/ontology/tonic_pupil,"lung cancer","Tonic Pupil"
http://healthcarekg.org/ontology/hypertension,hasSymptom,http://healthcarekg.org/ontology/sleep_apnea_obstructive,"hypertension","Sleep Apnea, Obstructive"
http://healthcarekg.org/ontology/psoriasis,treatedBy,http://healthcarekg.org/ontology/cholecalciferol,"psoriasis","Cholecalciferol"
http://healthcarekg.org/ontology/pharynx_cancer,hasSymptom,http://healthcarekg.org/ontology/tinnitus,"pharynx cancer","Tinnitus"
http://healthcarekg.org/ontology/pancreatic_cancer,hasSymptom,http://healthcarekg.org/ontology/abdomen_acute,"pancreatic cancer","Abdomen, Acute"
http://healthcarekg.org/ontology/intracranial_aneurysm,hasSymptom,http://healthcarekg.org/ontology/diplopia,"intracranial aneurysm","Diplopia"
http://healthcarekg.org/ontology/meningioma,hasSymptom,http://healthcarekg.org/ontology/hearing_loss_central,"meningioma","Hearing Loss, Central"
http://healthcarekg.org/ontology/migraine,hasSymptom,http://healthcarekg.org/ontology/olfaction_disorders,"migraine","Olfaction Disorders"
http://healthcarekg.org/ontology/germ_cell_cancer,hasSymptom,http://healthcarekg.org/ontology/vocal_cord_paralysis,"germ cell cancer","Vocal Cord Paralysis"
http://healthcarekg.org/ontology/psoriasis,hasSymptom,http://healthcarekg.org/ontology/edema,"psoriasis","Edema"
http://healthcarekg.org/ontology/ocular_cancer,hasSymptom,http://healthcarekg.org/ontology/diplopia,"ocular cancer","Diplopia"
http://healthcarekg.org/ontology/larynx_cancer,hasSymptom,http://healthcarekg.org/ontology/respiratory_sounds,"larynx cancer","Respiratory Sounds"
http://healthcarekg.org/ontology/paget_s_disease_of_bone,hasSymptom,http://healthcarekg.org/ontology/neurologic_manifestations,"Paget's disease of bone","Neurologic Manifestations"
http://healthcarekg.org/ontology/osteoporosis,treatedBy,http://healthcarekg.org/ontology/ibandronate,"osteoporosis","Ibandronate"
http://healthcarekg.org/ontology/stomach_cancer,treatedBy,http://healthcarekg.org/ontology/methotrexate,"stomach cancer","Methotrexate"
http://healthcarekg.org/ontology/epilepsy_syndrome,hasSymptom,http://healthcarekg.org/ontology/menkes_kinky_hair_syndrome,"epilepsy syndrome","Menkes Kinky Hair Syndrome"
http://healthcarekg.org/ontology/mediastinal_cancer,hasSymptom,http://healthcarekg.org/ontology/edema,"mediastinal cancer","Edema"
http://healthcarekg.org/ontology/kidney_cancer,treatedBy,http://healthcarekg.org/ontology/everolimus,"kidney cancer","Everolimus"
http://healthcarekg.org/ontology/anemia,hasSymptom,http://healthcarekg.org/ontology/purpura_thrombocytopenic_idiopathic,"anemia","Purpura, Thrombocytopenic, Idiopathic"
http://healthcarekg.org/ontology/urinary_bladder_cancer,hasSymptom,http://healthcarekg.org/ontology/dysuria,"urinary bladder cancer","Dysuria"
http://healthcarekg.org/ontology/multiple_sclerosis,hasSymptom,http://healthcarekg.org/ontology/susac_syndrome,"multiple sclerosis","Susac Syndrome"
http://healthcarekg.org/ontology/systemic_scleroderma,treatedBy,http://healthcarekg.org/ontology/leflunomide,"systemic scleroderma","Leflunomide"
http://healthcarekg.org/ontology/idiopathic_pulmonary_fibrosis,hasSymptom,http://healthcarekg.org/ontology/anoxia,"idiopathic pulmonary fibrosis","Anoxia"
http://healthcarekg.org/ontology/psoriasis,hasSymptom,http://healthcarekg.org/ontology/flushing,"psoriasis","Flushing"
http://healthcarekg.org/ontology/parkinson_s_disease,hasSymptom,http://healthcarekg.org/ontology/urinary_bladder_overactive,"Parkinson's disease","Urinary Bladder, Overactive"
http://healthcarekg.org/ontology/abdominal_aortic_aneurysm,hasSymptom,http://healthcarekg.org/ontology/muscle_weakness,"abdominal aortic aneurysm","Muscle Weakness"
http://healthcarekg.org/ontology/hepatitis_b,hasSymptom,http://healthcarekg.org/ontology/proteinuria,"hepatitis B","Proteinuria"
http://healthcarekg.org/ontology/retroperitoneal_cancer,hasSymptom,http://healthcarekg.org/ontology/fever_of_unknown_origin,"retroperitoneal cancer","Fever of Unknown Origin"
http://healthcarekg.org/ontology/mediastinal_cancer,hasSymptom,http://healthcarekg.org/ontology/flushing,"mediastinal cancer","Flushing"
http://healthcarekg.org/ontology/obesity,treatedBy,http://healthcarekg.org/ontology/topiramate,"Obesity","Topiramate"
http://healthcarekg.org/ontology/brain_cancer,hasSymptom,http://healthcarekg.org/ontology/confusion,"brain cancer","Confusion"
http://healthcarekg.org/ontology/melanoma,hasSymptom,http://healthcarekg.org/ontology/diplopia,"melanoma","Diplopia"
http://healthcarekg.org/ontology/urinary_bladder_cancer,hasSymptom,http://healthcarekg.org/ontology/diarrhea,"urinary bladder cancer","Diarrhea"
http://healthcarekg.org/ontology/muscle_cancer,hasSymptom,http://healthcarekg.org/ontology/back_pain,"muscle cancer","Back Pain"
http://healthcarekg.org/ontology/sarcoma,hasSymptom,http://healthcarekg.org/ontology/hemoptysis,"sarcoma","Hemoptysis"
http://healthcarekg.org/ontology/brain_cancer,hasSymptom,http://healthcarekg.org/ontology/myoclonus,"brain cancer","Myoclonus"
http://healthcarekg.org/ontology/colon_cancer,hasSymptom,http://healthcarekg.org/ontology/abdominal_pain,"colon cancer","Abdominal Pain"
http://healthcarekg.org/ontology/alzheimer_s_disease,hasSymptom,http://healthcarekg.org/ontology/memory_disorders,"Alzheimer's disease","Memory Disorders"
http://healthcarekg.org/ontology/vascular_cancer,hasSymptom,http://healthcarekg.org/ontology/dyspnea,"vascular cancer","Dyspnea"
http://healthcarekg.org/ontology/lung_cancer,hasSymptom,http://healthcarekg.org/ontology/hemoptysis,"lung cancer","Hemoptysis"
http://healthcarekg.org/ontology/hypertension,hasSymptom,http://healthcarekg.org/ontology/williams_syndrome,"hypertension","Williams Syndrome"
http://healthcarekg.org/ontology/multiple_sclerosis,hasSymptom,http://healthcarekg.org/ontology/hearing_loss_high_frequency,"multiple sclerosis","Hearing Loss, High-Frequency"
http://healthcarekg.org/ontology/restless_legs_syndrome,hasSymptom,http://healthcarekg.org/ontology/disorders_of_excessive_somnolence,"Restless Legs Syndrome","Disorders of Excessive Somnolence"
http://healthcarekg.org/ontology/uterine_fibroid,hasSymptom,http://healthcarekg.org/ontology/lower_urinary_tract_symptoms,"uterine fibroid","Lower Urinary Tract Symptoms"
http://healthcarekg.org/ontology/restless_legs_syndrome,hasSymptom,http://healthcarekg.org/ontology/myoclonus,"Restless Legs Syndrome","Myoclonus"
http://healthcarekg.org/ontology/alopecia_areata,hasSymptom,http://healthcarekg.org/ontology/tetany,"alopecia areata","Tetany"
http://healthcarekg.org/ontology/malignant_glioma,hasSymptom,http://healthcarekg.org/ontology/cerebellar_ataxia,"malignant glioma","Cerebellar Ataxia"
http://healthcarekg.org/ontology/osteoarthritis,hasSymptom,http://healthcarekg.org/ontology/pain_threshold,"osteoarthritis","Pain Threshold"
http://healthcarekg.org/ontology/allergic_rhinitis,treatedBy,http://healthcarekg.org/ontology/cetirizine,"allergic rhinitis","Cetirizine"
http://healthcarekg.org/ontology/germ_cell_cancer,hasSymptom,http://healthcarekg.org/ontology/headache,"germ cell cancer","Headache"
http://healthcarekg.org/ontology/gilles_de_la_tourette_syndrome,hasSymptom,http://healthcarekg.org/ontology/rett_syndrome,"Gilles de la Tourette syndrome","Rett Syndrome"
http://healthcarekg.org/ontology/stomach_cancer,hasSymptom,http://healthcarekg.org/ontology/ataxia_telangiectasia,"stomach cancer","Ataxia Telangiectasia"
http://healthcarekg.org/ontology/narcolepsy,hasSymptom,http://healthcarekg.org/ontology/sleep_deprivation,"Narcolepsy","Sleep Deprivation"
http://healthcarekg.org/ontology/brain_cancer,hasSymptom,http://healthcarekg.org/ontology/cerebrospinal_fluid_leak,"brain cancer","Cerebrospinal Fluid Leak"
http://healthcarekg.org/ontology/migraine,hasSymptom,http://healthcarekg.org/ontology/paresis,"migraine","Paresis"
http://healthcarekg.org/ontology/malignant_glioma,hasSymptom,http://healthcarekg.org/ontology/hemiplegia,"malignant glioma","Hemiplegia"
http://healthcarekg.org/ontology/alzheimer_s_disease,hasSymptom,http://healthcarekg.org/ontology/delirium,"Alzheimer's disease","Delirium"
http://healthcarekg.org/ontology/muscle_cancer,hasSymptom,http://healthcarekg.org/ontology/jaundice_obstructive,"muscle cancer","Jaundice, Obstructive"
http://healthcarekg.org/ontology/hematologic_cancer,treatedBy,http://healthcarekg.org/ontology/cisplatin,"hematologic cancer","Cisplatin"
http://healthcarekg.org/ontology/brain_cancer,hasSymptom,http://healthcarekg.org/ontology/paralysis,"brain cancer","Paralysis"
http://healthcarekg.org/ontology/meningioma,hasSymptom,http://healthcarekg.org/ontology/hemiplegia,"meningioma","Hemiplegia"
http://healthcarekg.org/ontology/hematologic_cancer,treatedBy,http://healthcarekg.org/ontology/vinblastine,"hematologic cancer","Vinblastine"
http://healthcarekg.org/ontology/kawasaki_disease,hasSymptom,http://healthcarekg.org/ontology/jaundice,"Kawasaki disease","Jaundice"
http://healthcarekg.org/ontology/hematologic_cancer,hasSymptom,http://healthcarekg.org/ontology/vomiting,"hematologic cancer","Vomiting"
http://healthcarekg.org/ontology/head_and_neck_cancer,hasSymptom,http://healthcarekg.org/ontology/cafe_au_lait_spots,"head and neck cancer","Cafe-au-Lait Spots"
http://healthcarekg.org/ontology/multiple_sclerosis,hasSymptom,http://healthcarekg.org/ontology/hearing_loss_central,"multiple sclerosis","Hearing Loss, Central"
http://healthcarekg.org/ontology/vitiligo,hasSymptom,http://healthcarekg.org/ontology/hearing_loss_unilateral,"vitiligo","Hearing Loss, Unilateral"
http://healthcarekg.org/ontology/spinal_cancer,hasSymptom,http://healthcarekg.org/ontology/gait_ataxia,"spinal cancer","Gait Ataxia"
http://healthcarekg.org/ontology/bone_cancer,hasSymptom,http://healthcarekg.org/ontology/eye_pain,"bone cancer","Eye Pain"
http://healthcarekg.org/ontology/malignant_glioma,hasSymptom,http://healthcarekg.org/ontology/fasciculation,"malignant glioma","Fasciculation"
http://healthcarekg.org/ontology/bone_cancer,hasSymptom,http://healthcarekg.org/ontology/pain_threshold,"bone cancer","Pain Threshold"
http://healthcarekg.org/ontology/melanoma,treatedBy,http://healthcarekg.org/ontology/vemurafenib,"melanoma","Vemurafenib"
http://healthcarekg.org/ontology/epilepsy_syndrome,hasSymptom,http://healthcarekg.org/ontology/learning_disorders,"epilepsy syndrome","Learning Disorders"
http://healthcarekg.org/ontology/graves_disease,hasSymptom,http://healthcarekg.org/ontology/ophthalmoplegia,"Graves' disease","Ophthalmoplegia"
http://healthcarekg.org/ontology/panic_disorder,hasSymptom,http://healthcarekg.org/ontology/akathisia_drug_induced,"panic disorder","Akathisia, Drug-Induced"
http://healthcarekg.org/ontology/type_1_diabetes_mellitus,hasSymptom,http://healthcarekg.org/ontology/kearns_sayre_syndrome,"type 1 diabetes mellitus","Kearns-Sayre Syndrome"
http://healthcarekg.org/ontology/pancreatitis,hasSymptom,http://healthcarekg.org/ontology/hematemesis,"pancreatitis","Hematemesis"
http://healthcarekg.org/ontology/germ_cell_cancer,hasSymptom,http://healthcarekg.org/ontology/hearing_loss_sensorineural,"germ cell cancer","Hearing Loss, Sensorineural"
http://healthcarekg.org/ontology/epilepsy_syndrome,hasSymptom,http://healthcarekg.org/ontology/agnosia,"epilepsy syndrome","Agnosia"
http://healthcarekg.org/ontology/dental_caries,hasSymptom,http://healthcarekg.org/ontology/intellectual_disability,"dental caries","Intellectual Disability"
http://healthcarekg.org/ontology/migraine,hasSymptom,http://healthcarekg.org/ontology/paresthesia,"migraine","Paresthesia"
http://healthcarekg.org/ontology/glaucoma,hasSymptom,http://healthcarekg.org/ontology/anisocoria,"glaucoma","Anisocoria"
http://healthcarekg.org/ontology/malaria,hasSymptom,http://healthcarekg.org/ontology/coma,"malaria","Coma"
http://healthcarekg.org/ontology/schizophrenia,hasSymptom,http://healthcarekg.org/ontology/somatosensory_disorders,"schizophrenia","Somatosensory Disorders"
http://healthcarekg.org/ontology/bipolar_disorder,hasSymptom,http://healthcarekg.org/ontology/kleine_levin_syndrome,"bipolar disorder","Kleine-Levin Syndrome"
http://healthcarekg.org/ontology/stomach_cancer,hasSymptom,http://healthcarekg.org/ontology/vomiting,"stomach cancer","Vomiting"
http://healthcarekg.org/ontology/sarcoma,treatedBy,http://healthcarekg.org/ontology/etoposide,"sarcoma","Etoposide"
http://healthcarekg.org/ontology/schizophrenia,hasSymptom,http://healthcarekg.org/ontology/dyslexia,"schizophrenia","Dyslexia"
http://healthcarekg.org/ontology/attention_deficit_hyperactivity_disorder,hasSymptom,http://healthcarekg.org/ontology/fragile_x_syndrome,"attention deficit hyperactivity disorder","Fragile X Syndrome"
http://healthcarekg.org/ontology/lung_cancer,treatedBy,http://healthcarekg.org/ontology/etoposide,"lung cancer","Etoposide"
http://healthcarekg.org/ontology/melanoma,hasSymptom,http://healthcarekg.org/ontology/diarrhea,"melanoma","Diarrhea"
http://healthcarekg.org/ontology/type_1_diabetes_mellitus,hasSymptom,http://healthcarekg.org/ontology/fetal_distress,"type 1 diabetes mellitus","Fetal Distress"
http://healthcarekg.org/ontology/asthma,treatedBy,http://healthcarekg.org/ontology/methylprednisolone,"asthma","Methylprednisolone"
http://healthcarekg.org/ontology/hematologic_cancer,treatedBy,http://healthcarekg.org/ontology/chlorambucil,"hematologic cancer","Chlorambucil"
http://healthcarekg.org/ontology/malaria,hasSymptom,http://healthcarekg.org/ontology/consciousness_disorders,"malaria","Consciousness Disorders"
http://healthcarekg.org/ontology/hematologic_cancer,treatedBy,http://healthcarekg.org/ontology/carmustine,"hematologic cancer","Carmustine"
http://healthcarekg.org/ontology/glaucoma,hasSymptom,http://healthcarekg.org/ontology/eye_hemorrhage,"glaucoma","Eye Hemorrhage"
http://healthcarekg.org/ontology/liver_cancer,hasSymptom,http://healthcarekg.org/ontology/ataxia_telangiectasia,"liver cancer","Ataxia Telangiectasia"
http://healthcarekg.org/ontology/thymus_cancer,hasSymptom,http://healthcarekg.org/ontology/cough,"thymus cancer","Cough"
http://healthcarekg.org/ontology/skin_cancer,hasSymptom,http://healthcarekg.org/ontology/rubinstein_taybi_syndrome,"skin cancer","Rubinstein-Taybi Syndrome"
http://healthcarekg.org/ontology/glaucoma,treatedBy,http://healthcarekg.org/ontology/dorzolamide,"glaucoma","Dorzolamide"
http://healthcarekg.org/ontology/bone_cancer,hasSymptom,http://healthcarekg.org/ontology/ecchymosis,"bone cancer","Ecchymosis"
http://healthcarekg.org/ontology/hematologic_cancer,treatedBy,http://healthcarekg.org/ontology/anagrelide,"hematologic cancer","Anagrelide"
http://healthcarekg.org/ontology/anemia,hasSymptom,http://healthcarekg.org/ontology/retinal_hemorrhage,"anemia","Retinal Hemorrhage"
http://healthcarekg.org/ontology/obesity,treatedBy,http://healthcarekg.org/ontology/bupropion,"Obesity","Bupropion"
http://healthcarekg.org/ontology/acquired_immunodeficiency_syndrome,hasSymptom,http://healthcarekg.org/ontology/failure_to_thrive,"acquired immunodeficiency syndrome","Failure to Thrive"
http://healthcarekg.org/ontology/osteoporosis,hasSymptom,http://healthcarekg.org/ontology/aging_premature,"osteoporosis","Aging, Premature"
http://healthcarekg.org/ontology/multiple_sclerosis,hasSymptom,http://healthcarekg.org/ontology/hemiplegia,"multiple sclerosis","Hemiplegia"
http://healthcarekg.org/ontology/osteoarthritis,hasSymptom,http://healthcarekg.org/ontology/facial_pain,"osteoarthritis","Facial Pain"
http://healthcarekg.org/ontology/thymus_cancer,hasSymptom,http://healthcarekg.org/ontology/monoclonal_gammopathy_of_undetermined_significance,"thymus cancer","Monoclonal Gammopathy of Undetermined Significance"
http://healthcarekg.org/ontology/endogenous_depression,hasSymptom,http://healthcarekg.org/ontology/labor_pain,"endogenous depression","Labor Pain"
http://healthcarekg.org/ontology/urinary_bladder_cancer,treatedBy,http://healthcarekg.org/ontology/etoposide,"urinary bladder cancer","Etoposide"
http://healthcarekg.org/ontology/schizophrenia,hasSymptom,http://healthcarekg.org/ontology/memory_disorders,"schizophrenia","Memory Disorders"
http://healthcarekg.org/ontology/rheumatoid_arthritis,treatedBy,http://healthcarekg.org/ontology/methotrexate,"rheumatoid arthritis","Methotrexate"
http://healthcarekg.org/ontology/abdominal_aortic_aneurysm,hasSymptom,http://healthcarekg.org/ontology/angina_pectoris,"abdominal aortic aneurysm","Angina Pectoris"
http://healthcarekg.org/ontology/sarcoma,hasSymptom,http://healthcarekg.org/ontology/ecchymosis,"sarcoma","Ecchymosis"
http://healthcarekg.org/ontology/celiac_disease,hasSymptom,http://healthcarekg.org/ontology/constipation,"celiac disease","Constipation"
http://healthcarekg.org/ontology/peripheral_nervous_system_neoplasm,hasSymptom,http://healthcarekg.org/ontology/anisocoria,"peripheral nervous system neoplasm","Anisocoria"
http://healthcarekg.org/ontology/conduct_disorder,hasSymptom,http://healthcarekg.org/ontology/psychomotor_agitation,"conduct disorder","Psychomotor Agitation"
http://healthcarekg.org/ontology/metabolic_syndrome_x,hasSymptom,http://healthcarekg.org/ontology/urinary_bladder_overactive,"metabolic syndrome X","Urinary Bladder, Overactive"
http://healthcarekg.org/ontology/rheumatoid_arthritis,treatedBy,http://healthcarekg.org/ontology/triamcinolone,"rheumatoid arthritis","Triamcinolone"
http://healthcarekg.org/ontology/migraine,hasSymptom,http://healthcarekg.org/ontology/syncope,"migraine","Syncope"
http://healthcarekg.org/ontology/multiple_sclerosis,hasSymptom,http://healthcarekg.org/ontology/hiccup,"multiple sclerosis","Hiccup"
http://healthcarekg.org/ontology/head_and_neck_cancer,hasSymptom,http://healthcarekg.org/ontology/tinnitus,"head and neck cancer","Tinnitus"
http://healthcarekg.org/ontology/alzheimer_s_disease,hasSymptom,http://healthcarekg.org/ontology/gait_disorders_neurologic,"Alzheimer's disease","Gait Disorders, Neurologic"
http://healthcarekg.org/ontology/kidney_cancer,hasSymptom,http://healthcarekg.org/ontology/fever_of_unknown_origin,"kidney cancer","Fever of Unknown Origin"
http://healthcarekg.org/ontology/amyotrophic_lateral_sclerosis,hasSymptom,http://healthcarekg.org/ontology/paraplegia,"amyotrophic lateral sclerosis","Paraplegia"
http://healthcarekg.org/ontology/focal_segmental_glomerulosclerosis,treatedBy,http://healthcarekg.org/ontology/cyclosporine,"focal segmental glomerulosclerosis","Cyclosporine"
http://healthcarekg.org/ontology/glaucoma,hasSymptom,http://healthcarekg.org/ontology/vision_disorders,"glaucoma","Vision Disorders"
http://healthcarekg.org/ontology/coronary_artery_disease,treatedBy,http://healthcarekg.org/ontology/rosuvastatin,"coronary artery disease","Rosuvastatin"
http://healthcarekg.org/ontology/allergic_rhinitis,treatedBy,http://healthcarekg.org/ontology/hydrocortisone,"allergic rhinitis","Hydrocortisone"
http://healthcarekg.org/ontology/metabolic_syndrome_x,hasSymptom,http://healthcarekg.org/ontology/body_weight,"metabolic syndrome X","Body Weight"
http://healthcarekg.org/ontology/ankylosing_spondylitis,hasSymptom,http://healthcarekg.org/ontology/eye_manifestations,"ankylosing spondylitis","Eye Manifestations"
http://healthcarekg.org/ontology/schizophrenia,hasSymptom,http://healthcarekg.org/ontology/delirium,"schizophrenia","Delirium"
http://healthcarekg.org/ontology/rectum_cancer,hasSymptom,http://healthcarekg.org/ontology/pain,"rectum cancer","Pain"
http://healthcarekg.org/ontology/colon_cancer,hasSymptom,http://healthcarekg.org/ontology/constipation,"colon cancer","Constipation"
http://healthcarekg.org/ontology/rheumatoid_arthritis,treatedBy,http://healthcarekg.org/ontology/leflunomide,"rheumatoid arthritis","Leflunomide"
http://healthcarekg.org/ontology/brain_cancer,hasSymptom,http://healthcarekg.org/ontology/diplopia,"brain cancer","Diplopia"
http://healthcarekg.org/ontology/alcohol_dependence,hasSymptom,http://healthcarekg.org/ontology/aging_premature,"alcohol dependence","Aging, Premature"
http://healthcarekg.org/ontology/multiple_sclerosis,hasSymptom,http://healthcarekg.org/ontology/agraphia,"multiple sclerosis","Agraphia"
http://healthcarekg.org/ontology/epilepsy_syndrome,treatedBy,http://healthcarekg.org/ontology/levetiracetam,"epilepsy syndrome","Levetiracetam"
http://healthcarekg.org/ontology/narcolepsy,hasSymptom,http://healthcarekg.org/ontology/parasomnias,"Narcolepsy","Parasomnias"
http://healthcarekg.org/ontology/obesity,hasSymptom,http://healthcarekg.org/ontology/prader_willi_syndrome,"Obesity","Prader-Willi Syndrome"
http://healthcarekg.org/ontology/peritoneum_cancer,hasSymptom,http://healthcarekg.org/ontology/jaundice_obstructive,"peritoneum cancer","Jaundice, Obstructive"
http://healthcarekg.org/ontology/migraine,hasSymptom,http://healthcarekg.org/ontology/dysmenorrhea,"migraine","Dysmenorrhea"
http://healthcarekg.org/ontology/hypertension,treatedBy,http://healthcarekg.org/ontology/nebivolol,"hypertension","Nebivolol"
http://healthcarekg.org/ontology/epilepsy_syndrome,hasSymptom,http://healthcarekg.org/ontology/aphasia_wernicke,"epilepsy syndrome","Aphasia, Wernicke"
http://healthcarekg.org/ontology/kidney_cancer,hasSymptom,http://healthcarekg.org/ontology/cachexia,"kidney cancer","Cachexia"
http://healthcarekg.org/ontology/gout,treatedBy,http://healthcarekg.org/ontology/naproxen,"gout","Naproxen"
http://healthcarekg.org/ontology/ocular_cancer,hasSymptom,http://healthcarekg.org/ontology/eye_pain,"ocular cancer","Eye Pain"
http://healthcarekg.org/ontology/adrenal_gland_cancer,hasSymptom,http://healthcarekg.org/ontology/diarrhea_infantile,"adrenal gland cancer","Diarrhea, Infantile"
http://healthcarekg.org/ontology/ulcerative_colitis,treatedBy,http://healthcarekg.org/ontology/hydrocortisone,"ulcerative colitis","Hydrocortisone"
http://healthcarekg.org/ontology/colon_cancer,hasSymptom,http://healthcarekg.org/ontology/anorexia,"colon cancer","Anorexia"
http://healthcarekg.org/ontology/prostate_cancer,hasSymptom,http://healthcarekg.org/ontology/urinary_incontinence_stress,"prostate cancer","Urinary Incontinence, Stress"
http://healthcarekg.org/ontology/panic_disorder,hasSymptom,http://healthcarekg.org/ontology/paresthesia,"panic disorder","Paresthesia"
http://healthcarekg.org/ontology/lung_cancer,hasSymptom,http://healthcarekg.org/ontology/facial_pain,"lung cancer","Facial Pain"
http://healthcarekg.org/ontology/asthma,treatedBy,http://healthcarekg.org/ontology/aminophylline,"asthma","Aminophylline"
http://healthcarekg.org/ontology/head_and_neck_cancer,treatedBy,http://healthcarekg.org/ontology/hydroxyurea,"head and neck cancer","Hydroxyurea"
http://healthcarekg.org/ontology/graves_disease,hasSymptom,http://healthcarekg.org/ontology/skin_manifestations,"Graves' disease","Skin Manifestations"
http://healthcarekg.org/ontology/celiac_disease,hasSymptom,http://healthcarekg.org/ontology/diarrhea,"celiac disease","Diarrhea"
http://healthcarekg.org/ontology/hepatitis_b,hasSymptom,http://healthcarekg.org/ontology/purpura_thrombocytopenic,"hepatitis B","Purpura, Thrombocytopenic"
http://healthcarekg.org/ontology/migraine,treatedBy,http://healthcarekg.org/ontology/amitriptyline,"migraine","Amitriptyline"
http://healthcarekg.org/ontology/ulcerative_colitis,hasSymptom,http://healthcarekg.org/ontology/fever_of_unknown_origin,"ulcerative colitis","Fever of Unknown Origin"
http://healthcarekg.org/ontology/anemia,hasSymptom,http://healthcarekg.org/ontology/oliguria,"anemia","Oliguria"
http://healthcarekg.org/ontology/attention_deficit_hyperactivity_disorder,hasSymptom,http://healthcarekg.org/ontology/articulation_disorders,"attention deficit hyperactivity disorder","Articulation Disorders"
http://healthcarekg.org/ontology/melanoma,hasSymptom,http://healthcarekg.org/ontology/eye_pain,"melanoma","Eye Pain"
http://healthcarekg.org/ontology/malignant_mesothelioma,hasSymptom,http://healthcarekg.org/ontology/cough,"malignant mesothelioma","Cough"
http://healthcarekg.org/ontology/restless_legs_syndrome,hasSymptom,http://healthcarekg.org/ontology/restless_legs_syndrome,"Restless Legs Syndrome","Restless Legs Syndrome"
http://healthcarekg.org/ontology/atherosclerosis,hasSymptom,http://healthcarekg.org/ontology/intermittent_claudication,"atherosclerosis","Intermittent Claudication"
http://healthcarekg.org/ontology/epilepsy_syndrome,treatedBy,http://healthcarekg.org/ontology/pregabalin,"epilepsy syndrome","Pregabalin"
http://healthcarekg.org/ontology/acquired_immunodeficiency_syndrome,hasSymptom,http://healthcarekg.org/ontology/purpura_thrombotic_thrombocytopenic,"acquired immunodeficiency syndrome","Purpura, Thrombotic Thrombocytopenic"
http://healthcarekg.org/ontology/multiple_sclerosis,hasSymptom,http://healthcarekg.org/ontology/hypothermia,"multiple sclerosis","Hypothermia"
http://healthcarekg.org/ontology/gout,hasSymptom,http://healthcarekg.org/ontology/pain,"gout","Pain"
http://healthcarekg.org/ontology/peripheral_nervous_system_neoplasm,hasSymptom,http://healthcarekg.org/ontology/hoarseness,"peripheral nervous system neoplasm","Hoarseness"
http://healthcarekg.org/ontology/hypertension,treatedBy,http://healthcarekg.org/ontology/minoxidil,"hypertension","Minoxidil"
http://healthcarekg.org/ontology/epilepsy_syndrome,hasSymptom,http://healthcarekg.org/ontology/decerebrate_state,"epilepsy syndrome","Decerebrate State"
http://healthcarekg.org/ontology/osteoporosis,hasSymptom,http://healthcarekg.org/ontology/sarcopenia,"osteoporosis","Sarcopenia"
http://healthcarekg.org/ontology/refractive_error,hasSymptom,http://healthcarekg.org/ontology/vision_low,"refractive error","Vision, Low"
http://healthcarekg.org/ontology/uterine_fibroid,hasSymptom,http://healthcarekg.org/ontology/dysmenorrhea,"uterine fibroid","Dysmenorrhea"
http://healthcarekg.org/ontology/retroperitoneal_cancer,hasSymptom,http://healthcarekg.org/ontology/diarrhea_infantile,"retroperitoneal cancer","Diarrhea, Infantile"
http://healthcarekg.org/ontology/ovarian_cancer,hasSymptom,http://healthcarekg.org/ontology/edema,"ovarian cancer","Edema"
http://healthcarekg.org/ontology/sarcoma,hasSymptom,http://healthcarekg.org/ontology/fever_of_unknown_origin,"sarcoma","Fever of Unknown Origin"
http://healthcarekg.org/ontology/prostate_cancer,treatedBy,http://healthcarekg.org/ontology/degarelix,"prostate cancer","Degarelix"
http://healthcarekg.org/ontology/crohn_s_disease,hasSymptom,http://healthcarekg.org/ontology/fever_of_unknown_origin,"Crohn's disease","Fever of Unknown Origin"
http://healthcarekg.org/ontology/osteoporosis,hasSymptom,http://healthcarekg.org/ontology/monoclonal_gammopathy_of_undetermined_significance,"osteoporosis","Monoclonal Gammopathy of Undetermined Significance"
http://healthcarekg.org/ontology/hepatitis_b,hasSymptom,http://healthcarekg.org/ontology/hypergammaglobulinemia,"hepatitis B","Hypergammaglobulinemia"
http://healthcarekg.org/ontology/rectum_cancer,hasSymptom,http://healthcarekg.org/ontology/vomiting_anticipatory,"rectum cancer","Vomiting, Anticipatory"
http://healthcarekg.org/ontology/alzheimer_s_disease,hasSymptom,http://healthcarekg.org/ontology/confusion,"Alzheimer's disease","Confusion"
http://healthcarekg.org/ontology/restless_legs_syndrome,hasSymptom,http://healthcarekg.org/ontology/dyssomnias,"Restless Legs Syndrome","Dyssomnias"
http://healthcarekg.org/ontology/meningioma,hasSymptom,http://healthcarekg.org/ontology/neck_pain,"meningioma","Neck Pain"
http://healthcarekg.org/ontology/hematologic_cancer,treatedBy,http://healthcarekg.org/ontology/triamcinolone,"hematologic cancer","Triamcinolone"
http://healthcarekg.org/ontology/migraine,hasSymptom,http://healthcarekg.org/ontology/ophthalmoplegia,"migraine","Ophthalmoplegia"
http://healthcarekg.org/ontology/autistic_disorder,hasSymptom,http://healthcarekg.org/ontology/prosopagnosia,"autistic disorder","Prosopagnosia"
http://healthcarekg.org/ontology/alzheimer_s_disease,hasSymptom,http://healthcarekg.org/ontology/myoclonus,"Alzheimer's disease","Myoclonus"
http://healthcarekg.org/ontology/anemia,hasSymptom,http://healthcarekg.org/ontology/birth_weight,"anemia","Birth Weight"
http://healthcarekg.org/ontology/germ_cell_cancer,hasSymptom,http://healthcarekg.org/ontology/vertigo,"germ cell cancer","Vertigo"
http://healthcarekg.org/ontology/germ_cell_cancer,hasSymptom,http://healthcarekg.org/ontology/myoclonus,"germ cell cancer","Myoclonus"
http://healthcarekg.org/ontology/paget_s_disease_of_bone,treatedBy,http://healthcarekg.org/ontology/pamidronate,"Paget's disease of bone","Pamidronate"
http://healthcarekg.org/ontology/brain_cancer,hasSymptom,http://healthcarekg.org/ontology/hyperoxia,"brain cancer","Hyperoxia"
http://healthcarekg.org/ontology/behcet_s_disease,hasSymptom,http://healthcarekg.org/ontology/fever_of_unknown_origin,"Behcet's disease","Fever of Unknown Origin"
http://healthcarekg.org/ontology/sarcoma,hasSymptom,http://healthcarekg.org/ontology/cachexia,"sarcoma","Cachexia"
http://healthcarekg.org/ontology/retroperitoneal_cancer,hasSymptom,http://healthcarekg.org/ontology/sciatica,"retroperitoneal cancer","Sciatica"
http://healthcarekg.org/ontology/epilepsy_syndrome,hasSymptom,http://healthcarekg.org/ontology/lethargy,"epilepsy syndrome","Lethargy"
http://healthcarekg.org/ontology/lung_cancer,hasSymptom,http://healthcarekg.org/ontology/cachexia,"lung cancer","Cachexia"
http://healthcarekg.org/ontology/stomach_cancer,hasSymptom,http://healthcarekg.org/ontology/hiccup,"stomach cancer","Hiccup"
http://healthcarekg.org/ontology/peripheral_nervous_system_neoplasm,hasSymptom,http://healthcarekg.org/ontology/sciatica,"peripheral nervous system neoplasm","Sciatica"
http://healthcarekg.org/ontology/epilepsy_syndrome,hasSymptom,http://healthcarekg.org/ontology/somnambulism,"epilepsy syndrome","Somnambulism"
http://healthcarekg.org/ontology/systemic_scleroderma,hasSymptom,http://healthcarekg.org/ontology/dyspepsia,"systemic scleroderma","Dyspepsia"
http://healthcarekg.org/ontology/hypothyroidism,hasSymptom,http://healthcarekg.org/ontology/neurologic_manifestations,"hypothyroidism","Neurologic Manifestations"
http://healthcarekg.org/ontology/cleft_lip,hasSymptom,http://healthcarekg.org/ontology/articulation_disorders,"cleft lip","Articulation Disorders"
http://healthcarekg.org/ontology/acquired_immunodeficiency_syndrome,hasSymptom,http://healthcarekg.org/ontology/pain,"acquired immunodeficiency syndrome","Pain"
http://healthcarekg.org/ontology/germ_cell_cancer,hasSymptom,http://healthcarekg.org/ontology/hydrops_fetalis,"germ cell cancer","Hydrops Fetalis"
http://healthcarekg.org/ontology/vascular_cancer,hasSymptom,http://healthcarekg.org/ontology/chest_pain,"vascular cancer","Chest Pain"
http://healthcarekg.org/ontology/head_and_neck_cancer,hasSymptom,http://healthcarekg.org/ontology/cough,"head and neck cancer","Cough"
http://healthcarekg.org/ontology/epilepsy_syndrome,hasSymptom,http://healthcarekg.org/ontology/amnesia,"epilepsy syndrome","Amnesia"
http://healthcarekg.org/ontology/prostate_cancer,hasSymptom,http://healthcarekg.org/ontology/mastodynia,"prostate cancer","Mastodynia"
http://healthcarekg.org/ontology/periodontitis,hasSymptom,http://healthcarekg.org/ontology/halitosis,"periodontitis","Halitosis"
http://healthcarekg.org/ontology/peritoneum_cancer,hasSymptom,http://healthcarekg.org/ontology/flank_pain,"peritoneum cancer","Flank Pain"
http://healthcarekg.org/ontology/germ_cell_cancer,hasSymptom,http://healthcarekg.org/ontology/cerebrospinal_fluid_leak,"germ cell cancer","Cerebrospinal Fluid Leak"
http://healthcarekg.org/ontology/ulcerative_colitis,treatedBy,http://healthcarekg.org/ontology/olsalazine,"ulcerative colitis","Olsalazine"
http://healthcarekg.org/ontology/chronic_obstructive_pulmonary_disease,hasSymptom,http://healthcarekg.org/ontology/sleep_apnea_syndromes,"chronic obstructive pulmonary disease","Sleep Apnea Syndromes"
http://healthcarekg.org/ontology/creutzfeldt_jakob_disease,hasSymptom,http://healthcarekg.org/ontology/aphasia,"Creutzfeldt-Jakob disease","Aphasia"
http://healthcarekg.org/ontology/narcolepsy,hasSymptom,http://healthcarekg.org/ontology/nocturnal_myoclonus_syndrome,"Narcolepsy","Nocturnal Myoclonus Syndrome"
http://healthcarekg.org/ontology/refractive_error,hasSymptom,http://healthcarekg.org/ontology/scotoma,"refractive error","Scotoma"
http://healthcarekg.org/ontology/germ_cell_cancer,hasSymptom,http://healthcarekg.org/ontology/paralysis,"germ cell cancer","Paralysis"
http://healthcarekg.org/ontology/metabolic_syndrome_x,hasSymptom,http://healthcarekg.org/ontology/obesity_abdominal,"metabolic syndrome X","Obesity, Abdominal"
http://healthcarekg.org/ontology/anemia,hasSymptom,http://healthcarekg.org/ontology/asthenia,"anemia","Asthenia"
http://healthcarekg.org/ontology/stomach_cancer,treatedBy,http://healthcarekg.org/ontology/fluorouracil,"stomach cancer","Fluorouracil"
http://healthcarekg.org/ontology/amyotrophic_lateral_sclerosis,treatedBy,http://healthcarekg.org/ontology/riluzole,"amyotrophic lateral sclerosis","Riluzole"
http://healthcarekg.org/ontology/coronary_artery_disease,treatedBy,http://healthcarekg.org/ontology/ramipril,"coronary artery disease","Ramipril"
http://healthcarekg.org/ontology/anemia,hasSymptom,http://healthcarekg.org/ontology/abdominal_pain,"anemia","Abdominal Pain"
http://healthcarekg.org/ontology/narcolepsy,hasSymptom,http://healthcarekg.org/ontology/coffin_lowry_syndrome,"Narcolepsy","Coffin-Lowry Syndrome"
http://healthcarekg.org/ontology/bone_cancer,hasSymptom,http://healthcarekg.org/ontology/torticollis,"bone cancer","Torticollis"
http://healthcarekg.org/ontology/breast_cancer,hasSymptom,http://healthcarekg.org/ontology/mastodynia,"breast cancer","Mastodynia"
http://healthcarekg.org/ontology/malaria,hasSymptom,http://healthcarekg.org/ontology/cerebellar_ataxia,"malaria","Cerebellar Ataxia"
http://healthcarekg.org/ontology/pharynx_cancer,hasSymptom,http://healthcarekg.org/ontology/oral_hemorrhage,"pharynx cancer","Oral Hemorrhage"
http://healthcarekg.org/ontology/asthma,treatedBy,http://healthcarekg.org/ontology/terbutaline,"asthma","Terbutaline"
http://healthcarekg.org/ontology/urinary_bladder_cancer,hasSymptom,http://healthcarekg.org/ontology/urinary_incontinence,"urinary bladder cancer","Urinary Incontinence"
http://healthcarekg.org/ontology/osteoarthritis,hasSymptom,http://healthcarekg.org/ontology/acute_pain,"osteoarthritis","Acute Pain"
http://healthcarekg.org/ontology/rheumatoid_arthritis,hasSymptom,http://healthcarekg.org/ontology/neck_pain,"rheumatoid arthritis","Neck Pain"
http://healthcarekg.org/ontology/systemic_scleroderma,hasSymptom,http://healthcarekg.org/ontology/neurologic_manifestations,"systemic scleroderma","Neurologic Manifestations"
http://healthcarekg.org/ontology/primary_biliary_cirrhosis,treatedBy,http://healthcarekg.org/ontology/ursodeoxycholic_acid,"primary biliary cirrhosis","Ursodeoxycholic acid"
http://healthcarekg.org/ontology/chronic_kidney_failure,hasSymptom,http://healthcarekg.org/ontology/edema_cardiac,"chronic kidney failure","Edema, Cardiac"
http://healthcarekg.org/ontology/atherosclerosis,hasSymptom,http://healthcarekg.org/ontology/sleep_apnea_obstructive,"atherosclerosis","Sleep Apnea, Obstructive"
http://healthcarekg.org/ontology/narcolepsy,hasSymptom,http://healthcarekg.org/ontology/hallucinations,"Narcolepsy","Hallucinations"
http://healthcarekg.org/ontology/psoriasis,hasSymptom,http://healthcarekg.org/ontology/fever,"psoriasis","Fever"
http://healthcarekg.org/ontology/germ_cell_cancer,hasSymptom,http://healthcarekg.org/ontology/cyanosis,"germ cell cancer","Cyanosis"
http://healthcarekg.org/ontology/hematologic_cancer,treatedBy,http://healthcarekg.org/ontology/nelarabine,"hematologic cancer","Nelarabine"
http://healthcarekg.org/ontology/alcohol_dependence,hasSymptom,http://healthcarekg.org/ontology/gait_ataxia,"alcohol dependence","Gait Ataxia"
http://healthcarekg.org/ontology/head_and_neck_cancer,hasSymptom,http://healthcarekg.org/ontology/facial_paralysis,"head and neck cancer","Facial Paralysis"
http://healthcarekg.org/ontology/mediastinal_cancer,hasSymptom,http://healthcarekg.org/ontology/fever,"mediastinal cancer","Fever"
http://healthcarekg.org/ontology/osteoporosis,hasSymptom,http://healthcarekg.org/ontology/back_pain,"osteoporosis","Back Pain"
http://healthcarekg.org/ontology/nephrolithiasis,hasSymptom,http://healthcarekg.org/ontology/urinoma,"nephrolithiasis","Urinoma"
http://healthcarekg.org/ontology/attention_deficit_hyperactivity_disorder,hasSymptom,http://healthcarekg.org/ontology/auditory_perceptual_disorders,"attention deficit hyperactivity disorder","Auditory Perceptual Disorders"
http://healthcarekg.org/ontology/hypothyroidism,hasSymptom,http://healthcarekg.org/ontology/body_weight,"hypothyroidism","Body Weight"
http://healthcarekg.org/ontology/bipolar_disorder,hasSymptom,http://healthcarekg.org/ontology/weight_gain,"bipolar disorder","Weight Gain"
http://healthcarekg.org/ontology/salivary_gland_cancer,hasSymptom,http://healthcarekg.org/ontology/hypesthesia,"salivary gland cancer","Hypesthesia"
http://healthcarekg.org/ontology/meningioma,hasSymptom,http://healthcarekg.org/ontology/blindness,"meningioma","Blindness"
http://healthcarekg.org/ontology/bone_cancer,hasSymptom,http://healthcarekg.org/ontology/anisocoria,"bone cancer","Anisocoria"
http://healthcarekg.org/ontology/malignant_glioma,hasSymptom,http://healthcarekg.org/ontology/cafe_au_lait_spots,"malignant glioma","Cafe-au-Lait Spots"
http://healthcarekg.org/ontology/abdominal_aortic_aneurysm,hasSymptom,http://healthcarekg.org/ontology/paralysis,"abdominal aortic aneurysm","Paralysis"
http://healthcarekg.org/ontology/alzheimer_s_disease,hasSymptom,http://healthcarekg.org/ontology/learning_disorders,"Alzheimer's disease","Learning Disorders"
http://healthcarekg.org/ontology/skin_cancer,hasSymptom,http://healthcarekg.org/ontology/paraplegia,"skin cancer","Paraplegia"
http://healthcarekg.org/ontology/testicular_cancer,hasSymptom,http://healthcarekg.org/ontology/paresthesia,"testicular cancer","Paresthesia"
http://healthcarekg.org/ontology/multiple_sclerosis,hasSymptom,http://healthcarekg.org/ontology/ageusia,"multiple sclerosis","Ageusia"
http://healthcarekg.org/ontology/adrenal_gland_cancer,hasSymptom,http://healthcarekg.org/ontology/hypotension_orthostatic,"adrenal gland cancer","Hypotension, Orthostatic"
http://healthcarekg.org/ontology/migraine,hasSymptom,http://healthcarekg.org/ontology/pain_intractable,"migraine","Pain, Intractable"
http://healthcarekg.org/ontology/otosclerosis,hasSymptom,http://healthcarekg.org/ontology/deafness,"otosclerosis","Deafness"
http://healthcarekg.org/ontology/brain_cancer,treatedBy,http://healthcarekg.org/ontology/etoposide,"brain cancer","Etoposide"
http://healthcarekg.org/ontology/spinal_cancer,hasSymptom,http://healthcarekg.org/ontology/somatosensory_disorders,"spinal cancer","Somatosensory Disorders"
http://healthcarekg.org/ontology/fuchs_endothelial_dystrophy,hasSymptom,http://healthcarekg.org/ontology/edema,"Fuchs' endothelial dystrophy","Edema"
http://healthcarekg.org/ontology/ankylosing_spondylitis,hasSymptom,http://healthcarekg.org/ontology/hearing_loss_sensorineural,"ankylosing spondylitis","Hearing Loss, Sensorineural"
http://healthcarekg.org/ontology/urinary_bladder_cancer,hasSymptom,http://healthcarekg.org/ontology/lower_urinary_tract_symptoms,"urinary bladder cancer","Lower Urinary Tract Symptoms"
http://healthcarekg.org/ontology/anemia,hasSymptom,http://healthcarekg.org/ontology/dyspepsia,"anemia","Dyspepsia"
http://healthcarekg.org/ontology/osteoarthritis,hasSymptom,http://healthcarekg.org/ontology/nociceptive_pain,"osteoarthritis","Nociceptive Pain"
http://healthcarekg.org/ontology/appendix_cancer,hasSymptom,http://healthcarekg.org/ontology/vomiting,"appendix cancer","Vomiting"
http://healthcarekg.org/ontology/mediastinal_cancer,hasSymptom,http://healthcarekg.org/ontology/vocal_cord_paralysis,"mediastinal cancer","Vocal Cord Paralysis"
http://healthcarekg.org/ontology/creutzfeldt_jakob_disease,hasSymptom,http://healthcarekg.org/ontology/cerebellar_ataxia,"Creutzfeldt-Jakob disease","Cerebellar Ataxia"
http://healthcarekg.org/ontology/schizophrenia,hasSymptom,http://healthcarekg.org/ontology/catatonia,"schizophrenia","Catatonia"
http://healthcarekg.org/ontology/rheumatoid_arthritis,treatedBy,http://healthcarekg.org/ontology/prednisolone,"rheumatoid arthritis","Prednisolone"
http://healthcarekg.org/ontology/ulcerative_colitis,hasSymptom,http://healthcarekg.org/ontology/jaundice,"ulcerative colitis","Jaundice"
http://healthcarekg.org/ontology/peripheral_nervous_system_neoplasm,hasSymptom,http://healthcarekg.org/ontology/cerebrospinal_fluid_rhinorrhea,"peripheral nervous system neoplasm","Cerebrospinal Fluid Rhinorrhea"
http://healthcarekg.org/ontology/refractive_error,hasSymptom,http://healthcarekg.org/ontology/vitreous_hemorrhage,"refractive error","Vitreous Hemorrhage"
http://healthcarekg.org/ontology/peripheral_nervous_system_neoplasm,hasSymptom,http://healthcarekg.org/ontology/hearing_loss_noise_induced,"peripheral nervous system neoplasm","Hearing Loss, Noise-Induced"
http://healthcarekg.org/ontology/epilepsy_syndrome,treatedBy,http://healthcarekg.org/ontology/propofol,"epilepsy syndrome","Propofol"
http://healthcarekg.org/ontology/penile_cancer,hasSymptom,http://healthcarekg.org/ontology/dysuria,"penile cancer","Dysuria"
http://healthcarekg.org/ontology/brain_cancer,hasSymptom,http://healthcarekg.org/ontology/aphasia_broca,"brain cancer","Aphasia, Broca"
http://healthcarekg.org/ontology/melanoma,hasSymptom,http://healthcarekg.org/ontology/cachexia,"melanoma","Cachexia"
http://healthcarekg.org/ontology/systemic_lupus_erythematosus,treatedBy,http://healthcarekg.org/ontology/methotrexate,"systemic lupus erythematosus","Methotrexate"
http://healthcarekg.org/ontology/uterine_cancer,treatedBy,http://healthcarekg.org/ontology/carboplatin,"uterine cancer","Carboplatin"
http://healthcarekg.org/ontology/glaucoma,treatedBy,http://healthcarekg.org/ontology/carteolol,"glaucoma","Carteolol"
http://healthcarekg.org/ontology/schizophrenia,hasSymptom,http://healthcarekg.org/ontology/asthenia,"schizophrenia","Asthenia"
http://healthcarekg.org/ontology/breast_cancer,hasSymptom,http://healthcarekg.org/ontology/birth_weight,"breast cancer","Birth Weight"
http://healthcarekg.org/ontology/migraine,hasSymptom,http://healthcarekg.org/ontology/hyperalgesia,"migraine","Hyperalgesia"
http://healthcarekg.org/ontology/parkinson_s_disease,hasSymptom,http://healthcarekg.org/ontology/psychomotor_disorders,"Parkinson's disease","Psychomotor Disorders"
http://healthcarekg.org/ontology/epilepsy_syndrome,hasSymptom,http://healthcarekg.org/ontology/illusions,"epilepsy syndrome","Illusions"
http://healthcarekg.org/ontology/systemic_lupus_erythematosus,treatedBy,http://healthcarekg.org/ontology/triamcinolone,"systemic lupus erythematosus","Triamcinolone"
http://healthcarekg.org/ontology/leprosy,hasSymptom,http://healthcarekg.org/ontology/vision_disorders,"leprosy","Vision Disorders"
http://healthcarekg.org/ontology/germ_cell_cancer,hasSymptom,http://healthcarekg.org/ontology/vision_low,"germ cell cancer","Vision, Low"
http://healthcarekg.org/ontology/paget_s_disease_of_bone,hasSymptom,http://healthcarekg.org/ontology/presbycusis,"Paget's disease of bone","Presbycusis"
http://healthcarekg.org/ontology/barrett_s_esophagus,hasSymptom,http://healthcarekg.org/ontology/de_lange_syndrome,"Barrett's esophagus","De Lange Syndrome"
http://healthcarekg.org/ontology/alcohol_dependence,hasSymptom,http://healthcarekg.org/ontology/intellectual_disability,"alcohol dependence","Intellectual Disability"
http://healthcarekg.org/ontology/germ_cell_cancer,hasSymptom,http://healthcarekg.org/ontology/urinary_bladder_neurogenic,"germ cell cancer","Urinary Bladder, Neurogenic"
http://healthcarekg.org/ontology/esophageal_cancer,hasSymptom,http://healthcarekg.org/ontology/diarrhea,"esophageal cancer","Diarrhea"
http://healthcarekg.org/ontology/glaucoma,hasSymptom,http://healthcarekg.org/ontology/pseudophakia,"glaucoma","Pseudophakia"
http://healthcarekg.org/ontology/kidney_cancer,hasSymptom,http://healthcarekg.org/ontology/sciatica,"kidney cancer","Sciatica"
http://healthcarekg.org/ontology/rectum_cancer,hasSymptom,http://healthcarekg.org/ontology/vomiting,"rectum cancer","Vomiting"
http://healthcarekg.org/ontology/pancreatic_cancer,hasSymptom,http://healthcarekg.org/ontology/back_pain,"pancreatic cancer","Back Pain"
http://healthcarekg.org/ontology/systemic_lupus_erythematosus,treatedBy,http://healthcarekg.org/ontology/leflunomide,"systemic lupus erythematosus","Leflunomide"
http://healthcarekg.org/ontology/osteoporosis,treatedBy,http://healthcarekg.org/ontology/ergocalciferol,"osteoporosis","Ergocalciferol"
http://healthcarekg.org/ontology/meningioma,hasSymptom,http://healthcarekg.org/ontology/neurologic_manifestations,"meningioma","Neurologic Manifestations"
http://healthcarekg.org/ontology/systemic_scleroderma,hasSymptom,http://healthcarekg.org/ontology/arthralgia,"systemic scleroderma","Arthralgia"
http://healthcarekg.org/ontology/metabolic_syndrome_x,hasSymptom,http://healthcarekg.org/ontology/hypertriglyceridemic_waist,"metabolic syndrome X","Hypertriglyceridemic Waist"
http://healthcarekg.org/ontology/polycystic_ovary_syndrome,hasSymptom,http://healthcarekg.org/ontology/virilism,"polycystic ovary syndrome","Virilism"
http://healthcarekg.org/ontology/type_2_diabetes_mellitus,hasSymptom,http://healthcarekg.org/ontology/weight_loss,"type 2 diabetes mellitus","Weight Loss"
http://healthcarekg.org/ontology/autistic_disorder,hasSymptom,http://healthcarekg.org/ontology/intellectual_disability,"autistic disorder","Intellectual Disability"
http://healthcarekg.org/ontology/germ_cell_cancer,hasSymptom,http://healthcarekg.org/ontology/constipation,"germ cell cancer","Constipation"
http://healthcarekg.org/ontology/cervical_cancer,hasSymptom,http://healthcarekg.org/ontology/edema,"cervical cancer","Edema"
http://healthcarekg.org/ontology/bone_cancer,hasSymptom,http://healthcarekg.org/ontology/vision_disorders,"bone cancer","Vision Disorders"
http://healthcarekg.org/ontology/multiple_sclerosis,hasSymptom,http://healthcarekg.org/ontology/blindness,"multiple sclerosis","Blindness"
http://healthcarekg.org/ontology/malaria,treatedBy,http://healthcarekg.org/ontology/proguanil,"malaria","Proguanil"
http://healthcarekg.org/ontology/hypothyroidism,hasSymptom,http://healthcarekg.org/ontology/edema,"hypothyroidism","Edema"
http://healthcarekg.org/ontology/breast_cancer,hasSymptom,http://healthcarekg.org/ontology/asthenia,"breast cancer","Asthenia"
http://healthcarekg.org/ontology/rheumatoid_arthritis,hasSymptom,http://healthcarekg.org/ontology/dyspepsia,"rheumatoid arthritis","Dyspepsia"
http://healthcarekg.org/ontology/retroperitoneal_cancer,hasSymptom,http://healthcarekg.org/ontology/pain,"retroperitoneal cancer","Pain"
http://healthcarekg.org/ontology/pharynx_cancer,hasSymptom,http://healthcarekg.org/ontology/voice_disorders,"pharynx cancer","Voice Disorders"
http://healthcarekg.org/ontology/lung_cancer,hasSymptom,http://healthcarekg.org/ontology/paresthesia,"lung cancer","Paresthesia"
http://healthcarekg.org/ontology/ulcerative_colitis,hasSymptom,http://healthcarekg.org/ontology/diarrhea_infantile,"ulcerative colitis","Diarrhea, Infantile"
http://healthcarekg.org/ontology/skin_cancer,hasSymptom,http://healthcarekg.org/ontology/pain_postoperative,"skin cancer","Pain, Postoperative"
http://healthcarekg.org/ontology/creutzfeldt_jakob_disease,hasSymptom,http://healthcarekg.org/ontology/sleep_initiation_and_maintenance_disorders,"Creutzfeldt-Jakob disease","Sleep Initiation and Maintenance Disorders"
http://healthcarekg.org/ontology/pancreatic_cancer,hasSymptom,http://healthcarekg.org/ontology/jaundice_obstructive,"pancreatic cancer","Jaundice, Obstructive"
http://healthcarekg.org/ontology/peripheral_nervous_system_neoplasm,hasSymptom,http://healthcarekg.org/ontology/hemifacial_spasm,"peripheral nervous system neoplasm","Hemifacial Spasm"
http://healthcarekg.org/ontology/gilles_de_la_tourette_syndrome,hasSymptom,http://healthcarekg.org/ontology/psychomotor_agitation,"Gilles de la Tourette syndrome","Psychomotor Agitation"
http://healthcarekg.org/ontology/uterine_cancer,hasSymptom,http://healthcarekg.org/ontology/pain_postoperative,"uterine cancer","Pain, Postoperative"
http://healthcarekg.org/ontology/asthma,treatedBy,http://healthcarekg.org/ontology/arformoterol,"asthma","Arformoterol"
http://healthcarekg.org/ontology/migraine,hasSymptom,http://healthcarekg.org/ontology/nausea,"migraine","Nausea"
http://healthcarekg.org/ontology/migraine,hasSymptom,http://healthcarekg.org/ontology/spasm,"migraine","Spasm"
http://healthcarekg.org/ontology/sarcoma,hasSymptom,http://healthcarekg.org/ontology/hoarseness,"sarcoma","Hoarseness"
http://healthcarekg.org/ontology/lung_cancer,hasSymptom,http://healthcarekg.org/ontology/hoarseness,"lung cancer","Hoarseness"
http://healthcarekg.org/ontology/osteoarthritis,hasSymptom,http://healthcarekg.org/ontology/muscular_atrophy,"osteoarthritis","Muscular Atrophy"
http://healthcarekg.org/ontology/cleft_lip,hasSymptom,http://healthcarekg.org/ontology/failure_to_thrive,"cleft lip","Failure to Thrive"
http://healthcarekg.org/ontology/celiac_disease,hasSymptom,http://healthcarekg.org/ontology/tetany,"celiac disease","Tetany"
http://healthcarekg.org/ontology/germ_cell_cancer,hasSymptom,http://healthcarekg.org/ontology/scotoma,"germ cell cancer","Scotoma"
http://healthcarekg.org/ontology/endogenous_depression,hasSymptom,http://healthcarekg.org/ontology/sleep_disorders,"endogenous depression","Sleep Disorders"
http://healthcarekg.org/ontology/esophageal_cancer,hasSymptom,http://healthcarekg.org/ontology/hemoptysis,"esophageal cancer","Hemoptysis"
http://healthcarekg.org/ontology/osteoporosis,treatedBy,http://healthcarekg.org/ontology/risedronate,"osteoporosis","Risedronate"
http://healthcarekg.org/ontology/bone_cancer,hasSymptom,http://healthcarekg.org/ontology/sciatica,"bone cancer","Sciatica"
http://healthcarekg.org/ontology/ureter_cancer,hasSymptom,http://healthcarekg.org/ontology/pain,"ureter cancer","Pain"
http://healthcarekg.org/ontology/obesity,treatedBy,http://healthcarekg.org/ontology/benzphetamine,"Obesity","Benzphetamine"
http://healthcarekg.org/ontology/hepatitis_b,hasSymptom,http://healthcarekg.org/ontology/intellectual_disability,"hepatitis B","Intellectual Disability"
http://healthcarekg.org/ontology/rectum_cancer,hasSymptom,http://healthcarekg.org/ontology/pruritus,"rectum cancer","Pruritus"
http://healthcarekg.org/ontology/intracranial_aneurysm,hasSymptom,http://healthcarekg.org/ontology/anisocoria,"intracranial aneurysm","Anisocoria"
http://healthcarekg.org/ontology/breast_cancer,hasSymptom,http://healthcarekg.org/ontology/fatigue,"breast cancer","Fatigue"
http://healthcarekg.org/ontology/parkinson_s_disease,hasSymptom,http://healthcarekg.org/ontology/prodromal_symptoms,"Parkinson's disease","Prodromal Symptoms"
http://healthcarekg.org/ontology/glaucoma,treatedBy,http://healthcarekg.org/ontology/bimatoprost,"glaucoma","Bimatoprost"
http://healthcarekg.org/ontology/epilepsy_syndrome,treatedBy,http://healthcarekg.org/ontology/felbamate,"epilepsy syndrome","Felbamate"
http://healthcarekg.org/ontology/germ_cell_cancer,hasSymptom,http://healthcarekg.org/ontology/virilism,"germ cell cancer","Virilism"
http://healthcarekg.org/ontology/alopecia_areata,hasSymptom,http://healthcarekg.org/ontology/hearing_disorders,"alopecia areata","Hearing Disorders"
http://healthcarekg.org/ontology/hematologic_cancer,treatedBy,http://healthcarekg.org/ontology/prednisolone,"hematologic cancer","Prednisolone"
http://healthcarekg.org/ontology/type_1_diabetes_mellitus,hasSymptom,http://healthcarekg.org/ontology/down_syndrome,"type 1 diabetes mellitus","Down Syndrome"
http://healthcarekg.org/ontology/sarcoma,treatedBy,http://healthcarekg.org/ontology/thiotepa,"sarcoma","Thiotepa"
http://healthcarekg.org/ontology/vascular_cancer,hasSymptom,http://healthcarekg.org/ontology/systolic_murmurs,"vascular cancer","Systolic Murmurs"
http://healthcarekg.org/ontology/schizophrenia,hasSymptom,http://healthcarekg.org/ontology/learning_disorders,"schizophrenia","Learning Disorders"
http://healthcarekg.org/ontology/systemic_scleroderma,hasSymptom,http://healthcarekg.org/ontology/edema,"systemic scleroderma","Edema"
http://healthcarekg.org/ontology/rheumatoid_arthritis,hasSymptom,http://healthcarekg.org/ontology/neurologic_manifestations,"rheumatoid arthritis","Neurologic Manifestations"
http://healthcarekg.org/ontology/germ_cell_cancer,hasSymptom,http://healthcarekg.org/ontology/diarrhea,"germ cell cancer","Diarrhea"
http://healthcarekg.org/ontology/periodontitis,hasSymptom,http://healthcarekg.org/ontology/birth_weight,"periodontitis","Birth Weight"
http://healthcarekg.org/ontology/skin_cancer,hasSymptom,http://healthcarekg.org/ontology/edema,"skin cancer","Edema"
http://healthcarekg.org/ontology/hematologic_cancer,treatedBy,http://healthcarekg.org/ontology/fludarabine,"hematologic cancer","Fludarabine"
http://healthcarekg.org/ontology/periodontitis,hasSymptom,http://healthcarekg.org/ontology/oral_manifestations,"periodontitis","Oral Manifestations"
http://healthcarekg.org/ontology/sarcoma,hasSymptom,http://healthcarekg.org/ontology/sciatica,"sarcoma","Sciatica"
http://healthcarekg.org/ontology/migraine,hasSymptom,http://healthcarekg.org/ontology/consciousness_disorders,"migraine","Consciousness Disorders"
http://healthcarekg.org/ontology/hematologic_cancer,treatedBy,http://healthcarekg.org/ontology/alitretinoin,"hematologic cancer","Alitretinoin"
http://healthcarekg.org/ontology/obesity,treatedBy,http://healthcarekg.org/ontology/phentermine,"Obesity","Phentermine"
http://healthcarekg.org/ontology/multiple_sclerosis,hasSymptom,http://healthcarekg.org/ontology/neurologic_manifestations,"multiple sclerosis","Neurologic Manifestations"
http://healthcarekg.org/ontology/prostate_cancer,treatedBy,http://healthcarekg.org/ontology/mitoxantrone,"prostate cancer","Mitoxantrone"
http://healthcarekg.org/ontology/ulcerative_colitis,hasSymptom,http://healthcarekg.org/ontology/failure_to_thrive,"ulcerative colitis","Failure to Thrive"
http://healthcarekg.org/ontology/uterine_cancer,hasSymptom,http://healthcarekg.org/ontology/edema,"uterine cancer","Edema"
http://healthcarekg.org/ontology/duodenum_cancer,hasSymptom,http://healthcarekg.org/ontology/diarrhea,"duodenum cancer","Diarrhea"
http://healthcarekg.org/ontology/asthma,hasSymptom,http://healthcarekg.org/ontology/mouth_breathing,"asthma","Mouth Breathing"
http://healthcarekg.org/ontology/parkinson_s_disease,hasSymptom,http://healthcarekg.org/ontology/mobility_limitation,"Parkinson's disease","Mobility Limitation"
http://healthcarekg.org/ontology/pancreatic_cancer,hasSymptom,http://healthcarekg.org/ontology/weight_loss,"pancreatic cancer","Weight Loss"
http://healthcarekg.org/ontology/periodontitis,hasSymptom,http://healthcarekg.org/ontology/toothache,"periodontitis","Toothache"
http://healthcarekg.org/ontology/vaginal_cancer,hasSymptom,http://healthcarekg.org/ontology/psychophysiologic_disorders,"vaginal cancer","Psychophysiologic Disorders"
http://healthcarekg.org/ontology/atherosclerosis,hasSymptom,http://healthcarekg.org/ontology/body_weight,"atherosclerosis","Body Weight"
http://healthcarekg.org/ontology/osteoporosis,hasSymptom,http://healthcarekg.org/ontology/musculoskeletal_pain,"osteoporosis","Musculoskeletal Pain"
http://healthcarekg.org/ontology/lung_cancer,hasSymptom,http://healthcarekg.org/ontology/muscular_atrophy,"lung cancer","Muscular Atrophy"
http://healthcarekg.org/ontology/otosclerosis,hasSymptom,http://healthcarekg.org/ontology/hearing_disorders,"otosclerosis","Hearing Disorders"
http://healthcarekg.org/ontology/obesity,hasSymptom,http://healthcarekg.org/ontology/obesity_abdominal,"Obesity","Obesity, Abdominal"
http://healthcarekg.org/ontology/breast_cancer,treatedBy,http://healthcarekg.org/ontology/mitoxantrone,"breast cancer","Mitoxantrone"
http://healthcarekg.org/ontology/endogenous_depression,hasSymptom,http://healthcarekg.org/ontology/memory_disorders,"endogenous depression","Memory Disorders"
http://healthcarekg.org/ontology/crohn_s_disease,hasSymptom,http://healthcarekg.org/ontology/failure_to_thrive,"Crohn's disease","Failure to Thrive"
http://healthcarekg.org/ontology/brain_cancer,hasSymptom,http://healthcarekg.org/ontology/emaciation,"brain cancer","Emaciation"
http://healthcarekg.org/ontology/endogenous_depression,hasSymptom,http://healthcarekg.org/ontology/headache,"endogenous depression","Headache"
http://healthcarekg.org/ontology/epilepsy_syndrome,treatedBy,http://healthcarekg.org/ontology/lacosamide,"epilepsy syndrome","Lacosamide"
http://healthcarekg.org/ontology/germ_cell_cancer,hasSymptom,http://healthcarekg.org/ontology/hemoptysis,"germ cell cancer","Hemoptysis"
http://healthcarekg.org/ontology/parkinson_s_disease,hasSymptom,http://healthcarekg.org/ontology/gait_apraxia,"Parkinson's disease","Gait Apraxia"
http://healthcarekg.org/ontology/obesity,treatedBy,http://healthcarekg.org/ontology/diethylpropion,"Obesity","Diethylpropion"
http://healthcarekg.org/ontology/ulcerative_colitis,hasSymptom,http://healthcarekg.org/ontology/purpura,"ulcerative colitis","Purpura"
http://healthcarekg.org/ontology/multiple_sclerosis,hasSymptom,http://healthcarekg.org/ontology/neurogenic_inflammation,"multiple sclerosis","Neurogenic Inflammation"
http://healthcarekg.org/ontology/brain_cancer,hasSymptom,http://healthcarekg.org/ontology/cachexia,"brain cancer","Cachexia"
http://healthcarekg.org/ontology/germ_cell_cancer,hasSymptom,http://healthcarekg.org/ontology/sensation_disorders,"germ cell cancer","Sensation Disorders"
http://healthcarekg.org/ontology/rheumatoid_arthritis,hasSymptom,http://healthcarekg.org/ontology/purpura_hyperglobulinemic,"rheumatoid arthritis","Purpura, Hyperglobulinemic"
http://healthcarekg.org/ontology/intracranial_aneurysm,hasSymptom,http://healthcarekg.org/ontology/vision_disorders,"intracranial aneurysm","Vision Disorders"
http://healthcarekg.org/ontology/obesity,hasSymptom,http://healthcarekg.org/ontology/obesity_hypoventilation_syndrome,"Obesity","Obesity Hypoventilation Syndrome"
http://healthcarekg.org/ontology/endogenous_depression,hasSymptom,http://healthcarekg.org/ontology/delirium,"endogenous depression","Delirium"
http://healthcarekg.org/ontology/narcolepsy,hasSymptom,http://healthcarekg.org/ontology/obesity_hypoventilation_syndrome,"Narcolepsy","Obesity Hypoventilation Syndrome"
http://healthcarekg.org/ontology/ankylosing_spondylitis,hasSymptom,http://healthcarekg.org/ontology/vertigo,"ankylosing spondylitis","Vertigo"
http://healthcarekg.org/ontology/spinal_cancer,hasSymptom,http://healthcarekg.org/ontology/muscle_spasticity,"spinal cancer","Muscle Spasticity"
http://healthcarekg.org/ontology/testicular_cancer,treatedBy,http://healthcarekg.org/ontology/vinblastine,"testicular cancer","Vinblastine"
http://healthcarekg.org/ontology/ocular_cancer,hasSymptom,http://healthcarekg.org/ontology/usher_syndromes,"ocular cancer","Usher Syndromes"
http://healthcarekg.org/ontology/polycystic_ovary_syndrome,hasSymptom,http://healthcarekg.org/ontology/overweight,"polycystic ovary syndrome","Overweight"
http://healthcarekg.org/ontology/germ_cell_cancer,hasSymptom,http://healthcarekg.org/ontology/vitreous_hemorrhage,"germ cell cancer","Vitreous Hemorrhage"
http://healthcarekg.org/ontology/sarcoma,hasSymptom,http://healthcarekg.org/ontology/purpura,"sarcoma","Purpura"
http://healthcarekg.org/ontology/spinal_cancer,hasSymptom,http://healthcarekg.org/ontology/gait_disorders_neurologic,"spinal cancer","Gait Disorders, Neurologic"
http://healthcarekg.org/ontology/acquired_immunodeficiency_syndrome,hasSymptom,http://healthcarekg.org/ontology/pruritus,"acquired immunodeficiency syndrome","Pruritus"
http://healthcarekg.org/ontology/multiple_sclerosis,hasSymptom,http://healthcarekg.org/ontology/urinary_bladder_overactive,"multiple sclerosis","Urinary Bladder, Overactive"
http://healthcarekg.org/ontology/degenerative_disc_disease,hasSymptom,http://healthcarekg.org/ontology/back_pain,"degenerative disc disease","Back Pain"
http://healthcarekg.org/ontology/brain_cancer,hasSymptom,http://healthcarekg.org/ontology/aphasia_conduction,"brain cancer","Aphasia, Conduction"
http://healthcarekg.org/ontology/breast_cancer,hasSymptom,http://healthcarekg.org/ontology/hot_flashes,"breast cancer","Hot Flashes"
http://healthcarekg.org/ontology/osteoarthritis,hasSymptom,http://healthcarekg.org/ontology/chronic_pain,"osteoarthritis","Chronic Pain"
http://healthcarekg.org/ontology/melanoma,hasSymptom,http://healthcarekg.org/ontology/vision_disorders,"melanoma","Vision Disorders"
http://healthcarekg.org/ontology/adrenal_gland_cancer,hasSymptom,http://healthcarekg.org/ontology/hirsutism,"adrenal gland cancer","Hirsutism"
http://healthcarekg.org/ontology/kidney_cancer,hasSymptom,http://healthcarekg.org/ontology/pain,"kidney cancer","Pain"
http://healthcarekg.org/ontology/germ_cell_cancer,hasSymptom,http://healthcarekg.org/ontology/hearing_loss_functional,"germ cell cancer","Hearing Loss, Functional"
http://healthcarekg.org/ontology/ovarian_cancer,hasSymptom,http://healthcarekg.org/ontology/fever,"ovarian cancer","Fever"
http://healthcarekg.org/ontology/kidney_cancer,treatedBy,http://healthcarekg.org/ontology/pazopanib,"kidney cancer","Pazopanib"
http://healthcarekg.org/ontology/bone_cancer,hasSymptom,http://healthcarekg.org/ontology/cerebrospinal_fluid_rhinorrhea,"bone cancer","Cerebrospinal Fluid Rhinorrhea"
http://healthcarekg.org/ontology/rheumatoid_arthritis,hasSymptom,http://healthcarekg.org/ontology/arthralgia,"rheumatoid arthritis","Arthralgia"
http://healthcarekg.org/ontology/schizophrenia,hasSymptom,http://healthcarekg.org/ontology/optical_illusions,"schizophrenia","Optical Illusions"
http://healthcarekg.org/ontology/ankylosing_spondylitis,hasSymptom,http://healthcarekg.org/ontology/paralysis,"ankylosing spondylitis","Paralysis"
http://healthcarekg.org/ontology/prostate_cancer,hasSymptom,http://healthcarekg.org/ontology/paraplegia,"prostate cancer","Paraplegia"
http://healthcarekg.org/ontology/gilles_de_la_tourette_syndrome,hasSymptom,http://healthcarekg.org/ontology/aerophagy,"Gilles de la Tourette syndrome","Aerophagy"
http://healthcarekg.org/ontology/vascular_cancer,hasSymptom,http://healthcarekg.org/ontology/cough,"vascular cancer","Cough"
http://healthcarekg.org/ontology/dental_caries,hasSymptom,http://healthcarekg.org/ontology/birth_weight,"dental caries","Birth Weight"
http://healthcarekg.org/ontology/epilepsy_syndrome,hasSymptom,http://healthcarekg.org/ontology/stupor,"epilepsy syndrome","Stupor"
http://healthcarekg.org/ontology/intracranial_aneurysm,hasSymptom,http://healthcarekg.org/ontology/blindness_cortical,"intracranial aneurysm","Blindness, Cortical"
http://healthcarekg.org/ontology/migraine,hasSymptom,http://healthcarekg.org/ontology/aphasia,"migraine","Aphasia"
http://healthcarekg.org/ontology/type_1_diabetes_mellitus,hasSymptom,http://healthcarekg.org/ontology/hearing_loss_high_frequency,"type 1 diabetes mellitus","Hearing Loss, High-Frequency"
http://healthcarekg.org/ontology/parkinson_s_disease,hasSymptom,http://healthcarekg.org/ontology/language_disorders,"Parkinson's disease","Language Disorders"
http://healthcarekg.org/ontology/bone_cancer,hasSymptom,http://healthcarekg.org/ontology/quadriplegia,"bone cancer","Quadriplegia"
http://healthcarekg.org/ontology/glaucoma,hasSymptom,http://healthcarekg.org/ontology/hyphema,"glaucoma","Hyphema"
http://healthcarekg.org/ontology/testicular_cancer,treatedBy,http://healthcarekg.org/ontology/chlorambucil,"testicular cancer","Chlorambucil"
http://healthcarekg.org/ontology/breast_cancer,hasSymptom,http://healthcarekg.org/ontology/anorexia,"breast cancer","Anorexia"
http://healthcarekg.org/ontology/rheumatoid_arthritis,hasSymptom,http://healthcarekg.org/ontology/pain_postoperative,"rheumatoid arthritis","Pain, Postoperative"
http://healthcarekg.org/ontology/brain_cancer,hasSymptom,http://healthcarekg.org/ontology/torticollis,"brain cancer","Torticollis"
http://healthcarekg.org/ontology/osteoarthritis,hasSymptom,http://healthcarekg.org/ontology/pain,"osteoarthritis","Pain"
http://healthcarekg.org/ontology/narcolepsy,hasSymptom,http://healthcarekg.org/ontology/cataplexy,"Narcolepsy","Cataplexy"
http://healthcarekg.org/ontology/alzheimer_s_disease,hasSymptom,http://healthcarekg.org/ontology/sleep_disorders_circadian_rhythm,"Alzheimer's disease","Sleep Disorders, Circadian Rhythm"
http://healthcarekg.org/ontology/vulva_cancer,hasSymptom,http://healthcarekg.org/ontology/urinary_incontinence,"vulva cancer","Urinary Incontinence"
http://healthcarekg.org/ontology/restless_legs_syndrome,hasSymptom,http://healthcarekg.org/ontology/akathisia_drug_induced,"Restless Legs Syndrome","Akathisia, Drug-Induced"
http://healthcarekg.org/ontology/acquired_immunodeficiency_syndrome,treatedBy,http://healthcarekg.org/ontology/nelfinavir,"acquired immunodeficiency syndrome","Nelfinavir"
http://healthcarekg.org/ontology/stomach_cancer,treatedBy,http://healthcarekg.org/ontology/floxuridine,"stomach cancer","Floxuridine"
http://healthcarekg.org/ontology/gilles_de_la_tourette_syndrome,hasSymptom,http://healthcarekg.org/ontology/psychomotor_disorders,"Gilles de la Tourette syndrome","Psychomotor Disorders"
http://healthcarekg.org/ontology/epilepsy_syndrome,hasSymptom,http://healthcarekg.org/ontology/paresis,"epilepsy syndrome","Paresis"
http://healthcarekg.org/ontology/asthma,treatedBy,http://healthcarekg.org/ontology/triamcinolone,"asthma","Triamcinolone"
http://healthcarekg.org/ontology/head_and_neck_cancer,hasSymptom,http://healthcarekg.org/ontology/voice_disorders,"head and neck cancer","Voice Disorders"
http://healthcarekg.org/ontology/parkinson_s_disease,hasSymptom,http://healthcarekg.org/ontology/huntington_disease,"Parkinson's disease","Huntington Disease"
http://healthcarekg.org/ontology/hypertension,hasSymptom,http://healthcarekg.org/ontology/polyuria,"hypertension","Polyuria"
http://healthcarekg.org/ontology/paget_s_disease_of_bone,hasSymptom,http://healthcarekg.org/ontology/low_back_pain,"Paget's disease of bone","Low Back Pain"
http://healthcarekg.org/ontology/atherosclerosis,treatedBy,http://healthcarekg.org/ontology/rosuvastatin,"atherosclerosis","Rosuvastatin"
http://healthcarekg.org/ontology/glaucoma,treatedBy,http://healthcarekg.org/ontology/levobunolol,"glaucoma","Levobunolol"
http://healthcarekg.org/ontology/colon_cancer,treatedBy,http://healthcarekg.org/ontology/capecitabine,"colon cancer","Capecitabine"
http://healthcarekg.org/ontology/coronary_artery_disease,hasSymptom,http://healthcarekg.org/ontology/angina_pectoris,"coronary artery disease","Angina Pectoris"
http://healthcarekg.org/ontology/bone_cancer,hasSymptom,http://healthcarekg.org/ontology/shoulder_pain,"bone cancer","Shoulder Pain"
http://healthcarekg.org/ontology/type_1_diabetes_mellitus,hasSymptom,http://healthcarekg.org/ontology/fetal_macrosomia,"type 1 diabetes mellitus","Fetal Macrosomia"
http://healthcarekg.org/ontology/celiac_disease,hasSymptom,http://healthcarekg.org/ontology/ataxia,"celiac disease","Ataxia"
http://healthcarekg.org/ontology/amyotrophic_lateral_sclerosis,hasSymptom,http://healthcarekg.org/ontology/muscle_weakness,"amyotrophic lateral sclerosis","Muscle Weakness"
http://healthcarekg.org/ontology/chronic_obstructive_pulmonary_disease,hasSymptom,http://healthcarekg.org/ontology/sleep_apnea_central,"chronic obstructive pulmonary disease","Sleep Apnea, Central"
http://healthcarekg.org/ontology/adrenal_gland_cancer,hasSymptom,http://healthcarekg.org/ontology/vomiting,"adrenal gland cancer","Vomiting"
http://healthcarekg.org/ontology/gallbladder_cancer,hasSymptom,http://healthcarekg.org/ontology/fever_of_unknown_origin,"gallbladder cancer","Fever of Unknown Origin"
http://healthcarekg.org/ontology/systemic_lupus_erythematosus,treatedBy,http://healthcarekg.org/ontology/prednisolone,"systemic lupus erythematosus","Prednisolone"
http://healthcarekg.org/ontology/pancreatitis,hasSymptom,http://healthcarekg.org/ontology/purpura_thrombotic_thrombocytopenic,"pancreatitis","Purpura, Thrombotic Thrombocytopenic"
http://healthcarekg.org/ontology/psoriasis,hasSymptom,http://healthcarekg.org/ontology/oral_manifestations,"psoriasis","Oral Manifestations"
http://healthcarekg.org/ontology/malignant_glioma,hasSymptom,http://healthcarekg.org/ontology/facial_paralysis,"malignant glioma","Facial Paralysis"
http://healthcarekg.org/ontology/creutzfeldt_jakob_disease,hasSymptom,http://healthcarekg.org/ontology/insomnia_fatal_familial,"Creutzfeldt-Jakob disease","Insomnia, Fatal Familial"
http://healthcarekg.org/ontology/alopecia_areata,hasSymptom,http://healthcarekg.org/ontology/causalgia,"alopecia areata","Causalgia"
http://healthcarekg.org/ontology/bone_cancer,hasSymptom,http://healthcarekg.org/ontology/pain,"bone cancer","Pain"
http://healthcarekg.org/ontology/dilated_cardiomyopathy,hasSymptom,http://healthcarekg.org/ontology/syncope,"dilated cardiomyopathy","Syncope"
http://healthcarekg.org/ontology/meningioma,hasSymptom,http://healthcarekg.org/ontology/facial_paralysis,"meningioma","Facial Paralysis"
http://healthcarekg.org/ontology/epilepsy_syndrome,hasSymptom,http://healthcarekg.org/ontology/syncope_vasovagal,"epilepsy syndrome","Syncope, Vasovagal"
http://healthcarekg.org/ontology/restless_legs_syndrome,hasSymptom,http://healthcarekg.org/ontology/rem_sleep_behavior_disorder,"Restless Legs Syndrome","REM Sleep Behavior Disorder"
http://healthcarekg.org/ontology/rheumatoid_arthritis,hasSymptom,http://healthcarekg.org/ontology/edema,"rheumatoid arthritis","Edema"
http://healthcarekg.org/ontology/peripheral_nervous_system_neoplasm,hasSymptom,http://healthcarekg.org/ontology/reflex_abnormal,"peripheral nervous system neoplasm","Reflex, Abnormal"
http://healthcarekg.org/ontology/sarcoma,hasSymptom,http://healthcarekg.org/ontology/shoulder_pain,"sarcoma","Shoulder Pain"
http://healthcarekg.org/ontology/amyotrophic_lateral_sclerosis,hasSymptom,http://healthcarekg.org/ontology/prodromal_symptoms,"amyotrophic lateral sclerosis","Prodromal Symptoms"
http://healthcarekg.org/ontology/melanoma,hasSymptom,http://healthcarekg.org/ontology/chills,"melanoma","Chills"
http://healthcarekg.org/ontology/spinal_cancer,hasSymptom,http://healthcarekg.org/ontology/myoclonus,"spinal cancer","Myoclonus"
http://healthcarekg.org/ontology/stomach_cancer,hasSymptom,http://healthcarekg.org/ontology/purpura_thrombocytopenic,"stomach cancer","Purpura, Thrombocytopenic"
http://healthcarekg.org/ontology/mediastinal_cancer,hasSymptom,http://healthcarekg.org/ontology/myoclonus,"mediastinal cancer","Myoclonus"
http://healthcarekg.org/ontology/autistic_disorder,hasSymptom,http://healthcarekg.org/ontology/sleep_disorders,"autistic disorder","Sleep Disorders"
http://healthcarekg.org/ontology/schizophrenia,hasSymptom,http://healthcarekg.org/ontology/sensation_disorders,"schizophrenia","Sensation Disorders"
http://healthcarekg.org/ontology/bile_duct_cancer,hasSymptom,http://healthcarekg.org/ontology/pruritus,"bile duct cancer","Pruritus"
http://healthcarekg.org/ontology/germ_cell_cancer,hasSymptom,http://healthcarekg.org/ontology/ecchymosis,"germ cell cancer","Ecchymosis"
http://healthcarekg.org/ontology/sarcoma,hasSymptom,http://healthcarekg.org/ontology/pain,"sarcoma","Pain"
http://healthcarekg.org/ontology/peripheral_nervous_system_neoplasm,hasSymptom,http://healthcarekg.org/ontology/hypesthesia,"peripheral nervous system neoplasm","Hypesthesia"
http://healthcarekg.org/ontology/lung_cancer,hasSymptom,http://healthcarekg.org/ontology/pain,"lung cancer","Pain"
http://healthcarekg.org/ontology/refractive_error,hasSymptom,http://healthcarekg.org/ontology/torticollis,"refractive error","Torticollis"
http://healthcarekg.org/ontology/crohn_s_disease,hasSymptom,http://healthcarekg.org/ontology/pain,"Crohn's disease","Pain"
http://healthcarekg.org/ontology/prostate_cancer,hasSymptom,http://healthcarekg.org/ontology/pain_postoperative,"prostate cancer","Pain, Postoperative"
http://healthcarekg.org/ontology/autistic_disorder,hasSymptom,http://healthcarekg.org/ontology/somatosensory_disorders,"autistic disorder","Somatosensory Disorders"
http://healthcarekg.org/ontology/dilated_cardiomyopathy,hasSymptom,http://healthcarekg.org/ontology/sleep_apnea_syndromes,"dilated cardiomyopathy","Sleep Apnea Syndromes"
http://healthcarekg.org/ontology/mediastinal_cancer,hasSymptom,http://healthcarekg.org/ontology/hydrops_fetalis,"mediastinal cancer","Hydrops Fetalis"
http://healthcarekg.org/ontology/psoriatic_arthritis,treatedBy,http://healthcarekg.org/ontology/prednisolone,"psoriatic arthritis","Prednisolone"
http://healthcarekg.org/ontology/autistic_disorder,hasSymptom,http://healthcarekg.org/ontology/dyslexia,"autistic disorder","Dyslexia"
http://healthcarekg.org/ontology/brain_cancer,hasSymptom,http://healthcarekg.org/ontology/ataxia,"brain cancer","Ataxia"
http://healthcarekg.org/ontology/amyotrophic_lateral_sclerosis,hasSymptom,http://healthcarekg.org/ontology/vocal_cord_paralysis,"amyotrophic lateral sclerosis","Vocal Cord Paralysis"
http://healthcarekg.org/ontology/vulva_cancer,hasSymptom,http://healthcarekg.org/ontology/pelvic_pain,"vulva cancer","Pelvic Pain"
http://healthcarekg.org/ontology/systemic_scleroderma,treatedBy,http://healthcarekg.org/ontology/captopril,"systemic scleroderma","Captopril"
http://healthcarekg.org/ontology/parkinson_s_disease,hasSymptom,http://healthcarekg.org/ontology/gait_disorders_neurologic,"Parkinson's disease","Gait Disorders, Neurologic"
http://healthcarekg.org/ontology/hepatitis_b,hasSymptom,http://healthcarekg.org/ontology/fever,"hepatitis B","Fever"
http://healthcarekg.org/ontology/prostate_cancer,treatedBy,http://healthcarekg.org/ontology/bicalutamide,"prostate cancer","Bicalutamide"
http://healthcarekg.org/ontology/chronic_kidney_failure,hasSymptom,http://healthcarekg.org/ontology/brain_death,"chronic kidney failure","Brain Death"
http://healthcarekg.org/ontology/mediastinal_cancer,hasSymptom,http://healthcarekg.org/ontology/paralysis,"mediastinal cancer","Paralysis"
http://healthcarekg.org/ontology/malignant_glioma,hasSymptom,http://healthcarekg.org/ontology/back_pain,"malignant glioma","Back Pain"
http://healthcarekg.org/ontology/obesity,hasSymptom,http://healthcarekg.org/ontology/weight_loss,"Obesity","Weight Loss"
http://healthcarekg.org/ontology/bipolar_disorder,hasSymptom,http://healthcarekg.org/ontology/auditory_perceptual_disorders,"bipolar disorder","Auditory Perceptual Disorders"
http://healthcarekg.org/ontology/migraine,hasSymptom,http://healthcarekg.org/ontology/cerebellar_ataxia,"migraine","Cerebellar Ataxia"
http://healthcarekg.org/ontology/germ_cell_cancer,hasSymptom,http://healthcarekg.org/ontology/dizziness,"germ cell cancer","Dizziness"
http://healthcarekg.org/ontology/gout,treatedBy,http://healthcarekg.org/ontology/allopurinol,"gout","Allopurinol"
http://healthcarekg.org/ontology/refractive_error,hasSymptom,http://healthcarekg.org/ontology/pupil_disorders,"refractive error","Pupil Disorders"
http://healthcarekg.org/ontology/osteoporosis,hasSymptom,http://healthcarekg.org/ontology/low_back_pain,"osteoporosis","Low Back Pain"
http://healthcarekg.org/ontology/thyroid_cancer,hasSymptom,http://healthcarekg.org/ontology/dyspnea,"thyroid cancer","Dyspnea"
http://healthcarekg.org/ontology/esophageal_cancer,hasSymptom,http://healthcarekg.org/ontology/cachexia,"esophageal cancer","Cachexia"
http://healthcarekg.org/ontology/ovarian_cancer,treatedBy,http://healthcarekg.org/ontology/melphalan,"ovarian cancer","Melphalan"
http://healthcarekg.org/ontology/alcohol_dependence,hasSymptom,http://healthcarekg.org/ontology/memory_disorders,"alcohol dependence","Memory Disorders"
http://healthcarekg.org/ontology/intracranial_aneurysm,hasSymptom,http://healthcarekg.org/ontology/cerebrospinal_fluid_rhinorrhea,"intracranial aneurysm","Cerebrospinal Fluid Rhinorrhea"
http://healthcarekg.org/ontology/urinary_bladder_cancer,hasSymptom,http://healthcarekg.org/ontology/flatulence,"urinary bladder cancer","Flatulence"
http://healthcarekg.org/ontology/spinal_cancer,hasSymptom,http://healthcarekg.org/ontology/horner_syndrome,"spinal cancer","Horner Syndrome"
http://healthcarekg.org/ontology/glaucoma,treatedBy,http://healthcarekg.org/ontology/apraclonidine,"glaucoma","Apraclonidine"
http://healthcarekg.org/ontology/cervical_cancer,hasSymptom,http://healthcarekg.org/ontology/anoxia,"cervical cancer","Anoxia"
http://healthcarekg.org/ontology/malaria,hasSymptom,http://healthcarekg.org/ontology/pallor,"malaria","Pallor"
http://healthcarekg.org/ontology/allergic_rhinitis,hasSymptom,http://healthcarekg.org/ontology/respiratory_sounds,"allergic rhinitis","Respiratory Sounds"
http://healthcarekg.org/ontology/restless_legs_syndrome,hasSymptom,http://healthcarekg.org/ontology/spinocerebellar_ataxias,"Restless Legs Syndrome","Spinocerebellar Ataxias"
http://healthcarekg.org/ontology/germ_cell_cancer,hasSymptom,http://healthcarekg.org/ontology/facial_pain,"germ cell cancer","Facial Pain"
http://healthcarekg.org/ontology/vascular_cancer,hasSymptom,http://healthcarekg.org/ontology/back_pain,"vascular cancer","Back Pain"
http://healthcarekg.org/ontology/type_2_diabetes_mellitus,hasSymptom,http://healthcarekg.org/ontology/obesity,"type 2 diabetes mellitus","Obesity"
http://healthcarekg.org/ontology/hepatitis_b,hasSymptom,http://healthcarekg.org/ontology/purpura_thrombocytopenic_idiopathic,"hepatitis B","Purpura, Thrombocytopenic, Idiopathic"
http://healthcarekg.org/ontology/intracranial_aneurysm,hasSymptom,http://healthcarekg.org/ontology/quadriplegia,"intracranial aneurysm","Quadriplegia"
http://healthcarekg.org/ontology/intracranial_aneurysm,hasSymptom,http://healthcarekg.org/ontology/meningism,"intracranial aneurysm","Meningism"
http://healthcarekg.org/ontology/breast_cancer,treatedBy,http://healthcarekg.org/ontology/toremifene,"breast cancer","Toremifene"
http://healthcarekg.org/ontology/lung_cancer,hasSymptom,http://healthcarekg.org/ontology/pain_intractable,"lung cancer","Pain, Intractable"
http://healthcarekg.org/ontology/rheumatoid_arthritis,hasSymptom,http://healthcarekg.org/ontology/metatarsalgia,"rheumatoid arthritis","Metatarsalgia"
http://healthcarekg.org/ontology/nicotine_dependence,hasSymptom,http://healthcarekg.org/ontology/sleep_disorders,"nicotine dependence","Sleep Disorders"
http://healthcarekg.org/ontology/peritoneum_cancer,hasSymptom,http://healthcarekg.org/ontology/asthenia,"peritoneum cancer","Asthenia"
http://healthcarekg.org/ontology/peripheral_nervous_system_neoplasm,hasSymptom,http://healthcarekg.org/ontology/hearing_loss_high_frequency,"peripheral nervous system neoplasm","Hearing Loss, High-Frequency"
http://healthcarekg.org/ontology/stomach_cancer,hasSymptom,http://healthcarekg.org/ontology/pain_postoperative,"stomach cancer","Pain, Postoperative"
http://healthcarekg.org/ontology/peritoneum_cancer,hasSymptom,http://healthcarekg.org/ontology/abdominal_pain,"peritoneum cancer","Abdominal Pain"
http://healthcarekg.org/ontology/restless_legs_syndrome,hasSymptom,http://healthcarekg.org/ontology/paresthesia,"Restless Legs Syndrome","Paresthesia"
http://healthcarekg.org/ontology/epilepsy_syndrome,hasSymptom,http://healthcarekg.org/ontology/syncope,"epilepsy syndrome","Syncope"
http://healthcarekg.org/ontology/head_and_neck_cancer,hasSymptom,http://healthcarekg.org/ontology/halitosis,"head and neck cancer","Halitosis"
http://healthcarekg.org/ontology/vaginal_cancer,hasSymptom,http://healthcarekg.org/ontology/urinary_incontinence,"vaginal cancer","Urinary Incontinence"
http://healthcarekg.org/ontology/alcohol_dependence,hasSymptom,http://healthcarekg.org/ontology/delirium,"alcohol dependence","Delirium"
http://healthcarekg.org/ontology/hypothyroidism,hasSymptom,http://healthcarekg.org/ontology/psychomotor_disorders,"hypothyroidism","Psychomotor Disorders"
http://healthcarekg.org/ontology/systemic_lupus_erythematosus,hasSymptom,http://healthcarekg.org/ontology/neurologic_manifestations,"systemic lupus erythematosus","Neurologic Manifestations"
http://healthcarekg.org/ontology/age_related_macular_degeneration,hasSymptom,http://healthcarekg.org/ontology/blindness,"age related macular degeneration","Blindness"
http://healthcarekg.org/ontology/cleft_lip,hasSymptom,http://healthcarekg.org/ontology/oral_hemorrhage,"cleft lip","Oral Hemorrhage"
http://healthcarekg.org/ontology/lung_cancer,hasSymptom,http://healthcarekg.org/ontology/skin_manifestations,"lung cancer","Skin Manifestations"
http://healthcarekg.org/ontology/testicular_cancer,hasSymptom,http://healthcarekg.org/ontology/nausea,"testicular cancer","Nausea"
http://healthcarekg.org/ontology/brain_cancer,hasSymptom,http://healthcarekg.org/ontology/vision_disorders,"brain cancer","Vision Disorders"
http://healthcarekg.org/ontology/peripheral_nervous_system_neoplasm,treatedBy,http://healthcarekg.org/ontology/dacarbazine,"peripheral nervous system neoplasm","Dacarbazine"
http://healthcarekg.org/ontology/multiple_sclerosis,hasSymptom,http://healthcarekg.org/ontology/gait_ataxia,"multiple sclerosis","Gait Ataxia"
http://healthcarekg.org/ontology/hypertension,treatedBy,http://healthcarekg.org/ontology/doxazosin,"hypertension","Doxazosin"
http://healthcarekg.org/ontology/appendix_cancer,hasSymptom,http://healthcarekg.org/ontology/abdomen_acute,"appendix cancer","Abdomen, Acute"
http://healthcarekg.org/ontology/lung_cancer,hasSymptom,http://healthcarekg.org/ontology/vomiting_anticipatory,"lung cancer","Vomiting, Anticipatory"
http://healthcarekg.org/ontology/creutzfeldt_jakob_disease,hasSymptom,http://healthcarekg.org/ontology/primary_progressive_nonfluent_aphasia,"Creutzfeldt-Jakob disease","Primary Progressive Nonfluent Aphasia"
http://healthcarekg.org/ontology/hypertension,hasSymptom,http://healthcarekg.org/ontology/angina_pectoris,"hypertension","Angina Pectoris"
http://healthcarekg.org/ontology/lung_cancer,hasSymptom,http://healthcarekg.org/ontology/hypoventilation,"lung cancer","Hypoventilation"
http://healthcarekg.org/ontology/endogenous_depression,hasSymptom,http://healthcarekg.org/ontology/acute_coronary_syndrome,"endogenous depression","Acute Coronary Syndrome"
http://healthcarekg.org/ontology/endogenous_depression,hasSymptom,http://healthcarekg.org/ontology/confusion,"endogenous depression","Confusion"
http://healthcarekg.org/ontology/refractive_error,hasSymptom,http://healthcarekg.org/ontology/eye_hemorrhage,"refractive error","Eye Hemorrhage"
http://healthcarekg.org/ontology/schizophrenia,hasSymptom,http://healthcarekg.org/ontology/weight_gain,"schizophrenia","Weight Gain"
http://healthcarekg.org/ontology/metabolic_syndrome_x,hasSymptom,http://healthcarekg.org/ontology/prostatism,"metabolic syndrome X","Prostatism"
http://healthcarekg.org/ontology/endogenous_depression,hasSymptom,http://healthcarekg.org/ontology/disorders_of_excessive_somnolence,"endogenous depression","Disorders of Excessive Somnolence"
http://healthcarekg.org/ontology/polycystic_ovary_syndrome,hasSymptom,http://healthcarekg.org/ontology/thinness,"polycystic ovary syndrome","Thinness"
http://healthcarekg.org/ontology/systemic_scleroderma,hasSymptom,http://healthcarekg.org/ontology/eye_manifestations,"systemic scleroderma","Eye Manifestations"
http://healthcarekg.org/ontology/uterine_fibroid,hasSymptom,http://healthcarekg.org/ontology/hematemesis,"uterine fibroid","Hematemesis"
http://healthcarekg.org/ontology/pancreatitis,hasSymptom,http://healthcarekg.org/ontology/jaundice_obstructive,"pancreatitis","Jaundice, Obstructive"
http://healthcarekg.org/ontology/chronic_obstructive_pulmonary_disease,hasSymptom,http://healthcarekg.org/ontology/dyspnea,"chronic obstructive pulmonary disease","Dyspnea"
http://healthcarekg.org/ontology/cleft_lip,hasSymptom,http://healthcarekg.org/ontology/down_syndrome,"cleft lip","Down Syndrome"
http://healthcarekg.org/ontology/skin_cancer,hasSymptom,http://healthcarekg.org/ontology/eye_manifestations,"skin cancer","Eye Manifestations"
http://healthcarekg.org/ontology/liver_cancer,hasSymptom,http://healthcarekg.org/ontology/body_weight,"liver cancer","Body Weight"
http://healthcarekg.org/ontology/head_and_neck_cancer,hasSymptom,http://healthcarekg.org/ontology/hearing_loss_unilateral,"head and neck cancer","Hearing Loss, Unilateral"
http://healthcarekg.org/ontology/parkinson_s_disease,hasSymptom,http://healthcarekg.org/ontology/confusion,"Parkinson's disease","Confusion"
http://healthcarekg.org/ontology/head_and_neck_cancer,hasSymptom,http://healthcarekg.org/ontology/polydipsia,"head and neck cancer","Polydipsia"
http://healthcarekg.org/ontology/migraine,hasSymptom,http://healthcarekg.org/ontology/angina_pectoris_variant,"migraine","Angina Pectoris, Variant"
http://healthcarekg.org/ontology/germ_cell_cancer,hasSymptom,http://healthcarekg.org/ontology/emaciation,"germ cell cancer","Emaciation"
http://healthcarekg.org/ontology/hypertension,treatedBy,http://healthcarekg.org/ontology/spironolactone,"hypertension","Spironolactone"
http://healthcarekg.org/ontology/intracranial_aneurysm,hasSymptom,http://healthcarekg.org/ontology/hemifacial_spasm,"intracranial aneurysm","Hemifacial Spasm"
http://healthcarekg.org/ontology/panic_disorder,hasSymptom,http://healthcarekg.org/ontology/dyspnea,"panic disorder","Dyspnea"
http://healthcarekg.org/ontology/endogenous_depression,hasSymptom,http://healthcarekg.org/ontology/catatonia,"endogenous depression","Catatonia"
http://healthcarekg.org/ontology/stomach_cancer,hasSymptom,http://healthcarekg.org/ontology/edema,"stomach cancer","Edema"
http://healthcarekg.org/ontology/bone_cancer,hasSymptom,http://healthcarekg.org/ontology/oral_hemorrhage,"bone cancer","Oral Hemorrhage"
http://healthcarekg.org/ontology/psoriasis,hasSymptom,http://healthcarekg.org/ontology/pruritus_ani,"psoriasis","Pruritus Ani"
http://healthcarekg.org/ontology/hypothyroidism,hasSymptom,http://healthcarekg.org/ontology/muscle_weakness,"hypothyroidism","Muscle Weakness"
http://healthcarekg.org/ontology/cervical_cancer,hasSymptom,http://healthcarekg.org/ontology/fever,"cervical cancer","Fever"
http://healthcarekg.org/ontology/germ_cell_cancer,hasSymptom,http://healthcarekg.org/ontology/cachexia,"germ cell cancer","Cachexia"
http://healthcarekg.org/ontology/amyotrophic_lateral_sclerosis,hasSymptom,http://healthcarekg.org/ontology/language_disorders,"amyotrophic lateral sclerosis","Language Disorders"
http://healthcarekg.org/ontology/uterine_cancer,hasSymptom,http://healthcarekg.org/ontology/anoxia,"uterine cancer","Anoxia"
http://healthcarekg.org/ontology/fuchs_endothelial_dystrophy,hasSymptom,http://healthcarekg.org/ontology/mobility_limitation,"Fuchs' endothelial dystrophy","Mobility Limitation"
http://healthcarekg.org/ontology/hypothyroidism,hasSymptom,http://healthcarekg.org/ontology/polyuria,"hypothyroidism","Polyuria"
http://healthcarekg.org/ontology/epilepsy_syndrome,hasSymptom,http://healthcarekg.org/ontology/pseudobulbar_palsy,"epilepsy syndrome","Pseudobulbar Palsy"
http://healthcarekg.org/ontology/kidney_cancer,treatedBy,http://healthcarekg.org/ontology/sunitinib,"kidney cancer","Sunitinib"
http://healthcarekg.org/ontology/coronary_artery_disease,treatedBy,http://healthcarekg.org/ontology/penbutolol,"coronary artery disease","Penbutolol"
http://healthcarekg.org/ontology/epilepsy_syndrome,hasSymptom,http://healthcarekg.org/ontology/catalepsy,"epilepsy syndrome","Catalepsy"
http://healthcarekg.org/ontology/amyotrophic_lateral_sclerosis,hasSymptom,http://healthcarekg.org/ontology/pseudobulbar_palsy,"amyotrophic lateral sclerosis","Pseudobulbar Palsy"
http://healthcarekg.org/ontology/systemic_lupus_erythematosus,hasSymptom,http://healthcarekg.org/ontology/purpura_hyperglobulinemic,"systemic lupus erythematosus","Purpura, Hyperglobulinemic"
http://healthcarekg.org/ontology/multiple_sclerosis,hasSymptom,http://healthcarekg.org/ontology/respiratory_paralysis,"multiple sclerosis","Respiratory Paralysis"
http://healthcarekg.org/ontology/liver_cancer,hasSymptom,http://healthcarekg.org/ontology/pain_postoperative,"liver cancer","Pain, Postoperative"
http://healthcarekg.org/ontology/refractive_error,hasSymptom,http://healthcarekg.org/ontology/vision_disorders,"refractive error","Vision Disorders"
http://healthcarekg.org/ontology/amyotrophic_lateral_sclerosis,hasSymptom,http://healthcarekg.org/ontology/huntington_disease,"amyotrophic lateral sclerosis","Huntington Disease"
http://healthcarekg.org/ontology/stomach_cancer,treatedBy,http://healthcarekg.org/ontology/doxorubicin,"stomach cancer","Doxorubicin"
http://healthcarekg.org/ontology/gallbladder_cancer,hasSymptom,http://healthcarekg.org/ontology/jaundice,"gallbladder cancer","Jaundice"
http://healthcarekg.org/ontology/paget_s_disease_of_bone,hasSymptom,http://healthcarekg.org/ontology/oral_manifestations,"Paget's disease of bone","Oral Manifestations"
http://healthcarekg.org/ontology/spinal_cancer,hasSymptom,http://healthcarekg.org/ontology/urinary_bladder_neurogenic,"spinal cancer","Urinary Bladder, Neurogenic"
http://healthcarekg.org/ontology/asthma,hasSymptom,http://healthcarekg.org/ontology/dyspnea,"asthma","Dyspnea"
http://healthcarekg.org/ontology/epilepsy_syndrome,treatedBy,http://healthcarekg.org/ontology/midazolam,"epilepsy syndrome","Midazolam"
http://healthcarekg.org/ontology/brain_cancer,hasSymptom,http://healthcarekg.org/ontology/failure_to_thrive,"brain cancer","Failure to Thrive"
http://healthcarekg.org/ontology/gilles_de_la_tourette_syndrome,hasSymptom,http://healthcarekg.org/ontology/language_disorders,"Gilles de la Tourette syndrome","Language Disorders"
http://healthcarekg.org/ontology/uterine_cancer,treatedBy,http://healthcarekg.org/ontology/doxorubicin,"uterine cancer","Doxorubicin"
http://healthcarekg.org/ontology/malaria,hasSymptom,http://healthcarekg.org/ontology/purpura,"malaria","Purpura"
http://healthcarekg.org/ontology/endogenous_depression,hasSymptom,http://healthcarekg.org/ontology/fatigue,"endogenous depression","Fatigue"
http://healthcarekg.org/ontology/head_and_neck_cancer,hasSymptom,http://healthcarekg.org/ontology/heartburn,"head and neck cancer","Heartburn"
http://healthcarekg.org/ontology/paget_s_disease_of_bone,hasSymptom,http://healthcarekg.org/ontology/vertigo,"Paget's disease of bone","Vertigo"
http://healthcarekg.org/ontology/age_related_macular_degeneration,hasSymptom,http://healthcarekg.org/ontology/hallucinations,"age related macular degeneration","Hallucinations"
http://healthcarekg.org/ontology/larynx_cancer,hasSymptom,http://healthcarekg.org/ontology/edema,"larynx cancer","Edema"
http://healthcarekg.org/ontology/alcohol_dependence,hasSymptom,http://healthcarekg.org/ontology/unconsciousness,"alcohol dependence","Unconsciousness"
http://healthcarekg.org/ontology/type_1_diabetes_mellitus,hasSymptom,http://healthcarekg.org/ontology/gingival_hemorrhage,"type 1 diabetes mellitus","Gingival Hemorrhage"
http://healthcarekg.org/ontology/abdominal_aortic_aneurysm,hasSymptom,http://healthcarekg.org/ontology/fever_of_unknown_origin,"abdominal aortic aneurysm","Fever of Unknown Origin"
http://healthcarekg.org/ontology/epilepsy_syndrome,treatedBy,http://healthcarekg.org/ontology/phenobarbital,"epilepsy syndrome","Phenobarbital"
http://healthcarekg.org/ontology/systemic_scleroderma,hasSymptom,http://healthcarekg.org/ontology/muscle_weakness,"systemic scleroderma","Muscle Weakness"
http://healthcarekg.org/ontology/restless_legs_syndrome,hasSymptom,http://healthcarekg.org/ontology/sleep_apnea_syndromes,"Restless Legs Syndrome","Sleep Apnea Syndromes"
http://healthcarekg.org/ontology/gilles_de_la_tourette_syndrome,hasSymptom,http://healthcarekg.org/ontology/huntington_disease,"Gilles de la Tourette syndrome","Huntington Disease"
http://healthcarekg.org/ontology/acquired_immunodeficiency_syndrome,treatedBy,http://healthcarekg.org/ontology/didanosine,"acquired immunodeficiency syndrome","Didanosine"
http://healthcarekg.org/ontology/chronic_kidney_failure,hasSymptom,http://healthcarekg.org/ontology/angina_unstable,"chronic kidney failure","Angina, Unstable"
http://healthcarekg.org/ontology/osteoporosis,treatedBy,http://healthcarekg.org/ontology/etidronic_acid,"osteoporosis","Etidronic acid"
http://healthcarekg.org/ontology/kidney_cancer,treatedBy,http://healthcarekg.org/ontology/paclitaxel,"kidney cancer","Paclitaxel"
http://healthcarekg.org/ontology/systemic_lupus_erythematosus,hasSymptom,http://healthcarekg.org/ontology/arthralgia,"systemic lupus erythematosus","Arthralgia"
http://healthcarekg.org/ontology/skin_cancer,hasSymptom,http://healthcarekg.org/ontology/fever,"skin cancer","Fever"
http://healthcarekg.org/ontology/germ_cell_cancer,hasSymptom,http://healthcarekg.org/ontology/torticollis,"germ cell cancer","Torticollis"
http://healthcarekg.org/ontology/intracranial_aneurysm,hasSymptom,http://healthcarekg.org/ontology/persistent_vegetative_state,"intracranial aneurysm","Persistent Vegetative State"
http://healthcarekg.org/ontology/thoracic_aortic_aneurysm,hasSymptom,http://healthcarekg.org/ontology/paraplegia,"thoracic aortic aneurysm","Paraplegia"
http://healthcarekg.org/ontology/psoriasis,treatedBy,http://healthcarekg.org/ontology/hydrocortisone,"psoriasis","Hydrocortisone"
http://healthcarekg.org/ontology/asthma,treatedBy,http://healthcarekg.org/ontology/prednisolone,"asthma","Prednisolone"
http://healthcarekg.org/ontology/leprosy,hasSymptom,http://healthcarekg.org/ontology/hypesthesia,"leprosy","Hypesthesia"
http://healthcarekg.org/ontology/dental_caries,hasSymptom,http://healthcarekg.org/ontology/body_weight,"dental caries","Body Weight"
http://healthcarekg.org/ontology/kidney_cancer,hasSymptom,http://healthcarekg.org/ontology/wagr_syndrome,"kidney cancer","WAGR Syndrome"
http://healthcarekg.org/ontology/malignant_glioma,hasSymptom,http://healthcarekg.org/ontology/eye_manifestations,"malignant glioma","Eye Manifestations"
http://healthcarekg.org/ontology/narcolepsy,hasSymptom,http://healthcarekg.org/ontology/sleep_disorders,"Narcolepsy","Sleep Disorders"
http://healthcarekg.org/ontology/thyroid_cancer,treatedBy,http://healthcarekg.org/ontology/epirubicin,"thyroid cancer","Epirubicin"
http://healthcarekg.org/ontology/pharynx_cancer,hasSymptom,http://healthcarekg.org/ontology/blindness,"pharynx cancer","Blindness"
http://healthcarekg.org/ontology/pancreatic_cancer,hasSymptom,http://healthcarekg.org/ontology/unconsciousness,"pancreatic cancer","Unconsciousness"
http://healthcarekg.org/ontology/meningioma,hasSymptom,http://healthcarekg.org/ontology/eye_manifestations,"meningioma","Eye Manifestations"
http://healthcarekg.org/ontology/panic_disorder,hasSymptom,http://healthcarekg.org/ontology/sleep_initiation_and_maintenance_disorders,"panic disorder","Sleep Initiation and Maintenance Disorders"
http://healthcarekg.org/ontology/multiple_sclerosis,hasSymptom,http://healthcarekg.org/ontology/muscle_cramp,"multiple sclerosis","Muscle Cramp"
http://healthcarekg.org/ontology/migraine,hasSymptom,http://healthcarekg.org/ontology/amnesia_transient_global,"migraine","Amnesia, Transient Global"
http://healthcarekg.org/ontology/bone_cancer,hasSymptom,http://healthcarekg.org/ontology/hypesthesia,"bone cancer","Hypesthesia"
http://healthcarekg.org/ontology/endogenous_depression,hasSymptom,http://healthcarekg.org/ontology/learning_disorders,"endogenous depression","Learning Disorders"
http://healthcarekg.org/ontology/type_2_diabetes_mellitus,hasSymptom,http://healthcarekg.org/ontology/birth_weight,"type 2 diabetes mellitus","Birth Weight"
http://healthcarekg.org/ontology/breast_cancer,hasSymptom,http://healthcarekg.org/ontology/neuralgia,"breast cancer","Neuralgia"
http://healthcarekg.org/ontology/germ_cell_cancer,hasSymptom,http://healthcarekg.org/ontology/pupil_disorders,"germ cell cancer","Pupil Disorders"
http://healthcarekg.org/ontology/hematologic_cancer,treatedBy,http://healthcarekg.org/ontology/cytarabine,"hematologic cancer","Cytarabine"
http://healthcarekg.org/ontology/psoriasis,hasSymptom,http://healthcarekg.org/ontology/diarrhea,"psoriasis","Diarrhea"
http://healthcarekg.org/ontology/bone_cancer,treatedBy,http://healthcarekg.org/ontology/cisplatin,"bone cancer","Cisplatin"
http://healthcarekg.org/ontology/narcolepsy,hasSymptom,http://healthcarekg.org/ontology/hypersomnolence_idiopathic,"Narcolepsy","Hypersomnolence, Idiopathic"
http://healthcarekg.org/ontology/atherosclerosis,hasSymptom,http://healthcarekg.org/ontology/anoxia,"atherosclerosis","Anoxia"
http://healthcarekg.org/ontology/peritoneum_cancer,hasSymptom,http://healthcarekg.org/ontology/anorexia,"peritoneum cancer","Anorexia"
http://healthcarekg.org/ontology/sarcoma,hasSymptom,http://healthcarekg.org/ontology/hypesthesia,"sarcoma","Hypesthesia"
http://healthcarekg.org/ontology/celiac_disease,hasSymptom,http://healthcarekg.org/ontology/flatulence,"celiac disease","Flatulence"
http://healthcarekg.org/ontology/asthma,hasSymptom,http://healthcarekg.org/ontology/dyspnea_paroxysmal,"asthma","Dyspnea, Paroxysmal"
http://healthcarekg.org/ontology/germ_cell_cancer,hasSymptom,http://healthcarekg.org/ontology/anisocoria,"germ cell cancer","Anisocoria"
http://healthcarekg.org/ontology/brain_cancer,hasSymptom,http://healthcarekg.org/ontology/cerebrospinal_fluid_rhinorrhea,"brain cancer","Cerebrospinal Fluid Rhinorrhea"
http://healthcarekg.org/ontology/esophageal_cancer,hasSymptom,http://healthcarekg.org/ontology/hoarseness,"esophageal cancer","Hoarseness"
http://healthcarekg.org/ontology/systemic_lupus_erythematosus,hasSymptom,http://healthcarekg.org/ontology/edema,"systemic lupus erythematosus","Edema"
http://healthcarekg.org/ontology/meningioma,hasSymptom,http://healthcarekg.org/ontology/hearing_loss_bilateral,"meningioma","Hearing Loss, Bilateral"
http://healthcarekg.org/ontology/psoriatic_arthritis,hasSymptom,http://healthcarekg.org/ontology/back_pain,"psoriatic arthritis","Back Pain"
http://healthcarekg.org/ontology/chronic_kidney_failure,hasSymptom,http://healthcarekg.org/ontology/cardiac_output_high,"chronic kidney failure","Cardiac Output, High"
http://healthcarekg.org/ontology/brain_cancer,hasSymptom,http://healthcarekg.org/ontology/quadriplegia,"brain cancer","Quadriplegia"
http://healthcarekg.org/ontology/lung_cancer,treatedBy,http://healthcarekg.org/ontology/vinblastine,"lung cancer","Vinblastine"
http://healthcarekg.org/ontology/sarcoma,hasSymptom,http://healthcarekg.org/ontology/vomiting,"sarcoma","Vomiting"
http://healthcarekg.org/ontology/brain_cancer,hasSymptom,http://healthcarekg.org/ontology/meningism,"brain cancer","Meningism"
http://healthcarekg.org/ontology/germ_cell_cancer,hasSymptom,http://healthcarekg.org/ontology/ataxia,"germ cell cancer","Ataxia"
http://healthcarekg.org/ontology/schizophrenia,hasSymptom,http://healthcarekg.org/ontology/mutism,"schizophrenia","Mutism"
http://healthcarekg.org/ontology/metabolic_syndrome_x,hasSymptom,http://healthcarekg.org/ontology/acute_coronary_syndrome,"metabolic syndrome X","Acute Coronary Syndrome"
http://healthcarekg.org/ontology/lung_cancer,hasSymptom,http://healthcarekg.org/ontology/vomiting,"lung cancer","Vomiting"
http://healthcarekg.org/ontology/crohn_s_disease,hasSymptom,http://healthcarekg.org/ontology/vomiting,"Crohn's disease","Vomiting"
http://healthcarekg.org/ontology/skin_cancer,treatedBy,http://healthcarekg.org/ontology/imiquimod,"skin cancer","Imiquimod"
http://healthcarekg.org/ontology/hypertension,treatedBy,http://healthcarekg.org/ontology/penbutolol,"hypertension","Penbutolol"
http://healthcarekg.org/ontology/colon_cancer,hasSymptom,http://healthcarekg.org/ontology/flatulence,"colon cancer","Flatulence"
http://healthcarekg.org/ontology/hypothyroidism,hasSymptom,http://healthcarekg.org/ontology/hearing_loss_sensorineural,"hypothyroidism","Hearing Loss, Sensorineural"
http://healthcarekg.org/ontology/parkinson_s_disease,hasSymptom,http://healthcarekg.org/ontology/urinary_bladder_neurogenic,"Parkinson's disease","Urinary Bladder, Neurogenic"
http://healthcarekg.org/ontology/pharynx_cancer,hasSymptom,http://healthcarekg.org/ontology/snoring,"pharynx cancer","Snoring"
http://healthcarekg.org/ontology/ocular_cancer,hasSymptom,http://healthcarekg.org/ontology/down_syndrome,"ocular cancer","Down Syndrome"
http://healthcarekg.org/ontology/glaucoma,treatedBy,http://healthcarekg.org/ontology/acetazolamide,"glaucoma","Acetazolamide"
http://healthcarekg.org/ontology/germ_cell_cancer,hasSymptom,http://healthcarekg.org/ontology/eye_hemorrhage,"germ cell cancer","Eye Hemorrhage"
http://healthcarekg.org/ontology/rheumatoid_arthritis,hasSymptom,http://healthcarekg.org/ontology/eye_manifestations,"rheumatoid arthritis","Eye Manifestations"
http://healthcarekg.org/ontology/ovarian_cancer,hasSymptom,http://healthcarekg.org/ontology/abdominal_pain,"ovarian cancer","Abdominal Pain"
http://healthcarekg.org/ontology/endogenous_depression,hasSymptom,http://healthcarekg.org/ontology/constipation,"endogenous depression","Constipation"
http://healthcarekg.org/ontology/degenerative_disc_disease,hasSymptom,http://healthcarekg.org/ontology/low_back_pain,"degenerative disc disease","Low Back Pain"
http://healthcarekg.org/ontology/kidney_cancer,treatedBy,http://healthcarekg.org/ontology/erlotinib,"kidney cancer","Erlotinib"
http://healthcarekg.org/ontology/uterine_cancer,hasSymptom,http://healthcarekg.org/ontology/postoperative_nausea_and_vomiting,"uterine cancer","Postoperative Nausea and Vomiting"
http://healthcarekg.org/ontology/osteoporosis,hasSymptom,http://healthcarekg.org/ontology/menkes_kinky_hair_syndrome,"osteoporosis","Menkes Kinky Hair Syndrome"
http://healthcarekg.org/ontology/panic_disorder,hasSymptom,http://healthcarekg.org/ontology/bulimia,"panic disorder","Bulimia"
http://healthcarekg.org/ontology/hypertension,treatedBy,http://healthcarekg.org/ontology/metolazone,"hypertension","Metolazone"
http://healthcarekg.org/ontology/prostate_cancer,treatedBy,http://healthcarekg.org/ontology/cabazitaxel,"prostate cancer","Cabazitaxel"
http://healthcarekg.org/ontology/mediastinal_cancer,hasSymptom,http://healthcarekg.org/ontology/hemoptysis,"mediastinal cancer","Hemoptysis"
http://healthcarekg.org/ontology/hematologic_cancer,treatedBy,http://healthcarekg.org/ontology/hydroxyurea,"hematologic cancer","Hydroxyurea"
http://healthcarekg.org/ontology/gestational_diabetes,hasSymptom,http://healthcarekg.org/ontology/birth_weight,"gestational diabetes","Birth Weight"
http://healthcarekg.org/ontology/glaucoma,treatedBy,http://healthcarekg.org/ontology/dipivefrin,"glaucoma","Dipivefrin"
http://healthcarekg.org/ontology/multiple_sclerosis,hasSymptom,http://healthcarekg.org/ontology/eye_manifestations,"multiple sclerosis","Eye Manifestations"
http://healthcarekg.org/ontology/pancreatic_cancer,treatedBy,http://healthcarekg.org/ontology/gemcitabine,"pancreatic cancer","Gemcitabine"
http://healthcarekg.org/ontology/refractive_error,hasSymptom,http://healthcarekg.org/ontology/ophthalmoplegia,"refractive error","Ophthalmoplegia"
http://healthcarekg.org/ontology/germ_cell_cancer,hasSymptom,http://healthcarekg.org/ontology/hyperemesis_gravidarum,"germ cell cancer","Hyperemesis Gravidarum"
http://healthcarekg.org/ontology/spinal_cancer,hasSymptom,http://healthcarekg.org/ontology/sensation_disorders,"spinal cancer","Sensation Disorders"
http://healthcarekg.org/ontology/duodenum_cancer,hasSymptom,http://healthcarekg.org/ontology/jaundice,"duodenum cancer","Jaundice"
http://healthcarekg.org/ontology/hematologic_cancer,treatedBy,http://healthcarekg.org/ontology/teniposide,"hematologic cancer","Teniposide"
http://healthcarekg.org/ontology/schizophrenia,hasSymptom,http://healthcarekg.org/ontology/akathisia_drug_induced,"schizophrenia","Akathisia, Drug-Induced"
http://healthcarekg.org/ontology/psoriasis,hasSymptom,http://healthcarekg.org/ontology/psychophysiologic_disorders,"psoriasis","Psychophysiologic Disorders"
http://healthcarekg.org/ontology/type_2_diabetes_mellitus,treatedBy,http://healthcarekg.org/ontology/glyburide,"type 2 diabetes mellitus","Glyburide"
http://healthcarekg.org/ontology/periodontitis,hasSymptom,http://healthcarekg.org/ontology/facial_pain,"periodontitis","Facial Pain"
http://healthcarekg.org/ontology/germ_cell_cancer,hasSymptom,http://healthcarekg.org/ontology/paresthesia,"germ cell cancer","Paresthesia"
http://healthcarekg.org/ontology/alcohol_dependence,hasSymptom,http://healthcarekg.org/ontology/asthenia,"alcohol dependence","Asthenia"
http://healthcarekg.org/ontology/atopic_dermatitis,treatedBy,http://healthcarekg.org/ontology/hydrocortisone,"atopic dermatitis","Hydrocortisone"
http://healthcarekg.org/ontology/ocular_cancer,hasSymptom,http://healthcarekg.org/ontology/ataxia_telangiectasia,"ocular cancer","Ataxia Telangiectasia"
http://healthcarekg.org/ontology/parkinson_s_disease,hasSymptom,http://healthcarekg.org/ontology/restless_legs_syndrome,"Parkinson's disease","Restless Legs Syndrome"
http://healthcarekg.org/ontology/ovarian_cancer,hasSymptom,http://healthcarekg.org/ontology/fatigue,"ovarian cancer","Fatigue"
http://healthcarekg.org/ontology/iga_glomerulonephritis,hasSymptom,http://healthcarekg.org/ontology/proteinuria,"IgA glomerulonephritis","Proteinuria"
http://healthcarekg.org/ontology/hematologic_cancer,treatedBy,http://healthcarekg.org/ontology/bleomycin,"hematologic cancer","Bleomycin"
http://healthcarekg.org/ontology/paget_s_disease_of_bone,treatedBy,http://healthcarekg.org/ontology/alendronate,"Paget's disease of bone","Alendronate"
http://healthcarekg.org/ontology/acquired_immunodeficiency_syndrome,hasSymptom,http://healthcarekg.org/ontology/blindness,"acquired immunodeficiency syndrome","Blindness"
http://healthcarekg.org/ontology/schizophrenia,hasSymptom,http://healthcarekg.org/ontology/olfaction_disorders,"schizophrenia","Olfaction Disorders"
http://healthcarekg.org/ontology/uterine_fibroid,hasSymptom,http://healthcarekg.org/ontology/chest_pain,"uterine fibroid","Chest Pain"
http://healthcarekg.org/ontology/dilated_cardiomyopathy,hasSymptom,http://healthcarekg.org/ontology/cardiac_output_low,"dilated cardiomyopathy","Cardiac Output, Low"
http://healthcarekg.org/ontology/systemic_scleroderma,hasSymptom,http://healthcarekg.org/ontology/hearing_loss_sensorineural,"systemic scleroderma","Hearing Loss, Sensorineural"
http://healthcarekg.org/ontology/chronic_obstructive_pulmonary_disease,treatedBy,http://healthcarekg.org/ontology/tiotropium,"chronic obstructive pulmonary disease","Tiotropium"
http://healthcarekg.org/ontology/age_related_macular_degeneration,hasSymptom,http://healthcarekg.org/ontology/edema,"age related macular degeneration","Edema"
http://healthcarekg.org/ontology/prostate_cancer,hasSymptom,http://healthcarekg.org/ontology/pelvic_pain,"prostate cancer","Pelvic Pain"
http://healthcarekg.org/ontology/uterine_fibroid,hasSymptom,http://healthcarekg.org/ontology/abdomen_acute,"uterine fibroid","Abdomen, Acute"
http://healthcarekg.org/ontology/germ_cell_cancer,hasSymptom,http://healthcarekg.org/ontology/vision_disorders,"germ cell cancer","Vision Disorders"
http://healthcarekg.org/ontology/type_2_diabetes_mellitus,treatedBy,http://healthcarekg.org/ontology/glimepiride,"type 2 diabetes mellitus","Glimepiride"
http://healthcarekg.org/ontology/colon_cancer,hasSymptom,http://healthcarekg.org/ontology/pain_intractable,"colon cancer","Pain, Intractable"
http://healthcarekg.org/ontology/attention_deficit_hyperactivity_disorder,hasSymptom,http://healthcarekg.org/ontology/agraphia,"attention deficit hyperactivity disorder","Agraphia"
http://healthcarekg.org/ontology/germ_cell_cancer,hasSymptom,http://healthcarekg.org/ontology/diarrhea_infantile,"germ cell cancer","Diarrhea, Infantile"
http://healthcarekg.org/ontology/testicular_cancer,hasSymptom,http://healthcarekg.org/ontology/hematemesis,"testicular cancer","Hematemesis"
http://healthcarekg.org/ontology/obesity,hasSymptom,http://healthcarekg.org/ontology/obesity,"Obesity","Obesity"
http://healthcarekg.org/ontology/stomach_cancer,hasSymptom,http://healthcarekg.org/ontology/weight_loss,"stomach cancer","Weight Loss"
http://healthcarekg.org/ontology/amyotrophic_lateral_sclerosis,hasSymptom,http://healthcarekg.org/ontology/paralysis,"amyotrophic lateral sclerosis","Paralysis"
http://healthcarekg.org/ontology/ocular_cancer,hasSymptom,http://healthcarekg.org/ontology/hyphema,"ocular cancer","Hyphema"
http://healthcarekg.org/ontology/refractive_error,hasSymptom,http://healthcarekg.org/ontology/de_lange_syndrome,"refractive error","De Lange Syndrome"
http://healthcarekg.org/ontology/adrenal_gland_cancer,hasSymptom,http://healthcarekg.org/ontology/abdomen_acute,"adrenal gland cancer","Abdomen, Acute"
http://healthcarekg.org/ontology/pancreatic_cancer,hasSymptom,http://healthcarekg.org/ontology/abdominal_pain,"pancreatic cancer","Abdominal Pain"
http://healthcarekg.org/ontology/thymus_cancer,treatedBy,http://healthcarekg.org/ontology/octreotide,"thymus cancer","Octreotide"
http://healthcarekg.org/ontology/ankylosing_spondylitis,hasSymptom,http://healthcarekg.org/ontology/dizziness,"ankylosing spondylitis","Dizziness"
http://healthcarekg.org/ontology/malaria,hasSymptom,http://healthcarekg.org/ontology/hemoglobinuria,"malaria","Hemoglobinuria"
